2025-08-28T01:45:29: ❌ MongoDB Connection Error: MongooseServerSelectionError: Could not connect to any servers in your MongoDB Atlas cluster. One common reason is that you're trying to access the database from an IP that isn't whitelisted. Make sure your current IP address is on your Atlas cluster's IP whitelist: https://www.mongodb.com/docs/atlas/security-whitelist/
2025-08-28T01:45:29:     at _handleConnectionErrors (/Users/gautamkumar/ST/techreel/backend/node_modules/mongoose/lib/connection.js:816:11)
2025-08-28T01:45:29:     at NativeConnection.openUri (/Users/gautamkumar/ST/techreel/backend/node_modules/mongoose/lib/connection.js:791:11) {
2025-08-28T01:45:29:   reason: TopologyDescription {
2025-08-28T01:45:29:     type: 'ReplicaSetNoPrimary',
2025-08-28T01:45:29:     servers: Map(3) {
2025-08-28T01:45:29:       'courseseek-shard-00-00.slatg.mongodb.net:27017' => [ServerDescription],
2025-08-28T01:45:29:       'courseseek-shard-00-01.slatg.mongodb.net:27017' => [ServerDescription],
2025-08-28T01:45:29:       'courseseek-shard-00-02.slatg.mongodb.net:27017' => [ServerDescription]
2025-08-28T01:45:29:     },
2025-08-28T01:45:29:     stale: false,
2025-08-28T01:45:29:     compatible: true,
2025-08-28T01:45:29:     heartbeatFrequencyMS: 10000,
2025-08-28T01:45:29:     localThresholdMS: 15,
2025-08-28T01:45:29:     setName: 'atlas-iao09c-shard-0',
2025-08-28T01:45:29:     maxElectionId: null,
2025-08-28T01:45:29:     maxSetVersion: null,
2025-08-28T01:45:29:     commonWireVersion: 0,
2025-08-28T01:45:29:     logicalSessionTimeoutMinutes: null
2025-08-28T01:45:29:   },
2025-08-28T01:45:29:   code: undefined
2025-08-28T01:45:29: }
2025-08-28T01:46:03: ❌ MongoDB Connection Error: MongooseServerSelectionError: Could not connect to any servers in your MongoDB Atlas cluster. One common reason is that you're trying to access the database from an IP that isn't whitelisted. Make sure your current IP address is on your Atlas cluster's IP whitelist: https://www.mongodb.com/docs/atlas/security-whitelist/
2025-08-28T01:46:03:     at _handleConnectionErrors (/Users/gautamkumar/ST/techreel/backend/node_modules/mongoose/lib/connection.js:816:11)
2025-08-28T01:46:03:     at NativeConnection.openUri (/Users/gautamkumar/ST/techreel/backend/node_modules/mongoose/lib/connection.js:791:11)
2025-08-28T01:46:03:     at process.processTicksAndRejections (node:internal/process/task_queues:95:5) {
2025-08-28T01:46:03:   reason: TopologyDescription {
2025-08-28T01:46:03:     type: 'ReplicaSetNoPrimary',
2025-08-28T01:46:03:     servers: Map(3) {
2025-08-28T01:46:03:       'courseseek-shard-00-00.slatg.mongodb.net:27017' => [ServerDescription],
2025-08-28T01:46:03:       'courseseek-shard-00-01.slatg.mongodb.net:27017' => [ServerDescription],
2025-08-28T01:46:03:       'courseseek-shard-00-02.slatg.mongodb.net:27017' => [ServerDescription]
2025-08-28T01:46:03:     },
2025-08-28T01:46:03:     stale: false,
2025-08-28T01:46:03:     compatible: true,
2025-08-28T01:46:03:     heartbeatFrequencyMS: 10000,
2025-08-28T01:46:03:     localThresholdMS: 15,
2025-08-28T01:46:03:     setName: 'atlas-iao09c-shard-0',
2025-08-28T01:46:03:     maxElectionId: null,
2025-08-28T01:46:03:     maxSetVersion: null,
2025-08-28T01:46:03:     commonWireVersion: 0,
2025-08-28T01:46:03:     logicalSessionTimeoutMinutes: null
2025-08-28T01:46:03:   },
2025-08-28T01:46:03:   code: undefined
2025-08-28T01:46:03: }
2025-08-28T01:46:37: ❌ MongoDB Connection Error: MongooseServerSelectionError: Could not connect to any servers in your MongoDB Atlas cluster. One common reason is that you're trying to access the database from an IP that isn't whitelisted. Make sure your current IP address is on your Atlas cluster's IP whitelist: https://www.mongodb.com/docs/atlas/security-whitelist/
2025-08-28T01:46:37:     at _handleConnectionErrors (/Users/gautamkumar/ST/techreel/backend/node_modules/mongoose/lib/connection.js:816:11)
2025-08-28T01:46:37:     at NativeConnection.openUri (/Users/gautamkumar/ST/techreel/backend/node_modules/mongoose/lib/connection.js:791:11) {
2025-08-28T01:46:37:   reason: TopologyDescription {
2025-08-28T01:46:37:     type: 'ReplicaSetNoPrimary',
2025-08-28T01:46:37:     servers: Map(3) {
2025-08-28T01:46:37:       'courseseek-shard-00-00.slatg.mongodb.net:27017' => [ServerDescription],
2025-08-28T01:46:37:       'courseseek-shard-00-01.slatg.mongodb.net:27017' => [ServerDescription],
2025-08-28T01:46:37:       'courseseek-shard-00-02.slatg.mongodb.net:27017' => [ServerDescription]
2025-08-28T01:46:37:     },
2025-08-28T01:46:37:     stale: false,
2025-08-28T01:46:37:     compatible: true,
2025-08-28T01:46:37:     heartbeatFrequencyMS: 10000,
2025-08-28T01:46:37:     localThresholdMS: 15,
2025-08-28T01:46:37:     setName: 'atlas-iao09c-shard-0',
2025-08-28T01:46:37:     maxElectionId: null,
2025-08-28T01:46:37:     maxSetVersion: null,
2025-08-28T01:46:37:     commonWireVersion: 0,
2025-08-28T01:46:37:     logicalSessionTimeoutMinutes: null
2025-08-28T01:46:37:   },
2025-08-28T01:46:37:   code: undefined
2025-08-28T01:46:37: }
2025-08-28T01:47:12: ❌ MongoDB Connection Error: MongooseServerSelectionError: Could not connect to any servers in your MongoDB Atlas cluster. One common reason is that you're trying to access the database from an IP that isn't whitelisted. Make sure your current IP address is on your Atlas cluster's IP whitelist: https://www.mongodb.com/docs/atlas/security-whitelist/
2025-08-28T01:47:12:     at _handleConnectionErrors (/Users/gautamkumar/ST/techreel/backend/node_modules/mongoose/lib/connection.js:816:11)
2025-08-28T01:47:12:     at NativeConnection.openUri (/Users/gautamkumar/ST/techreel/backend/node_modules/mongoose/lib/connection.js:791:11) {
2025-08-28T01:47:12:   reason: TopologyDescription {
2025-08-28T01:47:12:     type: 'ReplicaSetNoPrimary',
2025-08-28T01:47:12:     servers: Map(3) {
2025-08-28T01:47:12:       'courseseek-shard-00-00.slatg.mongodb.net:27017' => [ServerDescription],
2025-08-28T01:47:12:       'courseseek-shard-00-01.slatg.mongodb.net:27017' => [ServerDescription],
2025-08-28T01:47:12:       'courseseek-shard-00-02.slatg.mongodb.net:27017' => [ServerDescription]
2025-08-28T01:47:12:     },
2025-08-28T01:47:12:     stale: false,
2025-08-28T01:47:12:     compatible: true,
2025-08-28T01:47:12:     heartbeatFrequencyMS: 10000,
2025-08-28T01:47:12:     localThresholdMS: 15,
2025-08-28T01:47:12:     setName: 'atlas-iao09c-shard-0',
2025-08-28T01:47:12:     maxElectionId: null,
2025-08-28T01:47:12:     maxSetVersion: null,
2025-08-28T01:47:12:     commonWireVersion: 0,
2025-08-28T01:47:12:     logicalSessionTimeoutMinutes: null
2025-08-28T01:47:12:   },
2025-08-28T01:47:12:   code: undefined
2025-08-28T01:47:12: }
2025-08-28T01:47:46: ❌ MongoDB Connection Error: MongooseServerSelectionError: Could not connect to any servers in your MongoDB Atlas cluster. One common reason is that you're trying to access the database from an IP that isn't whitelisted. Make sure your current IP address is on your Atlas cluster's IP whitelist: https://www.mongodb.com/docs/atlas/security-whitelist/
2025-08-28T01:47:46:     at _handleConnectionErrors (/Users/gautamkumar/ST/techreel/backend/node_modules/mongoose/lib/connection.js:816:11)
2025-08-28T01:47:46:     at NativeConnection.openUri (/Users/gautamkumar/ST/techreel/backend/node_modules/mongoose/lib/connection.js:791:11) {
2025-08-28T01:47:46:   reason: TopologyDescription {
2025-08-28T01:47:46:     type: 'ReplicaSetNoPrimary',
2025-08-28T01:47:46:     servers: Map(3) {
2025-08-28T01:47:46:       'courseseek-shard-00-00.slatg.mongodb.net:27017' => [ServerDescription],
2025-08-28T01:47:46:       'courseseek-shard-00-01.slatg.mongodb.net:27017' => [ServerDescription],
2025-08-28T01:47:46:       'courseseek-shard-00-02.slatg.mongodb.net:27017' => [ServerDescription]
2025-08-28T01:47:46:     },
2025-08-28T01:47:46:     stale: false,
2025-08-28T01:47:46:     compatible: true,
2025-08-28T01:47:46:     heartbeatFrequencyMS: 10000,
2025-08-28T01:47:46:     localThresholdMS: 15,
2025-08-28T01:47:46:     setName: 'atlas-iao09c-shard-0',
2025-08-28T01:47:46:     maxElectionId: null,
2025-08-28T01:47:46:     maxSetVersion: null,
2025-08-28T01:47:46:     commonWireVersion: 0,
2025-08-28T01:47:46:     logicalSessionTimeoutMinutes: null
2025-08-28T01:47:46:   },
2025-08-28T01:47:46:   code: undefined
2025-08-28T01:47:46: }
2025-08-28T01:48:20: ❌ MongoDB Connection Error: MongooseServerSelectionError: Could not connect to any servers in your MongoDB Atlas cluster. One common reason is that you're trying to access the database from an IP that isn't whitelisted. Make sure your current IP address is on your Atlas cluster's IP whitelist: https://www.mongodb.com/docs/atlas/security-whitelist/
2025-08-28T01:48:20:     at _handleConnectionErrors (/Users/gautamkumar/ST/techreel/backend/node_modules/mongoose/lib/connection.js:816:11)
2025-08-28T01:48:20:     at NativeConnection.openUri (/Users/gautamkumar/ST/techreel/backend/node_modules/mongoose/lib/connection.js:791:11)
2025-08-28T01:48:20:     at process.processTicksAndRejections (node:internal/process/task_queues:95:5) {
2025-08-28T01:48:20:   reason: TopologyDescription {
2025-08-28T01:48:20:     type: 'ReplicaSetNoPrimary',
2025-08-28T01:48:20:     servers: Map(3) {
2025-08-28T01:48:20:       'courseseek-shard-00-00.slatg.mongodb.net:27017' => [ServerDescription],
2025-08-28T01:48:20:       'courseseek-shard-00-01.slatg.mongodb.net:27017' => [ServerDescription],
2025-08-28T01:48:20:       'courseseek-shard-00-02.slatg.mongodb.net:27017' => [ServerDescription]
2025-08-28T01:48:20:     },
2025-08-28T01:48:20:     stale: false,
2025-08-28T01:48:20:     compatible: true,
2025-08-28T01:48:20:     heartbeatFrequencyMS: 10000,
2025-08-28T01:48:20:     localThresholdMS: 15,
2025-08-28T01:48:20:     setName: 'atlas-iao09c-shard-0',
2025-08-28T01:48:20:     maxElectionId: null,
2025-08-28T01:48:20:     maxSetVersion: null,
2025-08-28T01:48:20:     commonWireVersion: 0,
2025-08-28T01:48:20:     logicalSessionTimeoutMinutes: null
2025-08-28T01:48:20:   },
2025-08-28T01:48:20:   code: undefined
2025-08-28T01:48:20: }
2025-08-28T01:48:55: ❌ MongoDB Connection Error: MongooseServerSelectionError: Could not connect to any servers in your MongoDB Atlas cluster. One common reason is that you're trying to access the database from an IP that isn't whitelisted. Make sure your current IP address is on your Atlas cluster's IP whitelist: https://www.mongodb.com/docs/atlas/security-whitelist/
2025-08-28T01:48:55:     at _handleConnectionErrors (/Users/gautamkumar/ST/techreel/backend/node_modules/mongoose/lib/connection.js:816:11)
2025-08-28T01:48:55:     at NativeConnection.openUri (/Users/gautamkumar/ST/techreel/backend/node_modules/mongoose/lib/connection.js:791:11)
2025-08-28T01:48:55:     at process.processTicksAndRejections (node:internal/process/task_queues:95:5) {
2025-08-28T01:48:55:   reason: TopologyDescription {
2025-08-28T01:48:55:     type: 'ReplicaSetNoPrimary',
2025-08-28T01:48:55:     servers: Map(3) {
2025-08-28T01:48:55:       'courseseek-shard-00-00.slatg.mongodb.net:27017' => [ServerDescription],
2025-08-28T01:48:55:       'courseseek-shard-00-01.slatg.mongodb.net:27017' => [ServerDescription],
2025-08-28T01:48:55:       'courseseek-shard-00-02.slatg.mongodb.net:27017' => [ServerDescription]
2025-08-28T01:48:55:     },
2025-08-28T01:48:55:     stale: false,
2025-08-28T01:48:55:     compatible: true,
2025-08-28T01:48:55:     heartbeatFrequencyMS: 10000,
2025-08-28T01:48:55:     localThresholdMS: 15,
2025-08-28T01:48:55:     setName: 'atlas-iao09c-shard-0',
2025-08-28T01:48:55:     maxElectionId: null,
2025-08-28T01:48:55:     maxSetVersion: null,
2025-08-28T01:48:55:     commonWireVersion: 0,
2025-08-28T01:48:55:     logicalSessionTimeoutMinutes: null
2025-08-28T01:48:55:   },
2025-08-28T01:48:55:   code: undefined
2025-08-28T01:48:55: }
2025-08-28T01:49:29: ❌ MongoDB Connection Error: MongooseServerSelectionError: Could not connect to any servers in your MongoDB Atlas cluster. One common reason is that you're trying to access the database from an IP that isn't whitelisted. Make sure your current IP address is on your Atlas cluster's IP whitelist: https://www.mongodb.com/docs/atlas/security-whitelist/
2025-08-28T01:49:29:     at _handleConnectionErrors (/Users/gautamkumar/ST/techreel/backend/node_modules/mongoose/lib/connection.js:816:11)
2025-08-28T01:49:29:     at NativeConnection.openUri (/Users/gautamkumar/ST/techreel/backend/node_modules/mongoose/lib/connection.js:791:11)
2025-08-28T01:49:29:     at process.processTicksAndRejections (node:internal/process/task_queues:95:5) {
2025-08-28T01:49:29:   reason: TopologyDescription {
2025-08-28T01:49:29:     type: 'ReplicaSetNoPrimary',
2025-08-28T01:49:29:     servers: Map(3) {
2025-08-28T01:49:29:       'courseseek-shard-00-00.slatg.mongodb.net:27017' => [ServerDescription],
2025-08-28T01:49:29:       'courseseek-shard-00-01.slatg.mongodb.net:27017' => [ServerDescription],
2025-08-28T01:49:29:       'courseseek-shard-00-02.slatg.mongodb.net:27017' => [ServerDescription]
2025-08-28T01:49:29:     },
2025-08-28T01:49:29:     stale: false,
2025-08-28T01:49:29:     compatible: true,
2025-08-28T01:49:29:     heartbeatFrequencyMS: 10000,
2025-08-28T01:49:29:     localThresholdMS: 15,
2025-08-28T01:49:29:     setName: 'atlas-iao09c-shard-0',
2025-08-28T01:49:29:     maxElectionId: null,
2025-08-28T01:49:29:     maxSetVersion: null,
2025-08-28T01:49:29:     commonWireVersion: 0,
2025-08-28T01:49:29:     logicalSessionTimeoutMinutes: null
2025-08-28T01:49:29:   },
2025-08-28T01:49:29:   code: undefined
2025-08-28T01:49:29: }
2025-08-28T01:50:03: ❌ MongoDB Connection Error: MongooseServerSelectionError: Could not connect to any servers in your MongoDB Atlas cluster. One common reason is that you're trying to access the database from an IP that isn't whitelisted. Make sure your current IP address is on your Atlas cluster's IP whitelist: https://www.mongodb.com/docs/atlas/security-whitelist/
2025-08-28T01:50:03:     at _handleConnectionErrors (/Users/gautamkumar/ST/techreel/backend/node_modules/mongoose/lib/connection.js:816:11)
2025-08-28T01:50:03:     at NativeConnection.openUri (/Users/gautamkumar/ST/techreel/backend/node_modules/mongoose/lib/connection.js:791:11) {
2025-08-28T01:50:03:   reason: TopologyDescription {
2025-08-28T01:50:03:     type: 'ReplicaSetNoPrimary',
2025-08-28T01:50:03:     servers: Map(3) {
2025-08-28T01:50:03:       'courseseek-shard-00-00.slatg.mongodb.net:27017' => [ServerDescription],
2025-08-28T01:50:03:       'courseseek-shard-00-01.slatg.mongodb.net:27017' => [ServerDescription],
2025-08-28T01:50:03:       'courseseek-shard-00-02.slatg.mongodb.net:27017' => [ServerDescription]
2025-08-28T01:50:03:     },
2025-08-28T01:50:03:     stale: false,
2025-08-28T01:50:03:     compatible: true,
2025-08-28T01:50:03:     heartbeatFrequencyMS: 10000,
2025-08-28T01:50:03:     localThresholdMS: 15,
2025-08-28T01:50:03:     setName: 'atlas-iao09c-shard-0',
2025-08-28T01:50:03:     maxElectionId: null,
2025-08-28T01:50:03:     maxSetVersion: null,
2025-08-28T01:50:03:     commonWireVersion: 0,
2025-08-28T01:50:03:     logicalSessionTimeoutMinutes: null
2025-08-28T01:50:03:   },
2025-08-28T01:50:03:   code: undefined
2025-08-28T01:50:03: }
2025-08-28T01:50:38: ❌ MongoDB Connection Error: MongooseServerSelectionError: Could not connect to any servers in your MongoDB Atlas cluster. One common reason is that you're trying to access the database from an IP that isn't whitelisted. Make sure your current IP address is on your Atlas cluster's IP whitelist: https://www.mongodb.com/docs/atlas/security-whitelist/
2025-08-28T01:50:38:     at _handleConnectionErrors (/Users/gautamkumar/ST/techreel/backend/node_modules/mongoose/lib/connection.js:816:11)
2025-08-28T01:50:38:     at NativeConnection.openUri (/Users/gautamkumar/ST/techreel/backend/node_modules/mongoose/lib/connection.js:791:11)
2025-08-28T01:50:38:     at process.processTicksAndRejections (node:internal/process/task_queues:95:5) {
2025-08-28T01:50:38:   reason: TopologyDescription {
2025-08-28T01:50:38:     type: 'ReplicaSetNoPrimary',
2025-08-28T01:50:38:     servers: Map(3) {
2025-08-28T01:50:38:       'courseseek-shard-00-00.slatg.mongodb.net:27017' => [ServerDescription],
2025-08-28T01:50:38:       'courseseek-shard-00-01.slatg.mongodb.net:27017' => [ServerDescription],
2025-08-28T01:50:38:       'courseseek-shard-00-02.slatg.mongodb.net:27017' => [ServerDescription]
2025-08-28T01:50:38:     },
2025-08-28T01:50:38:     stale: false,
2025-08-28T01:50:38:     compatible: true,
2025-08-28T01:50:38:     heartbeatFrequencyMS: 10000,
2025-08-28T01:50:38:     localThresholdMS: 15,
2025-08-28T01:50:38:     setName: 'atlas-iao09c-shard-0',
2025-08-28T01:50:38:     maxElectionId: null,
2025-08-28T01:50:38:     maxSetVersion: null,
2025-08-28T01:50:38:     commonWireVersion: 0,
2025-08-28T01:50:38:     logicalSessionTimeoutMinutes: null
2025-08-28T01:50:38:   },
2025-08-28T01:50:38:   code: undefined
2025-08-28T01:50:38: }
2025-08-28T01:51:12: ❌ MongoDB Connection Error: MongooseServerSelectionError: Could not connect to any servers in your MongoDB Atlas cluster. One common reason is that you're trying to access the database from an IP that isn't whitelisted. Make sure your current IP address is on your Atlas cluster's IP whitelist: https://www.mongodb.com/docs/atlas/security-whitelist/
2025-08-28T01:51:12:     at _handleConnectionErrors (/Users/gautamkumar/ST/techreel/backend/node_modules/mongoose/lib/connection.js:816:11)
2025-08-28T01:51:12:     at NativeConnection.openUri (/Users/gautamkumar/ST/techreel/backend/node_modules/mongoose/lib/connection.js:791:11)
2025-08-28T01:51:12:     at process.processTicksAndRejections (node:internal/process/task_queues:95:5) {
2025-08-28T01:51:12:   reason: TopologyDescription {
2025-08-28T01:51:12:     type: 'ReplicaSetNoPrimary',
2025-08-28T01:51:12:     servers: Map(3) {
2025-08-28T01:51:12:       'courseseek-shard-00-00.slatg.mongodb.net:27017' => [ServerDescription],
2025-08-28T01:51:12:       'courseseek-shard-00-01.slatg.mongodb.net:27017' => [ServerDescription],
2025-08-28T01:51:12:       'courseseek-shard-00-02.slatg.mongodb.net:27017' => [ServerDescription]
2025-08-28T01:51:12:     },
2025-08-28T01:51:12:     stale: false,
2025-08-28T01:51:12:     compatible: true,
2025-08-28T01:51:12:     heartbeatFrequencyMS: 10000,
2025-08-28T01:51:12:     localThresholdMS: 15,
2025-08-28T01:51:12:     setName: 'atlas-iao09c-shard-0',
2025-08-28T01:51:12:     maxElectionId: null,
2025-08-28T01:51:12:     maxSetVersion: null,
2025-08-28T01:51:12:     commonWireVersion: 0,
2025-08-28T01:51:12:     logicalSessionTimeoutMinutes: null
2025-08-28T01:51:12:   },
2025-08-28T01:51:12:   code: undefined
2025-08-28T01:51:12: }
2025-08-28T01:52:03: ❌ MongoDB Connection Error: MongooseServerSelectionError: Could not connect to any servers in your MongoDB Atlas cluster. One common reason is that you're trying to access the database from an IP that isn't whitelisted. Make sure your current IP address is on your Atlas cluster's IP whitelist: https://www.mongodb.com/docs/atlas/security-whitelist/
2025-08-28T01:52:03:     at _handleConnectionErrors (/Users/gautamkumar/ST/techreel/backend/node_modules/mongoose/lib/connection.js:816:11)
2025-08-28T01:52:03:     at NativeConnection.openUri (/Users/gautamkumar/ST/techreel/backend/node_modules/mongoose/lib/connection.js:791:11)
2025-08-28T01:52:03:     at process.processTicksAndRejections (node:internal/process/task_queues:95:5) {
2025-08-28T01:52:03:   reason: TopologyDescription {
2025-08-28T01:52:03:     type: 'ReplicaSetNoPrimary',
2025-08-28T01:52:03:     servers: Map(3) {
2025-08-28T01:52:03:       'courseseek-shard-00-00.slatg.mongodb.net:27017' => [ServerDescription],
2025-08-28T01:52:03:       'courseseek-shard-00-01.slatg.mongodb.net:27017' => [ServerDescription],
2025-08-28T01:52:03:       'courseseek-shard-00-02.slatg.mongodb.net:27017' => [ServerDescription]
2025-08-28T01:52:03:     },
2025-08-28T01:52:03:     stale: false,
2025-08-28T01:52:03:     compatible: true,
2025-08-28T01:52:03:     heartbeatFrequencyMS: 10000,
2025-08-28T01:52:03:     localThresholdMS: 15,
2025-08-28T01:52:03:     setName: 'atlas-iao09c-shard-0',
2025-08-28T01:52:03:     maxElectionId: null,
2025-08-28T01:52:03:     maxSetVersion: null,
2025-08-28T01:52:03:     commonWireVersion: 0,
2025-08-28T01:52:03:     logicalSessionTimeoutMinutes: null
2025-08-28T01:52:03:   },
2025-08-28T01:52:03:   code: undefined
2025-08-28T01:52:03: }
2025-08-28T01:52:38: ❌ MongoDB Connection Error: MongooseServerSelectionError: Could not connect to any servers in your MongoDB Atlas cluster. One common reason is that you're trying to access the database from an IP that isn't whitelisted. Make sure your current IP address is on your Atlas cluster's IP whitelist: https://www.mongodb.com/docs/atlas/security-whitelist/
2025-08-28T01:52:38:     at _handleConnectionErrors (/Users/gautamkumar/ST/techreel/backend/node_modules/mongoose/lib/connection.js:816:11)
2025-08-28T01:52:38:     at NativeConnection.openUri (/Users/gautamkumar/ST/techreel/backend/node_modules/mongoose/lib/connection.js:791:11)
2025-08-28T01:52:38:     at process.processTicksAndRejections (node:internal/process/task_queues:95:5) {
2025-08-28T01:52:38:   reason: TopologyDescription {
2025-08-28T01:52:38:     type: 'ReplicaSetNoPrimary',
2025-08-28T01:52:38:     servers: Map(3) {
2025-08-28T01:52:38:       'courseseek-shard-00-00.slatg.mongodb.net:27017' => [ServerDescription],
2025-08-28T01:52:38:       'courseseek-shard-00-01.slatg.mongodb.net:27017' => [ServerDescription],
2025-08-28T01:52:38:       'courseseek-shard-00-02.slatg.mongodb.net:27017' => [ServerDescription]
2025-08-28T01:52:38:     },
2025-08-28T01:52:38:     stale: false,
2025-08-28T01:52:38:     compatible: true,
2025-08-28T01:52:38:     heartbeatFrequencyMS: 10000,
2025-08-28T01:52:38:     localThresholdMS: 15,
2025-08-28T01:52:38:     setName: 'atlas-iao09c-shard-0',
2025-08-28T01:52:38:     maxElectionId: null,
2025-08-28T01:52:38:     maxSetVersion: null,
2025-08-28T01:52:38:     commonWireVersion: 0,
2025-08-28T01:52:38:     logicalSessionTimeoutMinutes: null
2025-08-28T01:52:38:   },
2025-08-28T01:52:38:   code: undefined
2025-08-28T01:52:38: }
2025-08-28T01:53:12: ❌ MongoDB Connection Error: MongooseServerSelectionError: Could not connect to any servers in your MongoDB Atlas cluster. One common reason is that you're trying to access the database from an IP that isn't whitelisted. Make sure your current IP address is on your Atlas cluster's IP whitelist: https://www.mongodb.com/docs/atlas/security-whitelist/
2025-08-28T01:53:12:     at _handleConnectionErrors (/Users/gautamkumar/ST/techreel/backend/node_modules/mongoose/lib/connection.js:816:11)
2025-08-28T01:53:12:     at NativeConnection.openUri (/Users/gautamkumar/ST/techreel/backend/node_modules/mongoose/lib/connection.js:791:11) {
2025-08-28T01:53:12:   reason: TopologyDescription {
2025-08-28T01:53:12:     type: 'ReplicaSetNoPrimary',
2025-08-28T01:53:12:     servers: Map(3) {
2025-08-28T01:53:12:       'courseseek-shard-00-00.slatg.mongodb.net:27017' => [ServerDescription],
2025-08-28T01:53:12:       'courseseek-shard-00-01.slatg.mongodb.net:27017' => [ServerDescription],
2025-08-28T01:53:12:       'courseseek-shard-00-02.slatg.mongodb.net:27017' => [ServerDescription]
2025-08-28T01:53:12:     },
2025-08-28T01:53:12:     stale: false,
2025-08-28T01:53:12:     compatible: true,
2025-08-28T01:53:12:     heartbeatFrequencyMS: 10000,
2025-08-28T01:53:12:     localThresholdMS: 15,
2025-08-28T01:53:12:     setName: 'atlas-iao09c-shard-0',
2025-08-28T01:53:12:     maxElectionId: null,
2025-08-28T01:53:12:     maxSetVersion: null,
2025-08-28T01:53:12:     commonWireVersion: 0,
2025-08-28T01:53:12:     logicalSessionTimeoutMinutes: null
2025-08-28T01:53:12:   },
2025-08-28T01:53:12:   code: undefined
2025-08-28T01:53:12: }
2025-08-28T01:53:46: ❌ MongoDB Connection Error: MongooseServerSelectionError: Could not connect to any servers in your MongoDB Atlas cluster. One common reason is that you're trying to access the database from an IP that isn't whitelisted. Make sure your current IP address is on your Atlas cluster's IP whitelist: https://www.mongodb.com/docs/atlas/security-whitelist/
2025-08-28T01:53:46:     at _handleConnectionErrors (/Users/gautamkumar/ST/techreel/backend/node_modules/mongoose/lib/connection.js:816:11)
2025-08-28T01:53:46:     at NativeConnection.openUri (/Users/gautamkumar/ST/techreel/backend/node_modules/mongoose/lib/connection.js:791:11) {
2025-08-28T01:53:46:   reason: TopologyDescription {
2025-08-28T01:53:46:     type: 'ReplicaSetNoPrimary',
2025-08-28T01:53:46:     servers: Map(3) {
2025-08-28T01:53:46:       'courseseek-shard-00-00.slatg.mongodb.net:27017' => [ServerDescription],
2025-08-28T01:53:46:       'courseseek-shard-00-01.slatg.mongodb.net:27017' => [ServerDescription],
2025-08-28T01:53:46:       'courseseek-shard-00-02.slatg.mongodb.net:27017' => [ServerDescription]
2025-08-28T01:53:46:     },
2025-08-28T01:53:46:     stale: false,
2025-08-28T01:53:46:     compatible: true,
2025-08-28T01:53:46:     heartbeatFrequencyMS: 10000,
2025-08-28T01:53:46:     localThresholdMS: 15,
2025-08-28T01:53:46:     setName: 'atlas-iao09c-shard-0',
2025-08-28T01:53:46:     maxElectionId: null,
2025-08-28T01:53:46:     maxSetVersion: null,
2025-08-28T01:53:46:     commonWireVersion: 0,
2025-08-28T01:53:46:     logicalSessionTimeoutMinutes: null
2025-08-28T01:53:46:   },
2025-08-28T01:53:46:   code: undefined
2025-08-28T01:53:46: }
2025-08-29T22:36:09: ❌ Group creation error: Error: Group validation failed: adminId: Cast to ObjectId failed for value "test123" (type string) at path "adminId" because of "BSONError", members.0.user: Cast to ObjectId failed for value "test123" (type string) at path "user" because of "BSONError"
2025-08-29T22:36:09:     at ValidationError.inspect (/Users/gautamkumar/ST/techreel/backend/node_modules/mongoose/lib/error/validation.js:50:26)
2025-08-29T22:36:09:     at formatValue (node:internal/util/inspect:805:19)
2025-08-29T22:36:09:     at inspect (node:internal/util/inspect:364:10)
2025-08-29T22:36:09:     at formatWithOptionsInternal (node:internal/util/inspect:2279:40)
2025-08-29T22:36:09:     at formatWithOptions (node:internal/util/inspect:2141:10)
2025-08-29T22:36:09:     at console.value (node:internal/console/constructor:352:14)
2025-08-29T22:36:09:     at console.warn (node:internal/console/constructor:385:61)
2025-08-29T22:36:09:     at /Users/gautamkumar/ST/techreel/backend/src/routes/groupRoutes.js:30:13
2025-08-29T22:36:09:     at process.processTicksAndRejections (node:internal/process/task_queues:95:5) {
2025-08-29T22:36:09:   errors: {
2025-08-29T22:36:09:     adminId: CastError: Cast to ObjectId failed for value "test123" (type string) at path "adminId" because of "BSONError"
2025-08-29T22:36:09:         at ObjectId.cast (/Users/gautamkumar/ST/techreel/backend/node_modules/mongoose/lib/schema/objectid.js:250:11)
2025-08-29T22:36:09:         at SchemaType.applySetters (/Users/gautamkumar/ST/techreel/backend/node_modules/mongoose/lib/schematype.js:1219:12)
2025-08-29T22:36:09:         at model.$set (/Users/gautamkumar/ST/techreel/backend/node_modules/mongoose/lib/document.js:1422:22)
2025-08-29T22:36:09:         at model.$set (/Users/gautamkumar/ST/techreel/backend/node_modules/mongoose/lib/document.js:1119:16)
2025-08-29T22:36:09:         at model.Document (/Users/gautamkumar/ST/techreel/backend/node_modules/mongoose/lib/document.js:165:12)
2025-08-29T22:36:09:         at model.Model (/Users/gautamkumar/ST/techreel/backend/node_modules/mongoose/lib/model.js:123:12)
2025-08-29T22:36:09:         at new model (/Users/gautamkumar/ST/techreel/backend/node_modules/mongoose/lib/model.js:4758:15)
2025-08-29T22:36:09:         at /Users/gautamkumar/ST/techreel/backend/src/routes/groupRoutes.js:16:22
2025-08-29T22:36:09:         at Layer.handle [as handle_request] (/Users/gautamkumar/ST/techreel/backend/node_modules/express/lib/router/layer.js:95:5)
2025-08-29T22:36:09:         at next (/Users/gautamkumar/ST/techreel/backend/node_modules/express/lib/router/route.js:149:13) {
2025-08-29T22:36:09:       stringValue: '"test123"',
2025-08-29T22:36:09:       messageFormat: undefined,
2025-08-29T22:36:09:       kind: 'ObjectId',
2025-08-29T22:36:09:       value: 'test123',
2025-08-29T22:36:09:       path: 'adminId',
2025-08-29T22:36:09:       reason: BSONError: Argument passed in must be a string of 12 bytes or a string of 24 hex characters or an integer
2025-08-29T22:36:09:           at new ObjectId (/Users/gautamkumar/ST/techreel/backend/node_modules/bson/lib/bson.cjs:2055:23)
2025-08-29T22:36:09:           at castObjectId (/Users/gautamkumar/ST/techreel/backend/node_modules/mongoose/lib/cast/objectid.js:25:12)
2025-08-29T22:36:09:           at ObjectId.cast (/Users/gautamkumar/ST/techreel/backend/node_modules/mongoose/lib/schema/objectid.js:248:12)
2025-08-29T22:36:09:           at SchemaType.applySetters (/Users/gautamkumar/ST/techreel/backend/node_modules/mongoose/lib/schematype.js:1219:12)
2025-08-29T22:36:09:           at model.$set (/Users/gautamkumar/ST/techreel/backend/node_modules/mongoose/lib/document.js:1422:22)
2025-08-29T22:36:09:           at model.$set (/Users/gautamkumar/ST/techreel/backend/node_modules/mongoose/lib/document.js:1119:16)
2025-08-29T22:36:09:           at model.Document (/Users/gautamkumar/ST/techreel/backend/node_modules/mongoose/lib/document.js:165:12)
2025-08-29T22:36:09:           at model.Model (/Users/gautamkumar/ST/techreel/backend/node_modules/mongoose/lib/model.js:123:12)
2025-08-29T22:36:09:           at new model (/Users/gautamkumar/ST/techreel/backend/node_modules/mongoose/lib/model.js:4758:15)
2025-08-29T22:36:09:           at /Users/gautamkumar/ST/techreel/backend/src/routes/groupRoutes.js:16:22,
2025-08-29T22:36:09:       valueType: 'string'
2025-08-29T22:36:09:     },
2025-08-29T22:36:09:     'members.0.user': CastError: Cast to ObjectId failed for value "test123" (type string) at path "user" because of "BSONError"
2025-08-29T22:36:09:         at ObjectId.cast (/Users/gautamkumar/ST/techreel/backend/node_modules/mongoose/lib/schema/objectid.js:250:11)
2025-08-29T22:36:09:         at SchemaType.applySetters (/Users/gautamkumar/ST/techreel/backend/node_modules/mongoose/lib/schematype.js:1219:12)
2025-08-29T22:36:09:         at EmbeddedDocument.$set (/Users/gautamkumar/ST/techreel/backend/node_modules/mongoose/lib/document.js:1422:22)
2025-08-29T22:36:09:         at EmbeddedDocument.$set (/Users/gautamkumar/ST/techreel/backend/node_modules/mongoose/lib/document.js:1119:16)
2025-08-29T22:36:09:         at EmbeddedDocument.Document (/Users/gautamkumar/ST/techreel/backend/node_modules/mongoose/lib/document.js:165:12)
2025-08-29T22:36:09:         at EmbeddedDocument.Subdocument (/Users/gautamkumar/ST/techreel/backend/node_modules/mongoose/lib/types/subdocument.js:34:12)
2025-08-29T22:36:09:         at EmbeddedDocument.ArraySubdocument [as constructor] (/Users/gautamkumar/ST/techreel/backend/node_modules/mongoose/lib/types/ArraySubdocument.js:44:15)
2025-08-29T22:36:09:         at new EmbeddedDocument (/Users/gautamkumar/ST/techreel/backend/node_modules/mongoose/lib/schema/documentarray.js:127:17)
2025-08-29T22:36:09:         at DocumentArrayPath.cast (/Users/gautamkumar/ST/techreel/backend/node_modules/mongoose/lib/schema/documentarray.js:492:22)
2025-08-29T22:36:09:         at SchemaType.applySetters (/Users/gautamkumar/ST/techreel/backend/node_modules/mongoose/lib/schematype.js:1219:12) {
2025-08-29T22:36:09:       stringValue: '"test123"',
2025-08-29T22:36:09:       messageFormat: undefined,
2025-08-29T22:36:09:       kind: 'ObjectId',
2025-08-29T22:36:09:       value: 'test123',
2025-08-29T22:36:09:       path: 'user',
2025-08-29T22:36:09:       reason: BSONError: Argument passed in must be a string of 12 bytes or a string of 24 hex characters or an integer
2025-08-29T22:36:09:           at new ObjectId (/Users/gautamkumar/ST/techreel/backend/node_modules/bson/lib/bson.cjs:2055:23)
2025-08-29T22:36:09:           at castObjectId (/Users/gautamkumar/ST/techreel/backend/node_modules/mongoose/lib/cast/objectid.js:25:12)
2025-08-29T22:36:09:           at ObjectId.cast (/Users/gautamkumar/ST/techreel/backend/node_modules/mongoose/lib/schema/objectid.js:248:12)
2025-08-29T22:36:09:           at SchemaType.applySetters (/Users/gautamkumar/ST/techreel/backend/node_modules/mongoose/lib/schematype.js:1219:12)
2025-08-29T22:36:09:           at EmbeddedDocument.$set (/Users/gautamkumar/ST/techreel/backend/node_modules/mongoose/lib/document.js:1422:22)
2025-08-29T22:36:09:           at EmbeddedDocument.$set (/Users/gautamkumar/ST/techreel/backend/node_modules/mongoose/lib/document.js:1119:16)
2025-08-29T22:36:09:           at EmbeddedDocument.Document (/Users/gautamkumar/ST/techreel/backend/node_modules/mongoose/lib/document.js:165:12)
2025-08-29T22:36:09:           at EmbeddedDocument.Subdocument (/Users/gautamkumar/ST/techreel/backend/node_modules/mongoose/lib/types/subdocument.js:34:12)
2025-08-29T22:36:09:           at EmbeddedDocument.ArraySubdocument [as constructor] (/Users/gautamkumar/ST/techreel/backend/node_modules/mongoose/lib/types/ArraySubdocument.js:44:15)
2025-08-29T22:36:09:           at new EmbeddedDocument (/Users/gautamkumar/ST/techreel/backend/node_modules/mongoose/lib/schema/documentarray.js:127:17),
2025-08-29T22:36:09:       valueType: 'string'
2025-08-29T22:36:09:     }
2025-08-29T22:36:09:   },
2025-08-29T22:36:09:   _message: 'Group validation failed'
2025-08-29T22:36:09: }
2025-09-01T20:35:43: ❌ Error sending join request: TypeError: Cannot read properties of undefined (reading 'toString')
2025-09-01T20:35:43:     at /Users/gautamkumar/ST/techreel/backend/src/routes/groupRoutes.js:82:21
2025-09-01T20:35:43:     at Proxy.some (<anonymous>)
2025-09-01T20:35:43:     at /Users/gautamkumar/ST/techreel/backend/src/routes/groupRoutes.js:81:41
2025-09-01T20:35:43:     at process.processTicksAndRejections (node:internal/process/task_queues:95:5)
2025-09-05T13:05:40: Error: listen EADDRINUSE: address already in use 0.0.0.0:5001
2025-09-05T13:05:40:     at Server.setupListenHandle [as _listen2] (node:net:1817:16)
2025-09-05T13:05:40:     at listenInCluster (node:net:1865:12)
2025-09-05T13:05:40:     at doListen (node:net:2014:7)
2025-09-05T13:05:40:     at process.processTicksAndRejections (node:internal/process/task_queues:83:21) {
2025-09-05T13:05:40:   code: 'EADDRINUSE',
2025-09-05T13:05:40:   errno: -48,
2025-09-05T13:05:40:   syscall: 'listen',
2025-09-05T13:05:40:   address: '0.0.0.0',
2025-09-05T13:05:40:   port: 5001
2025-09-05T13:05:40: }
2025-09-05T13:05:44: Error: listen EADDRINUSE: address already in use 0.0.0.0:5001
2025-09-05T13:05:44:     at Server.setupListenHandle [as _listen2] (node:net:1817:16)
2025-09-05T13:05:44:     at listenInCluster (node:net:1865:12)
2025-09-05T13:05:44:     at doListen (node:net:2014:7)
2025-09-05T13:05:44:     at process.processTicksAndRejections (node:internal/process/task_queues:83:21) {
2025-09-05T13:05:44:   code: 'EADDRINUSE',
2025-09-05T13:05:44:   errno: -48,
2025-09-05T13:05:44:   syscall: 'listen',
2025-09-05T13:05:44:   address: '0.0.0.0',
2025-09-05T13:05:44:   port: 5001
2025-09-05T13:05:44: }
2025-09-05T13:05:48: Error: listen EADDRINUSE: address already in use 0.0.0.0:5001
2025-09-05T13:05:48:     at Server.setupListenHandle [as _listen2] (node:net:1817:16)
2025-09-05T13:05:48:     at listenInCluster (node:net:1865:12)
2025-09-05T13:05:48:     at doListen (node:net:2014:7)
2025-09-05T13:05:48:     at process.processTicksAndRejections (node:internal/process/task_queues:83:21) {
2025-09-05T13:05:48:   code: 'EADDRINUSE',
2025-09-05T13:05:48:   errno: -48,
2025-09-05T13:05:48:   syscall: 'listen',
2025-09-05T13:05:48:   address: '0.0.0.0',
2025-09-05T13:05:48:   port: 5001
2025-09-05T13:05:48: }
2025-09-05T13:05:52: Error: listen EADDRINUSE: address already in use 0.0.0.0:5001
2025-09-05T13:05:52:     at Server.setupListenHandle [as _listen2] (node:net:1817:16)
2025-09-05T13:05:52:     at listenInCluster (node:net:1865:12)
2025-09-05T13:05:52:     at doListen (node:net:2014:7)
2025-09-05T13:05:52:     at process.processTicksAndRejections (node:internal/process/task_queues:83:21) {
2025-09-05T13:05:52:   code: 'EADDRINUSE',
2025-09-05T13:05:52:   errno: -48,
2025-09-05T13:05:52:   syscall: 'listen',
2025-09-05T13:05:52:   address: '0.0.0.0',
2025-09-05T13:05:52:   port: 5001
2025-09-05T13:05:52: }
2025-09-05T13:05:57: Error: listen EADDRINUSE: address already in use 0.0.0.0:5001
2025-09-05T13:05:57:     at Server.setupListenHandle [as _listen2] (node:net:1817:16)
2025-09-05T13:05:57:     at listenInCluster (node:net:1865:12)
2025-09-05T13:05:57:     at doListen (node:net:2014:7)
2025-09-05T13:05:57:     at process.processTicksAndRejections (node:internal/process/task_queues:83:21) {
2025-09-05T13:05:57:   code: 'EADDRINUSE',
2025-09-05T13:05:57:   errno: -48,
2025-09-05T13:05:57:   syscall: 'listen',
2025-09-05T13:05:57:   address: '0.0.0.0',
2025-09-05T13:05:57:   port: 5001
2025-09-05T13:05:57: }
2025-09-05T13:06:01: Error: listen EADDRINUSE: address already in use 0.0.0.0:5001
2025-09-05T13:06:01:     at Server.setupListenHandle [as _listen2] (node:net:1817:16)
2025-09-05T13:06:01:     at listenInCluster (node:net:1865:12)
2025-09-05T13:06:01:     at doListen (node:net:2014:7)
2025-09-05T13:06:01:     at process.processTicksAndRejections (node:internal/process/task_queues:83:21) {
2025-09-05T13:06:01:   code: 'EADDRINUSE',
2025-09-05T13:06:01:   errno: -48,
2025-09-05T13:06:01:   syscall: 'listen',
2025-09-05T13:06:01:   address: '0.0.0.0',
2025-09-05T13:06:01:   port: 5001
2025-09-05T13:06:01: }
2025-09-05T13:06:05: Error: listen EADDRINUSE: address already in use 0.0.0.0:5001
2025-09-05T13:06:05:     at Server.setupListenHandle [as _listen2] (node:net:1817:16)
2025-09-05T13:06:05:     at listenInCluster (node:net:1865:12)
2025-09-05T13:06:05:     at doListen (node:net:2014:7)
2025-09-05T13:06:05:     at process.processTicksAndRejections (node:internal/process/task_queues:83:21) {
2025-09-05T13:06:05:   code: 'EADDRINUSE',
2025-09-05T13:06:05:   errno: -48,
2025-09-05T13:06:05:   syscall: 'listen',
2025-09-05T13:06:05:   address: '0.0.0.0',
2025-09-05T13:06:05:   port: 5001
2025-09-05T13:06:05: }
2025-09-05T13:06:10: Error: listen EADDRINUSE: address already in use 0.0.0.0:5001
2025-09-05T13:06:10:     at Server.setupListenHandle [as _listen2] (node:net:1817:16)
2025-09-05T13:06:10:     at listenInCluster (node:net:1865:12)
2025-09-05T13:06:10:     at doListen (node:net:2014:7)
2025-09-05T13:06:10:     at process.processTicksAndRejections (node:internal/process/task_queues:83:21) {
2025-09-05T13:06:10:   code: 'EADDRINUSE',
2025-09-05T13:06:10:   errno: -48,
2025-09-05T13:06:10:   syscall: 'listen',
2025-09-05T13:06:10:   address: '0.0.0.0',
2025-09-05T13:06:10:   port: 5001
2025-09-05T13:06:10: }
2025-09-05T13:06:14: Error: listen EADDRINUSE: address already in use 0.0.0.0:5001
2025-09-05T13:06:14:     at Server.setupListenHandle [as _listen2] (node:net:1817:16)
2025-09-05T13:06:14:     at listenInCluster (node:net:1865:12)
2025-09-05T13:06:14:     at doListen (node:net:2014:7)
2025-09-05T13:06:14:     at process.processTicksAndRejections (node:internal/process/task_queues:83:21) {
2025-09-05T13:06:14:   code: 'EADDRINUSE',
2025-09-05T13:06:14:   errno: -48,
2025-09-05T13:06:14:   syscall: 'listen',
2025-09-05T13:06:14:   address: '0.0.0.0',
2025-09-05T13:06:14:   port: 5001
2025-09-05T13:06:14: }
2025-09-05T13:06:18: Error: listen EADDRINUSE: address already in use 0.0.0.0:5001
2025-09-05T13:06:18:     at Server.setupListenHandle [as _listen2] (node:net:1817:16)
2025-09-05T13:06:18:     at listenInCluster (node:net:1865:12)
2025-09-05T13:06:18:     at doListen (node:net:2014:7)
2025-09-05T13:06:18:     at process.processTicksAndRejections (node:internal/process/task_queues:83:21) {
2025-09-05T13:06:18:   code: 'EADDRINUSE',
2025-09-05T13:06:18:   errno: -48,
2025-09-05T13:06:18:   syscall: 'listen',
2025-09-05T13:06:18:   address: '0.0.0.0',
2025-09-05T13:06:18:   port: 5001
2025-09-05T13:06:18: }
2025-09-05T13:06:23: Error: listen EADDRINUSE: address already in use 0.0.0.0:5001
2025-09-05T13:06:23:     at Server.setupListenHandle [as _listen2] (node:net:1817:16)
2025-09-05T13:06:23:     at listenInCluster (node:net:1865:12)
2025-09-05T13:06:23:     at doListen (node:net:2014:7)
2025-09-05T13:06:23:     at process.processTicksAndRejections (node:internal/process/task_queues:83:21) {
2025-09-05T13:06:23:   code: 'EADDRINUSE',
2025-09-05T13:06:23:   errno: -48,
2025-09-05T13:06:23:   syscall: 'listen',
2025-09-05T13:06:23:   address: '0.0.0.0',
2025-09-05T13:06:23:   port: 5001
2025-09-05T13:06:23: }
2025-09-05T13:06:27: Error: listen EADDRINUSE: address already in use 0.0.0.0:5001
2025-09-05T13:06:27:     at Server.setupListenHandle [as _listen2] (node:net:1817:16)
2025-09-05T13:06:27:     at listenInCluster (node:net:1865:12)
2025-09-05T13:06:27:     at doListen (node:net:2014:7)
2025-09-05T13:06:27:     at process.processTicksAndRejections (node:internal/process/task_queues:83:21) {
2025-09-05T13:06:27:   code: 'EADDRINUSE',
2025-09-05T13:06:27:   errno: -48,
2025-09-05T13:06:27:   syscall: 'listen',
2025-09-05T13:06:27:   address: '0.0.0.0',
2025-09-05T13:06:27:   port: 5001
2025-09-05T13:06:27: }
2025-09-05T13:06:31: Error: listen EADDRINUSE: address already in use 0.0.0.0:5001
2025-09-05T13:06:31:     at Server.setupListenHandle [as _listen2] (node:net:1817:16)
2025-09-05T13:06:31:     at listenInCluster (node:net:1865:12)
2025-09-05T13:06:31:     at doListen (node:net:2014:7)
2025-09-05T13:06:31:     at process.processTicksAndRejections (node:internal/process/task_queues:83:21) {
2025-09-05T13:06:31:   code: 'EADDRINUSE',
2025-09-05T13:06:31:   errno: -48,
2025-09-05T13:06:31:   syscall: 'listen',
2025-09-05T13:06:31:   address: '0.0.0.0',
2025-09-05T13:06:31:   port: 5001
2025-09-05T13:06:31: }
2025-09-05T13:06:35: Error: listen EADDRINUSE: address already in use 0.0.0.0:5001
2025-09-05T13:06:35:     at Server.setupListenHandle [as _listen2] (node:net:1817:16)
2025-09-05T13:06:35:     at listenInCluster (node:net:1865:12)
2025-09-05T13:06:35:     at doListen (node:net:2014:7)
2025-09-05T13:06:35:     at process.processTicksAndRejections (node:internal/process/task_queues:83:21) {
2025-09-05T13:06:35:   code: 'EADDRINUSE',
2025-09-05T13:06:35:   errno: -48,
2025-09-05T13:06:35:   syscall: 'listen',
2025-09-05T13:06:35:   address: '0.0.0.0',
2025-09-05T13:06:35:   port: 5001
2025-09-05T13:06:35: }
2025-09-05T13:06:40: Error: listen EADDRINUSE: address already in use 0.0.0.0:5001
2025-09-05T13:06:40:     at Server.setupListenHandle [as _listen2] (node:net:1817:16)
2025-09-05T13:06:40:     at listenInCluster (node:net:1865:12)
2025-09-05T13:06:40:     at doListen (node:net:2014:7)
2025-09-05T13:06:40:     at process.processTicksAndRejections (node:internal/process/task_queues:83:21) {
2025-09-05T13:06:40:   code: 'EADDRINUSE',
2025-09-05T13:06:40:   errno: -48,
2025-09-05T13:06:40:   syscall: 'listen',
2025-09-05T13:06:40:   address: '0.0.0.0',
2025-09-05T13:06:40:   port: 5001
2025-09-05T13:06:40: }
2025-09-05T13:32:29: Error: listen EADDRINUSE: address already in use 0.0.0.0:5001
2025-09-05T13:32:29:     at Server.setupListenHandle [as _listen2] (node:net:1817:16)
2025-09-05T13:32:29:     at listenInCluster (node:net:1865:12)
2025-09-05T13:32:29:     at doListen (node:net:2014:7)
2025-09-05T13:32:29:     at process.processTicksAndRejections (node:internal/process/task_queues:83:21) {
2025-09-05T13:32:29:   code: 'EADDRINUSE',
2025-09-05T13:32:29:   errno: -48,
2025-09-05T13:32:29:   syscall: 'listen',
2025-09-05T13:32:29:   address: '0.0.0.0',
2025-09-05T13:32:29:   port: 5001
2025-09-05T13:32:29: }
2025-09-05T13:32:34: Error: listen EADDRINUSE: address already in use 0.0.0.0:5001
2025-09-05T13:32:34:     at Server.setupListenHandle [as _listen2] (node:net:1817:16)
2025-09-05T13:32:34:     at listenInCluster (node:net:1865:12)
2025-09-05T13:32:34:     at doListen (node:net:2014:7)
2025-09-05T13:32:34:     at process.processTicksAndRejections (node:internal/process/task_queues:83:21) {
2025-09-05T13:32:34:   code: 'EADDRINUSE',
2025-09-05T13:32:34:   errno: -48,
2025-09-05T13:32:34:   syscall: 'listen',
2025-09-05T13:32:34:   address: '0.0.0.0',
2025-09-05T13:32:34:   port: 5001
2025-09-05T13:32:34: }
2025-09-05T13:32:38: Error: listen EADDRINUSE: address already in use 0.0.0.0:5001
2025-09-05T13:32:38:     at Server.setupListenHandle [as _listen2] (node:net:1817:16)
2025-09-05T13:32:38:     at listenInCluster (node:net:1865:12)
2025-09-05T13:32:38:     at doListen (node:net:2014:7)
2025-09-05T13:32:38:     at process.processTicksAndRejections (node:internal/process/task_queues:83:21) {
2025-09-05T13:32:38:   code: 'EADDRINUSE',
2025-09-05T13:32:38:   errno: -48,
2025-09-05T13:32:38:   syscall: 'listen',
2025-09-05T13:32:38:   address: '0.0.0.0',
2025-09-05T13:32:38:   port: 5001
2025-09-05T13:32:38: }
2025-09-05T13:32:42: Error: listen EADDRINUSE: address already in use 0.0.0.0:5001
2025-09-05T13:32:42:     at Server.setupListenHandle [as _listen2] (node:net:1817:16)
2025-09-05T13:32:42:     at listenInCluster (node:net:1865:12)
2025-09-05T13:32:42:     at doListen (node:net:2014:7)
2025-09-05T13:32:42:     at process.processTicksAndRejections (node:internal/process/task_queues:83:21) {
2025-09-05T13:32:42:   code: 'EADDRINUSE',
2025-09-05T13:32:42:   errno: -48,
2025-09-05T13:32:42:   syscall: 'listen',
2025-09-05T13:32:42:   address: '0.0.0.0',
2025-09-05T13:32:42:   port: 5001
2025-09-05T13:32:42: }
2025-09-05T13:32:46: Error: listen EADDRINUSE: address already in use 0.0.0.0:5001
2025-09-05T13:32:46:     at Server.setupListenHandle [as _listen2] (node:net:1817:16)
2025-09-05T13:32:46:     at listenInCluster (node:net:1865:12)
2025-09-05T13:32:46:     at doListen (node:net:2014:7)
2025-09-05T13:32:46:     at process.processTicksAndRejections (node:internal/process/task_queues:83:21) {
2025-09-05T13:32:46:   code: 'EADDRINUSE',
2025-09-05T13:32:46:   errno: -48,
2025-09-05T13:32:46:   syscall: 'listen',
2025-09-05T13:32:46:   address: '0.0.0.0',
2025-09-05T13:32:46:   port: 5001
2025-09-05T13:32:46: }
2025-09-05T13:32:51: Error: listen EADDRINUSE: address already in use 0.0.0.0:5001
2025-09-05T13:32:51:     at Server.setupListenHandle [as _listen2] (node:net:1817:16)
2025-09-05T13:32:51:     at listenInCluster (node:net:1865:12)
2025-09-05T13:32:51:     at doListen (node:net:2014:7)
2025-09-05T13:32:51:     at process.processTicksAndRejections (node:internal/process/task_queues:83:21) {
2025-09-05T13:32:51:   code: 'EADDRINUSE',
2025-09-05T13:32:51:   errno: -48,
2025-09-05T13:32:51:   syscall: 'listen',
2025-09-05T13:32:51:   address: '0.0.0.0',
2025-09-05T13:32:51:   port: 5001
2025-09-05T13:32:51: }
2025-09-05T13:32:55: Error: listen EADDRINUSE: address already in use 0.0.0.0:5001
2025-09-05T13:32:55:     at Server.setupListenHandle [as _listen2] (node:net:1817:16)
2025-09-05T13:32:55:     at listenInCluster (node:net:1865:12)
2025-09-05T13:32:55:     at doListen (node:net:2014:7)
2025-09-05T13:32:55:     at process.processTicksAndRejections (node:internal/process/task_queues:83:21) {
2025-09-05T13:32:55:   code: 'EADDRINUSE',
2025-09-05T13:32:55:   errno: -48,
2025-09-05T13:32:55:   syscall: 'listen',
2025-09-05T13:32:55:   address: '0.0.0.0',
2025-09-05T13:32:55:   port: 5001
2025-09-05T13:32:55: }
2025-09-05T13:32:59: Error: listen EADDRINUSE: address already in use 0.0.0.0:5001
2025-09-05T13:32:59:     at Server.setupListenHandle [as _listen2] (node:net:1817:16)
2025-09-05T13:32:59:     at listenInCluster (node:net:1865:12)
2025-09-05T13:32:59:     at doListen (node:net:2014:7)
2025-09-05T13:32:59:     at process.processTicksAndRejections (node:internal/process/task_queues:83:21) {
2025-09-05T13:32:59:   code: 'EADDRINUSE',
2025-09-05T13:32:59:   errno: -48,
2025-09-05T13:32:59:   syscall: 'listen',
2025-09-05T13:32:59:   address: '0.0.0.0',
2025-09-05T13:32:59:   port: 5001
2025-09-05T13:32:59: }
2025-09-05T13:33:03: Error: listen EADDRINUSE: address already in use 0.0.0.0:5001
2025-09-05T13:33:03:     at Server.setupListenHandle [as _listen2] (node:net:1817:16)
2025-09-05T13:33:03:     at listenInCluster (node:net:1865:12)
2025-09-05T13:33:03:     at doListen (node:net:2014:7)
2025-09-05T13:33:03:     at process.processTicksAndRejections (node:internal/process/task_queues:83:21) {
2025-09-05T13:33:03:   code: 'EADDRINUSE',
2025-09-05T13:33:03:   errno: -48,
2025-09-05T13:33:03:   syscall: 'listen',
2025-09-05T13:33:03:   address: '0.0.0.0',
2025-09-05T13:33:03:   port: 5001
2025-09-05T13:33:03: }
2025-09-05T13:33:54: Error: listen EADDRINUSE: address already in use 0.0.0.0:5001
2025-09-05T13:33:54:     at Server.setupListenHandle [as _listen2] (node:net:1817:16)
2025-09-05T13:33:54:     at listenInCluster (node:net:1865:12)
2025-09-05T13:33:54:     at doListen (node:net:2014:7)
2025-09-05T13:33:54:     at process.processTicksAndRejections (node:internal/process/task_queues:83:21) {
2025-09-05T13:33:54:   code: 'EADDRINUSE',
2025-09-05T13:33:54:   errno: -48,
2025-09-05T13:33:54:   syscall: 'listen',
2025-09-05T13:33:54:   address: '0.0.0.0',
2025-09-05T13:33:54:   port: 5001
2025-09-05T13:33:54: }
2025-09-05T13:33:58: Error: listen EADDRINUSE: address already in use 0.0.0.0:5001
2025-09-05T13:33:58:     at Server.setupListenHandle [as _listen2] (node:net:1817:16)
2025-09-05T13:33:58:     at listenInCluster (node:net:1865:12)
2025-09-05T13:33:58:     at doListen (node:net:2014:7)
2025-09-05T13:33:58:     at process.processTicksAndRejections (node:internal/process/task_queues:83:21) {
2025-09-05T13:33:58:   code: 'EADDRINUSE',
2025-09-05T13:33:58:   errno: -48,
2025-09-05T13:33:58:   syscall: 'listen',
2025-09-05T13:33:58:   address: '0.0.0.0',
2025-09-05T13:33:58:   port: 5001
2025-09-05T13:33:58: }
2025-09-05T13:34:02: Error: listen EADDRINUSE: address already in use 0.0.0.0:5001
2025-09-05T13:34:02:     at Server.setupListenHandle [as _listen2] (node:net:1817:16)
2025-09-05T13:34:02:     at listenInCluster (node:net:1865:12)
2025-09-05T13:34:02:     at doListen (node:net:2014:7)
2025-09-05T13:34:02:     at process.processTicksAndRejections (node:internal/process/task_queues:83:21) {
2025-09-05T13:34:02:   code: 'EADDRINUSE',
2025-09-05T13:34:02:   errno: -48,
2025-09-05T13:34:02:   syscall: 'listen',
2025-09-05T13:34:02:   address: '0.0.0.0',
2025-09-05T13:34:02:   port: 5001
2025-09-05T13:34:02: }
2025-09-05T13:34:07: Error: listen EADDRINUSE: address already in use 0.0.0.0:5001
2025-09-05T13:34:07:     at Server.setupListenHandle [as _listen2] (node:net:1817:16)
2025-09-05T13:34:07:     at listenInCluster (node:net:1865:12)
2025-09-05T13:34:07:     at doListen (node:net:2014:7)
2025-09-05T13:34:07:     at process.processTicksAndRejections (node:internal/process/task_queues:83:21) {
2025-09-05T13:34:07:   code: 'EADDRINUSE',
2025-09-05T13:34:07:   errno: -48,
2025-09-05T13:34:07:   syscall: 'listen',
2025-09-05T13:34:07:   address: '0.0.0.0',
2025-09-05T13:34:07:   port: 5001
2025-09-05T13:34:07: }
2025-09-05T13:34:11: Error: listen EADDRINUSE: address already in use 0.0.0.0:5001
2025-09-05T13:34:11:     at Server.setupListenHandle [as _listen2] (node:net:1817:16)
2025-09-05T13:34:11:     at listenInCluster (node:net:1865:12)
2025-09-05T13:34:11:     at doListen (node:net:2014:7)
2025-09-05T13:34:11:     at process.processTicksAndRejections (node:internal/process/task_queues:83:21) {
2025-09-05T13:34:11:   code: 'EADDRINUSE',
2025-09-05T13:34:11:   errno: -48,
2025-09-05T13:34:11:   syscall: 'listen',
2025-09-05T13:34:11:   address: '0.0.0.0',
2025-09-05T13:34:11:   port: 5001
2025-09-05T13:34:11: }
2025-09-05T13:34:15: Error: listen EADDRINUSE: address already in use 0.0.0.0:5001
2025-09-05T13:34:15:     at Server.setupListenHandle [as _listen2] (node:net:1817:16)
2025-09-05T13:34:15:     at listenInCluster (node:net:1865:12)
2025-09-05T13:34:15:     at doListen (node:net:2014:7)
2025-09-05T13:34:15:     at process.processTicksAndRejections (node:internal/process/task_queues:83:21) {
2025-09-05T13:34:15:   code: 'EADDRINUSE',
2025-09-05T13:34:15:   errno: -48,
2025-09-05T13:34:15:   syscall: 'listen',
2025-09-05T13:34:15:   address: '0.0.0.0',
2025-09-05T13:34:15:   port: 5001
2025-09-05T13:34:15: }
2025-09-05T13:34:19: Error: listen EADDRINUSE: address already in use 0.0.0.0:5001
2025-09-05T13:34:19:     at Server.setupListenHandle [as _listen2] (node:net:1817:16)
2025-09-05T13:34:19:     at listenInCluster (node:net:1865:12)
2025-09-05T13:34:19:     at doListen (node:net:2014:7)
2025-09-05T13:34:19:     at process.processTicksAndRejections (node:internal/process/task_queues:83:21) {
2025-09-05T13:34:19:   code: 'EADDRINUSE',
2025-09-05T13:34:19:   errno: -48,
2025-09-05T13:34:19:   syscall: 'listen',
2025-09-05T13:34:19:   address: '0.0.0.0',
2025-09-05T13:34:19:   port: 5001
2025-09-05T13:34:19: }
2025-09-05T13:34:24: Error: listen EADDRINUSE: address already in use 0.0.0.0:5001
2025-09-05T13:34:24:     at Server.setupListenHandle [as _listen2] (node:net:1817:16)
2025-09-05T13:34:24:     at listenInCluster (node:net:1865:12)
2025-09-05T13:34:24:     at doListen (node:net:2014:7)
2025-09-05T13:34:24:     at process.processTicksAndRejections (node:internal/process/task_queues:83:21) {
2025-09-05T13:34:24:   code: 'EADDRINUSE',
2025-09-05T13:34:24:   errno: -48,
2025-09-05T13:34:24:   syscall: 'listen',
2025-09-05T13:34:24:   address: '0.0.0.0',
2025-09-05T13:34:24:   port: 5001
2025-09-05T13:34:24: }
2025-09-05T13:34:28: Error: listen EADDRINUSE: address already in use 0.0.0.0:5001
2025-09-05T13:34:28:     at Server.setupListenHandle [as _listen2] (node:net:1817:16)
2025-09-05T13:34:28:     at listenInCluster (node:net:1865:12)
2025-09-05T13:34:28:     at doListen (node:net:2014:7)
2025-09-05T13:34:28:     at process.processTicksAndRejections (node:internal/process/task_queues:83:21) {
2025-09-05T13:34:28:   code: 'EADDRINUSE',
2025-09-05T13:34:28:   errno: -48,
2025-09-05T13:34:28:   syscall: 'listen',
2025-09-05T13:34:28:   address: '0.0.0.0',
2025-09-05T13:34:28:   port: 5001
2025-09-05T13:34:28: }
2025-09-05T13:34:32: Error: listen EADDRINUSE: address already in use 0.0.0.0:5001
2025-09-05T13:34:32:     at Server.setupListenHandle [as _listen2] (node:net:1817:16)
2025-09-05T13:34:32:     at listenInCluster (node:net:1865:12)
2025-09-05T13:34:32:     at doListen (node:net:2014:7)
2025-09-05T13:34:32:     at process.processTicksAndRejections (node:internal/process/task_queues:83:21) {
2025-09-05T13:34:32:   code: 'EADDRINUSE',
2025-09-05T13:34:32:   errno: -48,
2025-09-05T13:34:32:   syscall: 'listen',
2025-09-05T13:34:32:   address: '0.0.0.0',
2025-09-05T13:34:32:   port: 5001
2025-09-05T13:34:32: }
2025-09-05T14:01:55: Error: listen EADDRINUSE: address already in use 0.0.0.0:5001
2025-09-05T14:01:55:     at Server.setupListenHandle [as _listen2] (node:net:1817:16)
2025-09-05T14:01:55:     at listenInCluster (node:net:1865:12)
2025-09-05T14:01:55:     at doListen (node:net:2014:7)
2025-09-05T14:01:55:     at process.processTicksAndRejections (node:internal/process/task_queues:83:21) {
2025-09-05T14:01:55:   code: 'EADDRINUSE',
2025-09-05T14:01:55:   errno: -48,
2025-09-05T14:01:55:   syscall: 'listen',
2025-09-05T14:01:55:   address: '0.0.0.0',
2025-09-05T14:01:55:   port: 5001
2025-09-05T14:01:55: }
2025-09-05T14:02:00: Error: listen EADDRINUSE: address already in use 0.0.0.0:5001
2025-09-05T14:02:00:     at Server.setupListenHandle [as _listen2] (node:net:1817:16)
2025-09-05T14:02:00:     at listenInCluster (node:net:1865:12)
2025-09-05T14:02:00:     at doListen (node:net:2014:7)
2025-09-05T14:02:00:     at process.processTicksAndRejections (node:internal/process/task_queues:83:21) {
2025-09-05T14:02:00:   code: 'EADDRINUSE',
2025-09-05T14:02:00:   errno: -48,
2025-09-05T14:02:00:   syscall: 'listen',
2025-09-05T14:02:00:   address: '0.0.0.0',
2025-09-05T14:02:00:   port: 5001
2025-09-05T14:02:00: }
2025-09-05T14:02:04: Error: listen EADDRINUSE: address already in use 0.0.0.0:5001
2025-09-05T14:02:04:     at Server.setupListenHandle [as _listen2] (node:net:1817:16)
2025-09-05T14:02:04:     at listenInCluster (node:net:1865:12)
2025-09-05T14:02:04:     at doListen (node:net:2014:7)
2025-09-05T14:02:04:     at process.processTicksAndRejections (node:internal/process/task_queues:83:21) {
2025-09-05T14:02:04:   code: 'EADDRINUSE',
2025-09-05T14:02:04:   errno: -48,
2025-09-05T14:02:04:   syscall: 'listen',
2025-09-05T14:02:04:   address: '0.0.0.0',
2025-09-05T14:02:04:   port: 5001
2025-09-05T14:02:04: }
2025-09-05T14:02:08: Error: listen EADDRINUSE: address already in use 0.0.0.0:5001
2025-09-05T14:02:08:     at Server.setupListenHandle [as _listen2] (node:net:1817:16)
2025-09-05T14:02:08:     at listenInCluster (node:net:1865:12)
2025-09-05T14:02:08:     at doListen (node:net:2014:7)
2025-09-05T14:02:08:     at process.processTicksAndRejections (node:internal/process/task_queues:83:21) {
2025-09-05T14:02:08:   code: 'EADDRINUSE',
2025-09-05T14:02:08:   errno: -48,
2025-09-05T14:02:08:   syscall: 'listen',
2025-09-05T14:02:08:   address: '0.0.0.0',
2025-09-05T14:02:08:   port: 5001
2025-09-05T14:02:08: }
2025-09-05T14:02:12: Error: listen EADDRINUSE: address already in use 0.0.0.0:5001
2025-09-05T14:02:12:     at Server.setupListenHandle [as _listen2] (node:net:1817:16)
2025-09-05T14:02:12:     at listenInCluster (node:net:1865:12)
2025-09-05T14:02:12:     at doListen (node:net:2014:7)
2025-09-05T14:02:12:     at process.processTicksAndRejections (node:internal/process/task_queues:83:21) {
2025-09-05T14:02:12:   code: 'EADDRINUSE',
2025-09-05T14:02:12:   errno: -48,
2025-09-05T14:02:12:   syscall: 'listen',
2025-09-05T14:02:12:   address: '0.0.0.0',
2025-09-05T14:02:12:   port: 5001
2025-09-05T14:02:12: }
2025-09-05T14:02:17: Error: listen EADDRINUSE: address already in use 0.0.0.0:5001
2025-09-05T14:02:17:     at Server.setupListenHandle [as _listen2] (node:net:1817:16)
2025-09-05T14:02:17:     at listenInCluster (node:net:1865:12)
2025-09-05T14:02:17:     at doListen (node:net:2014:7)
2025-09-05T14:02:17:     at process.processTicksAndRejections (node:internal/process/task_queues:83:21) {
2025-09-05T14:02:17:   code: 'EADDRINUSE',
2025-09-05T14:02:17:   errno: -48,
2025-09-05T14:02:17:   syscall: 'listen',
2025-09-05T14:02:17:   address: '0.0.0.0',
2025-09-05T14:02:17:   port: 5001
2025-09-05T14:02:17: }
2025-09-05T14:02:21: Error: listen EADDRINUSE: address already in use 0.0.0.0:5001
2025-09-05T14:02:21:     at Server.setupListenHandle [as _listen2] (node:net:1817:16)
2025-09-05T14:02:21:     at listenInCluster (node:net:1865:12)
2025-09-05T14:02:21:     at doListen (node:net:2014:7)
2025-09-05T14:02:21:     at process.processTicksAndRejections (node:internal/process/task_queues:83:21) {
2025-09-05T14:02:21:   code: 'EADDRINUSE',
2025-09-05T14:02:21:   errno: -48,
2025-09-05T14:02:21:   syscall: 'listen',
2025-09-05T14:02:21:   address: '0.0.0.0',
2025-09-05T14:02:21:   port: 5001
2025-09-05T14:02:21: }
2025-09-05T14:02:25: Error: listen EADDRINUSE: address already in use 0.0.0.0:5001
2025-09-05T14:02:25:     at Server.setupListenHandle [as _listen2] (node:net:1817:16)
2025-09-05T14:02:25:     at listenInCluster (node:net:1865:12)
2025-09-05T14:02:25:     at doListen (node:net:2014:7)
2025-09-05T14:02:25:     at process.processTicksAndRejections (node:internal/process/task_queues:83:21) {
2025-09-05T14:02:25:   code: 'EADDRINUSE',
2025-09-05T14:02:25:   errno: -48,
2025-09-05T14:02:25:   syscall: 'listen',
2025-09-05T14:02:25:   address: '0.0.0.0',
2025-09-05T14:02:25:   port: 5001
2025-09-05T14:02:25: }
2025-09-05T14:02:26: Error: listen EADDRINUSE: address already in use 0.0.0.0:5001
2025-09-05T14:02:26:     at Server.setupListenHandle [as _listen2] (node:net:1817:16)
2025-09-05T14:02:26:     at listenInCluster (node:net:1865:12)
2025-09-05T14:02:26:     at doListen (node:net:2014:7)
2025-09-05T14:02:26:     at process.processTicksAndRejections (node:internal/process/task_queues:83:21) {
2025-09-05T14:02:26:   code: 'EADDRINUSE',
2025-09-05T14:02:26:   errno: -48,
2025-09-05T14:02:26:   syscall: 'listen',
2025-09-05T14:02:26:   address: '0.0.0.0',
2025-09-05T14:02:26:   port: 5001
2025-09-05T14:02:26: }
2025-09-05T14:02:31: Error: listen EADDRINUSE: address already in use 0.0.0.0:5001
2025-09-05T14:02:31:     at Server.setupListenHandle [as _listen2] (node:net:1817:16)
2025-09-05T14:02:31:     at listenInCluster (node:net:1865:12)
2025-09-05T14:02:31:     at doListen (node:net:2014:7)
2025-09-05T14:02:31:     at process.processTicksAndRejections (node:internal/process/task_queues:83:21) {
2025-09-05T14:02:31:   code: 'EADDRINUSE',
2025-09-05T14:02:31:   errno: -48,
2025-09-05T14:02:31:   syscall: 'listen',
2025-09-05T14:02:31:   address: '0.0.0.0',
2025-09-05T14:02:31:   port: 5001
2025-09-05T14:02:31: }
2025-09-05T14:02:35: Error: listen EADDRINUSE: address already in use 0.0.0.0:5001
2025-09-05T14:02:35:     at Server.setupListenHandle [as _listen2] (node:net:1817:16)
2025-09-05T14:02:35:     at listenInCluster (node:net:1865:12)
2025-09-05T14:02:35:     at doListen (node:net:2014:7)
2025-09-05T14:02:35:     at process.processTicksAndRejections (node:internal/process/task_queues:83:21) {
2025-09-05T14:02:35:   code: 'EADDRINUSE',
2025-09-05T14:02:35:   errno: -48,
2025-09-05T14:02:35:   syscall: 'listen',
2025-09-05T14:02:35:   address: '0.0.0.0',
2025-09-05T14:02:35:   port: 5001
2025-09-05T14:02:35: }
2025-09-05T14:02:39: Error: listen EADDRINUSE: address already in use 0.0.0.0:5001
2025-09-05T14:02:39:     at Server.setupListenHandle [as _listen2] (node:net:1817:16)
2025-09-05T14:02:39:     at listenInCluster (node:net:1865:12)
2025-09-05T14:02:39:     at doListen (node:net:2014:7)
2025-09-05T14:02:39:     at process.processTicksAndRejections (node:internal/process/task_queues:83:21) {
2025-09-05T14:02:39:   code: 'EADDRINUSE',
2025-09-05T14:02:39:   errno: -48,
2025-09-05T14:02:39:   syscall: 'listen',
2025-09-05T14:02:39:   address: '0.0.0.0',
2025-09-05T14:02:39:   port: 5001
2025-09-05T14:02:39: }
2025-09-05T14:02:43: Error: listen EADDRINUSE: address already in use 0.0.0.0:5001
2025-09-05T14:02:43:     at Server.setupListenHandle [as _listen2] (node:net:1817:16)
2025-09-05T14:02:43:     at listenInCluster (node:net:1865:12)
2025-09-05T14:02:43:     at doListen (node:net:2014:7)
2025-09-05T14:02:43:     at process.processTicksAndRejections (node:internal/process/task_queues:83:21) {
2025-09-05T14:02:43:   code: 'EADDRINUSE',
2025-09-05T14:02:43:   errno: -48,
2025-09-05T14:02:43:   syscall: 'listen',
2025-09-05T14:02:43:   address: '0.0.0.0',
2025-09-05T14:02:43:   port: 5001
2025-09-05T14:02:43: }
2025-09-05T14:02:48: Error: listen EADDRINUSE: address already in use 0.0.0.0:5001
2025-09-05T14:02:48:     at Server.setupListenHandle [as _listen2] (node:net:1817:16)
2025-09-05T14:02:48:     at listenInCluster (node:net:1865:12)
2025-09-05T14:02:48:     at doListen (node:net:2014:7)
2025-09-05T14:02:48:     at process.processTicksAndRejections (node:internal/process/task_queues:83:21) {
2025-09-05T14:02:48:   code: 'EADDRINUSE',
2025-09-05T14:02:48:   errno: -48,
2025-09-05T14:02:48:   syscall: 'listen',
2025-09-05T14:02:48:   address: '0.0.0.0',
2025-09-05T14:02:48:   port: 5001
2025-09-05T14:02:48: }
2025-09-05T14:02:52: Error: listen EADDRINUSE: address already in use 0.0.0.0:5001
2025-09-05T14:02:52:     at Server.setupListenHandle [as _listen2] (node:net:1817:16)
2025-09-05T14:02:52:     at listenInCluster (node:net:1865:12)
2025-09-05T14:02:52:     at doListen (node:net:2014:7)
2025-09-05T14:02:52:     at process.processTicksAndRejections (node:internal/process/task_queues:83:21) {
2025-09-05T14:02:52:   code: 'EADDRINUSE',
2025-09-05T14:02:52:   errno: -48,
2025-09-05T14:02:52:   syscall: 'listen',
2025-09-05T14:02:52:   address: '0.0.0.0',
2025-09-05T14:02:52:   port: 5001
2025-09-05T14:02:52: }
2025-09-05T14:02:56: Error: listen EADDRINUSE: address already in use 0.0.0.0:5001
2025-09-05T14:02:56:     at Server.setupListenHandle [as _listen2] (node:net:1817:16)
2025-09-05T14:02:56:     at listenInCluster (node:net:1865:12)
2025-09-05T14:02:56:     at doListen (node:net:2014:7)
2025-09-05T14:02:56:     at process.processTicksAndRejections (node:internal/process/task_queues:83:21) {
2025-09-05T14:02:56:   code: 'EADDRINUSE',
2025-09-05T14:02:56:   errno: -48,
2025-09-05T14:02:56:   syscall: 'listen',
2025-09-05T14:02:56:   address: '0.0.0.0',
2025-09-05T14:02:56:   port: 5001
2025-09-05T14:02:56: }
2025-09-05T14:03:01: Error: listen EADDRINUSE: address already in use 0.0.0.0:5001
2025-09-05T14:03:01:     at Server.setupListenHandle [as _listen2] (node:net:1817:16)
2025-09-05T14:03:01:     at listenInCluster (node:net:1865:12)
2025-09-05T14:03:01:     at doListen (node:net:2014:7)
2025-09-05T14:03:01:     at process.processTicksAndRejections (node:internal/process/task_queues:83:21) {
2025-09-05T14:03:01:   code: 'EADDRINUSE',
2025-09-05T14:03:01:   errno: -48,
2025-09-05T14:03:01:   syscall: 'listen',
2025-09-05T14:03:01:   address: '0.0.0.0',
2025-09-05T14:03:01:   port: 5001
2025-09-05T14:03:01: }
2025-09-05T14:03:05: Error: listen EADDRINUSE: address already in use 0.0.0.0:5001
2025-09-05T14:03:05:     at Server.setupListenHandle [as _listen2] (node:net:1817:16)
2025-09-05T14:03:05:     at listenInCluster (node:net:1865:12)
2025-09-05T14:03:05:     at doListen (node:net:2014:7)
2025-09-05T14:03:05:     at process.processTicksAndRejections (node:internal/process/task_queues:83:21) {
2025-09-05T14:03:05:   code: 'EADDRINUSE',
2025-09-05T14:03:05:   errno: -48,
2025-09-05T14:03:05:   syscall: 'listen',
2025-09-05T14:03:05:   address: '0.0.0.0',
2025-09-05T14:03:05:   port: 5001
2025-09-05T14:03:05: }
2025-09-05T14:03:35: Error: listen EADDRINUSE: address already in use 0.0.0.0:5001
2025-09-05T14:03:35:     at Server.setupListenHandle [as _listen2] (node:net:1817:16)
2025-09-05T14:03:35:     at listenInCluster (node:net:1865:12)
2025-09-05T14:03:35:     at doListen (node:net:2014:7)
2025-09-05T14:03:35:     at process.processTicksAndRejections (node:internal/process/task_queues:83:21) {
2025-09-05T14:03:35:   code: 'EADDRINUSE',
2025-09-05T14:03:35:   errno: -48,
2025-09-05T14:03:35:   syscall: 'listen',
2025-09-05T14:03:35:   address: '0.0.0.0',
2025-09-05T14:03:35:   port: 5001
2025-09-05T14:03:35: }
2025-09-05T14:03:40: Error: listen EADDRINUSE: address already in use 0.0.0.0:5001
2025-09-05T14:03:40:     at Server.setupListenHandle [as _listen2] (node:net:1817:16)
2025-09-05T14:03:40:     at listenInCluster (node:net:1865:12)
2025-09-05T14:03:40:     at doListen (node:net:2014:7)
2025-09-05T14:03:40:     at process.processTicksAndRejections (node:internal/process/task_queues:83:21) {
2025-09-05T14:03:40:   code: 'EADDRINUSE',
2025-09-05T14:03:40:   errno: -48,
2025-09-05T14:03:40:   syscall: 'listen',
2025-09-05T14:03:40:   address: '0.0.0.0',
2025-09-05T14:03:40:   port: 5001
2025-09-05T14:03:40: }
2025-09-05T14:03:44: Error: listen EADDRINUSE: address already in use 0.0.0.0:5001
2025-09-05T14:03:44:     at Server.setupListenHandle [as _listen2] (node:net:1817:16)
2025-09-05T14:03:44:     at listenInCluster (node:net:1865:12)
2025-09-05T14:03:44:     at doListen (node:net:2014:7)
2025-09-05T14:03:44:     at process.processTicksAndRejections (node:internal/process/task_queues:83:21) {
2025-09-05T14:03:44:   code: 'EADDRINUSE',
2025-09-05T14:03:44:   errno: -48,
2025-09-05T14:03:44:   syscall: 'listen',
2025-09-05T14:03:44:   address: '0.0.0.0',
2025-09-05T14:03:44:   port: 5001
2025-09-05T14:03:44: }
2025-09-05T14:03:48: Error: listen EADDRINUSE: address already in use 0.0.0.0:5001
2025-09-05T14:03:48:     at Server.setupListenHandle [as _listen2] (node:net:1817:16)
2025-09-05T14:03:48:     at listenInCluster (node:net:1865:12)
2025-09-05T14:03:48:     at doListen (node:net:2014:7)
2025-09-05T14:03:48:     at process.processTicksAndRejections (node:internal/process/task_queues:83:21) {
2025-09-05T14:03:48:   code: 'EADDRINUSE',
2025-09-05T14:03:48:   errno: -48,
2025-09-05T14:03:48:   syscall: 'listen',
2025-09-05T14:03:48:   address: '0.0.0.0',
2025-09-05T14:03:48:   port: 5001
2025-09-05T14:03:48: }
2025-09-05T14:03:52: Error: listen EADDRINUSE: address already in use 0.0.0.0:5001
2025-09-05T14:03:52:     at Server.setupListenHandle [as _listen2] (node:net:1817:16)
2025-09-05T14:03:52:     at listenInCluster (node:net:1865:12)
2025-09-05T14:03:52:     at doListen (node:net:2014:7)
2025-09-05T14:03:52:     at process.processTicksAndRejections (node:internal/process/task_queues:83:21) {
2025-09-05T14:03:52:   code: 'EADDRINUSE',
2025-09-05T14:03:52:   errno: -48,
2025-09-05T14:03:52:   syscall: 'listen',
2025-09-05T14:03:52:   address: '0.0.0.0',
2025-09-05T14:03:52:   port: 5001
2025-09-05T14:03:52: }
2025-09-05T14:03:57: Error: listen EADDRINUSE: address already in use 0.0.0.0:5001
2025-09-05T14:03:57:     at Server.setupListenHandle [as _listen2] (node:net:1817:16)
2025-09-05T14:03:57:     at listenInCluster (node:net:1865:12)
2025-09-05T14:03:57:     at doListen (node:net:2014:7)
2025-09-05T14:03:57:     at process.processTicksAndRejections (node:internal/process/task_queues:83:21) {
2025-09-05T14:03:57:   code: 'EADDRINUSE',
2025-09-05T14:03:57:   errno: -48,
2025-09-05T14:03:57:   syscall: 'listen',
2025-09-05T14:03:57:   address: '0.0.0.0',
2025-09-05T14:03:57:   port: 5001
2025-09-05T14:03:57: }
2025-09-05T14:04:01: Error: listen EADDRINUSE: address already in use 0.0.0.0:5001
2025-09-05T14:04:01:     at Server.setupListenHandle [as _listen2] (node:net:1817:16)
2025-09-05T14:04:01:     at listenInCluster (node:net:1865:12)
2025-09-05T14:04:01:     at doListen (node:net:2014:7)
2025-09-05T14:04:01:     at process.processTicksAndRejections (node:internal/process/task_queues:83:21) {
2025-09-05T14:04:01:   code: 'EADDRINUSE',
2025-09-05T14:04:01:   errno: -48,
2025-09-05T14:04:01:   syscall: 'listen',
2025-09-05T14:04:01:   address: '0.0.0.0',
2025-09-05T14:04:01:   port: 5001
2025-09-05T14:04:01: }
2025-09-05T14:04:05: Error: listen EADDRINUSE: address already in use 0.0.0.0:5001
2025-09-05T14:04:05:     at Server.setupListenHandle [as _listen2] (node:net:1817:16)
2025-09-05T14:04:05:     at listenInCluster (node:net:1865:12)
2025-09-05T14:04:05:     at doListen (node:net:2014:7)
2025-09-05T14:04:05:     at process.processTicksAndRejections (node:internal/process/task_queues:83:21) {
2025-09-05T14:04:05:   code: 'EADDRINUSE',
2025-09-05T14:04:05:   errno: -48,
2025-09-05T14:04:05:   syscall: 'listen',
2025-09-05T14:04:05:   address: '0.0.0.0',
2025-09-05T14:04:05:   port: 5001
2025-09-05T14:04:05: }
2025-09-05T14:04:09: Error: listen EADDRINUSE: address already in use 0.0.0.0:5001
2025-09-05T14:04:09:     at Server.setupListenHandle [as _listen2] (node:net:1817:16)
2025-09-05T14:04:09:     at listenInCluster (node:net:1865:12)
2025-09-05T14:04:09:     at doListen (node:net:2014:7)
2025-09-05T14:04:09:     at process.processTicksAndRejections (node:internal/process/task_queues:83:21) {
2025-09-05T14:04:09:   code: 'EADDRINUSE',
2025-09-05T14:04:09:   errno: -48,
2025-09-05T14:04:09:   syscall: 'listen',
2025-09-05T14:04:09:   address: '0.0.0.0',
2025-09-05T14:04:09:   port: 5001
2025-09-05T14:04:09: }
2025-09-05T14:04:14: Error: listen EADDRINUSE: address already in use 0.0.0.0:5001
2025-09-05T14:04:14:     at Server.setupListenHandle [as _listen2] (node:net:1817:16)
2025-09-05T14:04:14:     at listenInCluster (node:net:1865:12)
2025-09-05T14:04:14:     at doListen (node:net:2014:7)
2025-09-05T14:04:14:     at process.processTicksAndRejections (node:internal/process/task_queues:83:21) {
2025-09-05T14:04:14:   code: 'EADDRINUSE',
2025-09-05T14:04:14:   errno: -48,
2025-09-05T14:04:14:   syscall: 'listen',
2025-09-05T14:04:14:   address: '0.0.0.0',
2025-09-05T14:04:14:   port: 5001
2025-09-05T14:04:14: }
2025-09-05T14:24:35: Error: listen EADDRINUSE: address already in use 0.0.0.0:5001
2025-09-05T14:24:35:     at Server.setupListenHandle [as _listen2] (node:net:1817:16)
2025-09-05T14:24:35:     at listenInCluster (node:net:1865:12)
2025-09-05T14:24:35:     at doListen (node:net:2014:7)
2025-09-05T14:24:35:     at process.processTicksAndRejections (node:internal/process/task_queues:83:21) {
2025-09-05T14:24:35:   code: 'EADDRINUSE',
2025-09-05T14:24:35:   errno: -48,
2025-09-05T14:24:35:   syscall: 'listen',
2025-09-05T14:24:35:   address: '0.0.0.0',
2025-09-05T14:24:35:   port: 5001
2025-09-05T14:24:35: }
2025-09-05T14:24:40: Error: listen EADDRINUSE: address already in use 0.0.0.0:5001
2025-09-05T14:24:40:     at Server.setupListenHandle [as _listen2] (node:net:1817:16)
2025-09-05T14:24:40:     at listenInCluster (node:net:1865:12)
2025-09-05T14:24:40:     at doListen (node:net:2014:7)
2025-09-05T14:24:40:     at process.processTicksAndRejections (node:internal/process/task_queues:83:21) {
2025-09-05T14:24:40:   code: 'EADDRINUSE',
2025-09-05T14:24:40:   errno: -48,
2025-09-05T14:24:40:   syscall: 'listen',
2025-09-05T14:24:40:   address: '0.0.0.0',
2025-09-05T14:24:40:   port: 5001
2025-09-05T14:24:40: }
2025-09-05T14:24:44: Error: listen EADDRINUSE: address already in use 0.0.0.0:5001
2025-09-05T14:24:44:     at Server.setupListenHandle [as _listen2] (node:net:1817:16)
2025-09-05T14:24:44:     at listenInCluster (node:net:1865:12)
2025-09-05T14:24:44:     at doListen (node:net:2014:7)
2025-09-05T14:24:44:     at process.processTicksAndRejections (node:internal/process/task_queues:83:21) {
2025-09-05T14:24:44:   code: 'EADDRINUSE',
2025-09-05T14:24:44:   errno: -48,
2025-09-05T14:24:44:   syscall: 'listen',
2025-09-05T14:24:44:   address: '0.0.0.0',
2025-09-05T14:24:44:   port: 5001
2025-09-05T14:24:44: }
2025-09-05T14:24:48: Error: listen EADDRINUSE: address already in use 0.0.0.0:5001
2025-09-05T14:24:48:     at Server.setupListenHandle [as _listen2] (node:net:1817:16)
2025-09-05T14:24:48:     at listenInCluster (node:net:1865:12)
2025-09-05T14:24:48:     at doListen (node:net:2014:7)
2025-09-05T14:24:48:     at process.processTicksAndRejections (node:internal/process/task_queues:83:21) {
2025-09-05T14:24:48:   code: 'EADDRINUSE',
2025-09-05T14:24:48:   errno: -48,
2025-09-05T14:24:48:   syscall: 'listen',
2025-09-05T14:24:48:   address: '0.0.0.0',
2025-09-05T14:24:48:   port: 5001
2025-09-05T14:24:48: }
2025-09-05T14:24:52: Error: listen EADDRINUSE: address already in use 0.0.0.0:5001
2025-09-05T14:24:52:     at Server.setupListenHandle [as _listen2] (node:net:1817:16)
2025-09-05T14:24:52:     at listenInCluster (node:net:1865:12)
2025-09-05T14:24:52:     at doListen (node:net:2014:7)
2025-09-05T14:24:52:     at process.processTicksAndRejections (node:internal/process/task_queues:83:21) {
2025-09-05T14:24:52:   code: 'EADDRINUSE',
2025-09-05T14:24:52:   errno: -48,
2025-09-05T14:24:52:   syscall: 'listen',
2025-09-05T14:24:52:   address: '0.0.0.0',
2025-09-05T14:24:52:   port: 5001
2025-09-05T14:24:52: }
2025-09-05T14:24:57: Error: listen EADDRINUSE: address already in use 0.0.0.0:5001
2025-09-05T14:24:57:     at Server.setupListenHandle [as _listen2] (node:net:1817:16)
2025-09-05T14:24:57:     at listenInCluster (node:net:1865:12)
2025-09-05T14:24:57:     at doListen (node:net:2014:7)
2025-09-05T14:24:57:     at process.processTicksAndRejections (node:internal/process/task_queues:83:21) {
2025-09-05T14:24:57:   code: 'EADDRINUSE',
2025-09-05T14:24:57:   errno: -48,
2025-09-05T14:24:57:   syscall: 'listen',
2025-09-05T14:24:57:   address: '0.0.0.0',
2025-09-05T14:24:57:   port: 5001
2025-09-05T14:24:57: }
2025-09-05T14:25:01: Error: listen EADDRINUSE: address already in use 0.0.0.0:5001
2025-09-05T14:25:01:     at Server.setupListenHandle [as _listen2] (node:net:1817:16)
2025-09-05T14:25:01:     at listenInCluster (node:net:1865:12)
2025-09-05T14:25:01:     at doListen (node:net:2014:7)
2025-09-05T14:25:01:     at process.processTicksAndRejections (node:internal/process/task_queues:83:21) {
2025-09-05T14:25:01:   code: 'EADDRINUSE',
2025-09-05T14:25:01:   errno: -48,
2025-09-05T14:25:01:   syscall: 'listen',
2025-09-05T14:25:01:   address: '0.0.0.0',
2025-09-05T14:25:01:   port: 5001
2025-09-05T14:25:01: }
2025-09-05T14:25:05: Error: listen EADDRINUSE: address already in use 0.0.0.0:5001
2025-09-05T14:25:05:     at Server.setupListenHandle [as _listen2] (node:net:1817:16)
2025-09-05T14:25:05:     at listenInCluster (node:net:1865:12)
2025-09-05T14:25:05:     at doListen (node:net:2014:7)
2025-09-05T14:25:05:     at process.processTicksAndRejections (node:internal/process/task_queues:83:21) {
2025-09-05T14:25:05:   code: 'EADDRINUSE',
2025-09-05T14:25:05:   errno: -48,
2025-09-05T14:25:05:   syscall: 'listen',
2025-09-05T14:25:05:   address: '0.0.0.0',
2025-09-05T14:25:05:   port: 5001
2025-09-05T14:25:05: }
2025-09-05T14:25:09: Error: listen EADDRINUSE: address already in use 0.0.0.0:5001
2025-09-05T14:25:09:     at Server.setupListenHandle [as _listen2] (node:net:1817:16)
2025-09-05T14:25:09:     at listenInCluster (node:net:1865:12)
2025-09-05T14:25:09:     at doListen (node:net:2014:7)
2025-09-05T14:25:09:     at process.processTicksAndRejections (node:internal/process/task_queues:83:21) {
2025-09-05T14:25:09:   code: 'EADDRINUSE',
2025-09-05T14:25:09:   errno: -48,
2025-09-05T14:25:09:   syscall: 'listen',
2025-09-05T14:25:09:   address: '0.0.0.0',
2025-09-05T14:25:09:   port: 5001
2025-09-05T14:25:09: }
2025-09-05T14:25:11: Error: listen EADDRINUSE: address already in use 0.0.0.0:5001
2025-09-05T14:25:11:     at Server.setupListenHandle [as _listen2] (node:net:1817:16)
2025-09-05T14:25:11:     at listenInCluster (node:net:1865:12)
2025-09-05T14:25:11:     at doListen (node:net:2014:7)
2025-09-05T14:25:11:     at process.processTicksAndRejections (node:internal/process/task_queues:83:21) {
2025-09-05T14:25:11:   code: 'EADDRINUSE',
2025-09-05T14:25:11:   errno: -48,
2025-09-05T14:25:11:   syscall: 'listen',
2025-09-05T14:25:11:   address: '0.0.0.0',
2025-09-05T14:25:11:   port: 5001
2025-09-05T14:25:11: }
2025-09-05T14:25:15: Error: listen EADDRINUSE: address already in use 0.0.0.0:5001
2025-09-05T14:25:15:     at Server.setupListenHandle [as _listen2] (node:net:1817:16)
2025-09-05T14:25:15:     at listenInCluster (node:net:1865:12)
2025-09-05T14:25:15:     at doListen (node:net:2014:7)
2025-09-05T14:25:15:     at process.processTicksAndRejections (node:internal/process/task_queues:83:21) {
2025-09-05T14:25:15:   code: 'EADDRINUSE',
2025-09-05T14:25:15:   errno: -48,
2025-09-05T14:25:15:   syscall: 'listen',
2025-09-05T14:25:15:   address: '0.0.0.0',
2025-09-05T14:25:15:   port: 5001
2025-09-05T14:25:15: }
2025-09-05T14:25:19: Error: listen EADDRINUSE: address already in use 0.0.0.0:5001
2025-09-05T14:25:19:     at Server.setupListenHandle [as _listen2] (node:net:1817:16)
2025-09-05T14:25:19:     at listenInCluster (node:net:1865:12)
2025-09-05T14:25:19:     at doListen (node:net:2014:7)
2025-09-05T14:25:19:     at process.processTicksAndRejections (node:internal/process/task_queues:83:21) {
2025-09-05T14:25:19:   code: 'EADDRINUSE',
2025-09-05T14:25:19:   errno: -48,
2025-09-05T14:25:19:   syscall: 'listen',
2025-09-05T14:25:19:   address: '0.0.0.0',
2025-09-05T14:25:19:   port: 5001
2025-09-05T14:25:19: }
2025-09-05T14:25:23: Error: listen EADDRINUSE: address already in use 0.0.0.0:5001
2025-09-05T14:25:23:     at Server.setupListenHandle [as _listen2] (node:net:1817:16)
2025-09-05T14:25:23:     at listenInCluster (node:net:1865:12)
2025-09-05T14:25:23:     at doListen (node:net:2014:7)
2025-09-05T14:25:23:     at process.processTicksAndRejections (node:internal/process/task_queues:83:21) {
2025-09-05T14:25:23:   code: 'EADDRINUSE',
2025-09-05T14:25:23:   errno: -48,
2025-09-05T14:25:23:   syscall: 'listen',
2025-09-05T14:25:23:   address: '0.0.0.0',
2025-09-05T14:25:23:   port: 5001
2025-09-05T14:25:23: }
2025-09-05T14:25:28: Error: listen EADDRINUSE: address already in use 0.0.0.0:5001
2025-09-05T14:25:28:     at Server.setupListenHandle [as _listen2] (node:net:1817:16)
2025-09-05T14:25:28:     at listenInCluster (node:net:1865:12)
2025-09-05T14:25:28:     at doListen (node:net:2014:7)
2025-09-05T14:25:28:     at process.processTicksAndRejections (node:internal/process/task_queues:83:21) {
2025-09-05T14:25:28:   code: 'EADDRINUSE',
2025-09-05T14:25:28:   errno: -48,
2025-09-05T14:25:28:   syscall: 'listen',
2025-09-05T14:25:28:   address: '0.0.0.0',
2025-09-05T14:25:28:   port: 5001
2025-09-05T14:25:28: }
2025-09-05T14:25:32: Error: listen EADDRINUSE: address already in use 0.0.0.0:5001
2025-09-05T14:25:32:     at Server.setupListenHandle [as _listen2] (node:net:1817:16)
2025-09-05T14:25:32:     at listenInCluster (node:net:1865:12)
2025-09-05T14:25:32:     at doListen (node:net:2014:7)
2025-09-05T14:25:32:     at process.processTicksAndRejections (node:internal/process/task_queues:83:21) {
2025-09-05T14:25:32:   code: 'EADDRINUSE',
2025-09-05T14:25:32:   errno: -48,
2025-09-05T14:25:32:   syscall: 'listen',
2025-09-05T14:25:32:   address: '0.0.0.0',
2025-09-05T14:25:32:   port: 5001
2025-09-05T14:25:32: }
2025-09-05T14:25:36: Error: listen EADDRINUSE: address already in use 0.0.0.0:5001
2025-09-05T14:25:36:     at Server.setupListenHandle [as _listen2] (node:net:1817:16)
2025-09-05T14:25:36:     at listenInCluster (node:net:1865:12)
2025-09-05T14:25:36:     at doListen (node:net:2014:7)
2025-09-05T14:25:36:     at process.processTicksAndRejections (node:internal/process/task_queues:83:21) {
2025-09-05T14:25:36:   code: 'EADDRINUSE',
2025-09-05T14:25:36:   errno: -48,
2025-09-05T14:25:36:   syscall: 'listen',
2025-09-05T14:25:36:   address: '0.0.0.0',
2025-09-05T14:25:36:   port: 5001
2025-09-05T14:25:36: }
2025-09-05T14:25:40: Error: listen EADDRINUSE: address already in use 0.0.0.0:5001
2025-09-05T14:25:40:     at Server.setupListenHandle [as _listen2] (node:net:1817:16)
2025-09-05T14:25:40:     at listenInCluster (node:net:1865:12)
2025-09-05T14:25:40:     at doListen (node:net:2014:7)
2025-09-05T14:25:40:     at process.processTicksAndRejections (node:internal/process/task_queues:83:21) {
2025-09-05T14:25:40:   code: 'EADDRINUSE',
2025-09-05T14:25:40:   errno: -48,
2025-09-05T14:25:40:   syscall: 'listen',
2025-09-05T14:25:40:   address: '0.0.0.0',
2025-09-05T14:25:40:   port: 5001
2025-09-05T14:25:40: }
2025-09-05T14:25:45: Error: listen EADDRINUSE: address already in use 0.0.0.0:5001
2025-09-05T14:25:45:     at Server.setupListenHandle [as _listen2] (node:net:1817:16)
2025-09-05T14:25:45:     at listenInCluster (node:net:1865:12)
2025-09-05T14:25:45:     at doListen (node:net:2014:7)
2025-09-05T14:25:45:     at process.processTicksAndRejections (node:internal/process/task_queues:83:21) {
2025-09-05T14:25:45:   code: 'EADDRINUSE',
2025-09-05T14:25:45:   errno: -48,
2025-09-05T14:25:45:   syscall: 'listen',
2025-09-05T14:25:45:   address: '0.0.0.0',
2025-09-05T14:25:45:   port: 5001
2025-09-05T14:25:45: }
2025-09-05T14:25:49: Error: listen EADDRINUSE: address already in use 0.0.0.0:5001
2025-09-05T14:25:49:     at Server.setupListenHandle [as _listen2] (node:net:1817:16)
2025-09-05T14:25:49:     at listenInCluster (node:net:1865:12)
2025-09-05T14:25:49:     at doListen (node:net:2014:7)
2025-09-05T14:25:49:     at process.processTicksAndRejections (node:internal/process/task_queues:83:21) {
2025-09-05T14:25:49:   code: 'EADDRINUSE',
2025-09-05T14:25:49:   errno: -48,
2025-09-05T14:25:49:   syscall: 'listen',
2025-09-05T14:25:49:   address: '0.0.0.0',
2025-09-05T14:25:49:   port: 5001
2025-09-05T14:25:49: }
2025-09-05T14:25:54: Error: listen EADDRINUSE: address already in use 0.0.0.0:5001
2025-09-05T14:25:54:     at Server.setupListenHandle [as _listen2] (node:net:1817:16)
2025-09-05T14:25:54:     at listenInCluster (node:net:1865:12)
2025-09-05T14:25:54:     at doListen (node:net:2014:7)
2025-09-05T14:25:54:     at process.processTicksAndRejections (node:internal/process/task_queues:83:21) {
2025-09-05T14:25:54:   code: 'EADDRINUSE',
2025-09-05T14:25:54:   errno: -48,
2025-09-05T14:25:54:   syscall: 'listen',
2025-09-05T14:25:54:   address: '0.0.0.0',
2025-09-05T14:25:54:   port: 5001
2025-09-05T14:25:54: }
2025-09-05T14:25:58: Error: listen EADDRINUSE: address already in use 0.0.0.0:5001
2025-09-05T14:25:58:     at Server.setupListenHandle [as _listen2] (node:net:1817:16)
2025-09-05T14:25:58:     at listenInCluster (node:net:1865:12)
2025-09-05T14:25:58:     at doListen (node:net:2014:7)
2025-09-05T14:25:58:     at process.processTicksAndRejections (node:internal/process/task_queues:83:21) {
2025-09-05T14:25:58:   code: 'EADDRINUSE',
2025-09-05T14:25:58:   errno: -48,
2025-09-05T14:25:58:   syscall: 'listen',
2025-09-05T14:25:58:   address: '0.0.0.0',
2025-09-05T14:25:58:   port: 5001
2025-09-05T14:25:58: }
2025-09-05T14:26:02: Error: listen EADDRINUSE: address already in use 0.0.0.0:5001
2025-09-05T14:26:02:     at Server.setupListenHandle [as _listen2] (node:net:1817:16)
2025-09-05T14:26:02:     at listenInCluster (node:net:1865:12)
2025-09-05T14:26:02:     at doListen (node:net:2014:7)
2025-09-05T14:26:02:     at process.processTicksAndRejections (node:internal/process/task_queues:83:21) {
2025-09-05T14:26:02:   code: 'EADDRINUSE',
2025-09-05T14:26:02:   errno: -48,
2025-09-05T14:26:02:   syscall: 'listen',
2025-09-05T14:26:02:   address: '0.0.0.0',
2025-09-05T14:26:02:   port: 5001
2025-09-05T14:26:02: }
2025-09-05T14:26:06: Error: listen EADDRINUSE: address already in use 0.0.0.0:5001
2025-09-05T14:26:06:     at Server.setupListenHandle [as _listen2] (node:net:1817:16)
2025-09-05T14:26:06:     at listenInCluster (node:net:1865:12)
2025-09-05T14:26:06:     at doListen (node:net:2014:7)
2025-09-05T14:26:06:     at process.processTicksAndRejections (node:internal/process/task_queues:83:21) {
2025-09-05T14:26:06:   code: 'EADDRINUSE',
2025-09-05T14:26:06:   errno: -48,
2025-09-05T14:26:06:   syscall: 'listen',
2025-09-05T14:26:06:   address: '0.0.0.0',
2025-09-05T14:26:06:   port: 5001
2025-09-05T14:26:06: }
2025-09-05T14:26:11: Error: listen EADDRINUSE: address already in use 0.0.0.0:5001
2025-09-05T14:26:11:     at Server.setupListenHandle [as _listen2] (node:net:1817:16)
2025-09-05T14:26:11:     at listenInCluster (node:net:1865:12)
2025-09-05T14:26:11:     at doListen (node:net:2014:7)
2025-09-05T14:26:11:     at process.processTicksAndRejections (node:internal/process/task_queues:83:21) {
2025-09-05T14:26:11:   code: 'EADDRINUSE',
2025-09-05T14:26:11:   errno: -48,
2025-09-05T14:26:11:   syscall: 'listen',
2025-09-05T14:26:11:   address: '0.0.0.0',
2025-09-05T14:26:11:   port: 5001
2025-09-05T14:26:11: }
2025-09-05T14:26:15: Error: listen EADDRINUSE: address already in use 0.0.0.0:5001
2025-09-05T14:26:15:     at Server.setupListenHandle [as _listen2] (node:net:1817:16)
2025-09-05T14:26:15:     at listenInCluster (node:net:1865:12)
2025-09-05T14:26:15:     at doListen (node:net:2014:7)
2025-09-05T14:26:15:     at process.processTicksAndRejections (node:internal/process/task_queues:83:21) {
2025-09-05T14:26:15:   code: 'EADDRINUSE',
2025-09-05T14:26:15:   errno: -48,
2025-09-05T14:26:15:   syscall: 'listen',
2025-09-05T14:26:15:   address: '0.0.0.0',
2025-09-05T14:26:15:   port: 5001
2025-09-05T14:26:15: }
2025-09-05T14:26:19: Error: listen EADDRINUSE: address already in use 0.0.0.0:5001
2025-09-05T14:26:19:     at Server.setupListenHandle [as _listen2] (node:net:1817:16)
2025-09-05T14:26:19:     at listenInCluster (node:net:1865:12)
2025-09-05T14:26:19:     at doListen (node:net:2014:7)
2025-09-05T14:26:19:     at process.processTicksAndRejections (node:internal/process/task_queues:83:21) {
2025-09-05T14:26:19:   code: 'EADDRINUSE',
2025-09-05T14:26:19:   errno: -48,
2025-09-05T14:26:19:   syscall: 'listen',
2025-09-05T14:26:19:   address: '0.0.0.0',
2025-09-05T14:26:19:   port: 5001
2025-09-05T14:26:19: }
2025-09-05T14:26:23: Error: listen EADDRINUSE: address already in use 0.0.0.0:5001
2025-09-05T14:26:23:     at Server.setupListenHandle [as _listen2] (node:net:1817:16)
2025-09-05T14:26:23:     at listenInCluster (node:net:1865:12)
2025-09-05T14:26:23:     at doListen (node:net:2014:7)
2025-09-05T14:26:23:     at process.processTicksAndRejections (node:internal/process/task_queues:83:21) {
2025-09-05T14:26:23:   code: 'EADDRINUSE',
2025-09-05T14:26:23:   errno: -48,
2025-09-05T14:26:23:   syscall: 'listen',
2025-09-05T14:26:23:   address: '0.0.0.0',
2025-09-05T14:26:23:   port: 5001
2025-09-05T14:26:23: }
2025-09-05T14:26:28: Error: listen EADDRINUSE: address already in use 0.0.0.0:5001
2025-09-05T14:26:28:     at Server.setupListenHandle [as _listen2] (node:net:1817:16)
2025-09-05T14:26:28:     at listenInCluster (node:net:1865:12)
2025-09-05T14:26:28:     at doListen (node:net:2014:7)
2025-09-05T14:26:28:     at process.processTicksAndRejections (node:internal/process/task_queues:83:21) {
2025-09-05T14:26:28:   code: 'EADDRINUSE',
2025-09-05T14:26:28:   errno: -48,
2025-09-05T14:26:28:   syscall: 'listen',
2025-09-05T14:26:28:   address: '0.0.0.0',
2025-09-05T14:26:28:   port: 5001
2025-09-05T14:26:28: }
2025-09-05T14:26:32: Error: listen EADDRINUSE: address already in use 0.0.0.0:5001
2025-09-05T14:26:32:     at Server.setupListenHandle [as _listen2] (node:net:1817:16)
2025-09-05T14:26:32:     at listenInCluster (node:net:1865:12)
2025-09-05T14:26:32:     at doListen (node:net:2014:7)
2025-09-05T14:26:32:     at process.processTicksAndRejections (node:internal/process/task_queues:83:21) {
2025-09-05T14:26:32:   code: 'EADDRINUSE',
2025-09-05T14:26:32:   errno: -48,
2025-09-05T14:26:32:   syscall: 'listen',
2025-09-05T14:26:32:   address: '0.0.0.0',
2025-09-05T14:26:32:   port: 5001
2025-09-05T14:26:32: }
2025-09-05T14:28:16: Error: listen EADDRINUSE: address already in use 0.0.0.0:5001
2025-09-05T14:28:16:     at Server.setupListenHandle [as _listen2] (node:net:1817:16)
2025-09-05T14:28:16:     at listenInCluster (node:net:1865:12)
2025-09-05T14:28:16:     at doListen (node:net:2014:7)
2025-09-05T14:28:16:     at process.processTicksAndRejections (node:internal/process/task_queues:83:21) {
2025-09-05T14:28:16:   code: 'EADDRINUSE',
2025-09-05T14:28:16:   errno: -48,
2025-09-05T14:28:16:   syscall: 'listen',
2025-09-05T14:28:16:   address: '0.0.0.0',
2025-09-05T14:28:16:   port: 5001
2025-09-05T14:28:16: }
2025-09-05T14:28:20: Error: listen EADDRINUSE: address already in use 0.0.0.0:5001
2025-09-05T14:28:20:     at Server.setupListenHandle [as _listen2] (node:net:1817:16)
2025-09-05T14:28:20:     at listenInCluster (node:net:1865:12)
2025-09-05T14:28:20:     at doListen (node:net:2014:7)
2025-09-05T14:28:20:     at process.processTicksAndRejections (node:internal/process/task_queues:83:21) {
2025-09-05T14:28:20:   code: 'EADDRINUSE',
2025-09-05T14:28:20:   errno: -48,
2025-09-05T14:28:20:   syscall: 'listen',
2025-09-05T14:28:20:   address: '0.0.0.0',
2025-09-05T14:28:20:   port: 5001
2025-09-05T14:28:20: }
2025-09-05T14:28:25: Error: listen EADDRINUSE: address already in use 0.0.0.0:5001
2025-09-05T14:28:25:     at Server.setupListenHandle [as _listen2] (node:net:1817:16)
2025-09-05T14:28:25:     at listenInCluster (node:net:1865:12)
2025-09-05T14:28:25:     at doListen (node:net:2014:7)
2025-09-05T14:28:25:     at process.processTicksAndRejections (node:internal/process/task_queues:83:21) {
2025-09-05T14:28:25:   code: 'EADDRINUSE',
2025-09-05T14:28:25:   errno: -48,
2025-09-05T14:28:25:   syscall: 'listen',
2025-09-05T14:28:25:   address: '0.0.0.0',
2025-09-05T14:28:25:   port: 5001
2025-09-05T14:28:25: }
2025-09-05T14:28:29: Error: listen EADDRINUSE: address already in use 0.0.0.0:5001
2025-09-05T14:28:29:     at Server.setupListenHandle [as _listen2] (node:net:1817:16)
2025-09-05T14:28:29:     at listenInCluster (node:net:1865:12)
2025-09-05T14:28:29:     at doListen (node:net:2014:7)
2025-09-05T14:28:29:     at process.processTicksAndRejections (node:internal/process/task_queues:83:21) {
2025-09-05T14:28:29:   code: 'EADDRINUSE',
2025-09-05T14:28:29:   errno: -48,
2025-09-05T14:28:29:   syscall: 'listen',
2025-09-05T14:28:29:   address: '0.0.0.0',
2025-09-05T14:28:29:   port: 5001
2025-09-05T14:28:29: }
2025-09-05T14:28:33: Error: listen EADDRINUSE: address already in use 0.0.0.0:5001
2025-09-05T14:28:33:     at Server.setupListenHandle [as _listen2] (node:net:1817:16)
2025-09-05T14:28:33:     at listenInCluster (node:net:1865:12)
2025-09-05T14:28:33:     at doListen (node:net:2014:7)
2025-09-05T14:28:33:     at process.processTicksAndRejections (node:internal/process/task_queues:83:21) {
2025-09-05T14:28:33:   code: 'EADDRINUSE',
2025-09-05T14:28:33:   errno: -48,
2025-09-05T14:28:33:   syscall: 'listen',
2025-09-05T14:28:33:   address: '0.0.0.0',
2025-09-05T14:28:33:   port: 5001
2025-09-05T14:28:33: }
2025-09-05T14:28:37: Error: listen EADDRINUSE: address already in use 0.0.0.0:5001
2025-09-05T14:28:37:     at Server.setupListenHandle [as _listen2] (node:net:1817:16)
2025-09-05T14:28:37:     at listenInCluster (node:net:1865:12)
2025-09-05T14:28:37:     at doListen (node:net:2014:7)
2025-09-05T14:28:37:     at process.processTicksAndRejections (node:internal/process/task_queues:83:21) {
2025-09-05T14:28:37:   code: 'EADDRINUSE',
2025-09-05T14:28:37:   errno: -48,
2025-09-05T14:28:37:   syscall: 'listen',
2025-09-05T14:28:37:   address: '0.0.0.0',
2025-09-05T14:28:37:   port: 5001
2025-09-05T14:28:37: }
2025-09-05T14:28:42: Error: listen EADDRINUSE: address already in use 0.0.0.0:5001
2025-09-05T14:28:42:     at Server.setupListenHandle [as _listen2] (node:net:1817:16)
2025-09-05T14:28:42:     at listenInCluster (node:net:1865:12)
2025-09-05T14:28:42:     at doListen (node:net:2014:7)
2025-09-05T14:28:42:     at process.processTicksAndRejections (node:internal/process/task_queues:83:21) {
2025-09-05T14:28:42:   code: 'EADDRINUSE',
2025-09-05T14:28:42:   errno: -48,
2025-09-05T14:28:42:   syscall: 'listen',
2025-09-05T14:28:42:   address: '0.0.0.0',
2025-09-05T14:28:42:   port: 5001
2025-09-05T14:28:42: }
2025-09-05T14:28:46: Error: listen EADDRINUSE: address already in use 0.0.0.0:5001
2025-09-05T14:28:46:     at Server.setupListenHandle [as _listen2] (node:net:1817:16)
2025-09-05T14:28:46:     at listenInCluster (node:net:1865:12)
2025-09-05T14:28:46:     at doListen (node:net:2014:7)
2025-09-05T14:28:46:     at process.processTicksAndRejections (node:internal/process/task_queues:83:21) {
2025-09-05T14:28:46:   code: 'EADDRINUSE',
2025-09-05T14:28:46:   errno: -48,
2025-09-05T14:28:46:   syscall: 'listen',
2025-09-05T14:28:46:   address: '0.0.0.0',
2025-09-05T14:28:46:   port: 5001
2025-09-05T14:28:46: }
2025-09-05T14:28:50: Error: listen EADDRINUSE: address already in use 0.0.0.0:5001
2025-09-05T14:28:50:     at Server.setupListenHandle [as _listen2] (node:net:1817:16)
2025-09-05T14:28:50:     at listenInCluster (node:net:1865:12)
2025-09-05T14:28:50:     at doListen (node:net:2014:7)
2025-09-05T14:28:50:     at process.processTicksAndRejections (node:internal/process/task_queues:83:21) {
2025-09-05T14:28:50:   code: 'EADDRINUSE',
2025-09-05T14:28:50:   errno: -48,
2025-09-05T14:28:50:   syscall: 'listen',
2025-09-05T14:28:50:   address: '0.0.0.0',
2025-09-05T14:28:50:   port: 5001
2025-09-05T14:28:50: }
2025-09-05T14:28:54: Error: listen EADDRINUSE: address already in use 0.0.0.0:5001
2025-09-05T14:28:54:     at Server.setupListenHandle [as _listen2] (node:net:1817:16)
2025-09-05T14:28:54:     at listenInCluster (node:net:1865:12)
2025-09-05T14:28:54:     at doListen (node:net:2014:7)
2025-09-05T14:28:54:     at process.processTicksAndRejections (node:internal/process/task_queues:83:21) {
2025-09-05T14:28:54:   code: 'EADDRINUSE',
2025-09-05T14:28:54:   errno: -48,
2025-09-05T14:28:54:   syscall: 'listen',
2025-09-05T14:28:54:   address: '0.0.0.0',
2025-09-05T14:28:54:   port: 5001
2025-09-05T14:28:54: }
2025-09-05T14:30:57: Error: listen EADDRINUSE: address already in use 0.0.0.0:5001
2025-09-05T14:30:57:     at Server.setupListenHandle [as _listen2] (node:net:1817:16)
2025-09-05T14:30:57:     at listenInCluster (node:net:1865:12)
2025-09-05T14:30:57:     at doListen (node:net:2014:7)
2025-09-05T14:30:57:     at process.processTicksAndRejections (node:internal/process/task_queues:83:21) {
2025-09-05T14:30:57:   code: 'EADDRINUSE',
2025-09-05T14:30:57:   errno: -48,
2025-09-05T14:30:57:   syscall: 'listen',
2025-09-05T14:30:57:   address: '0.0.0.0',
2025-09-05T14:30:57:   port: 5001
2025-09-05T14:30:57: }
2025-09-05T14:31:02: Error: listen EADDRINUSE: address already in use 0.0.0.0:5001
2025-09-05T14:31:02:     at Server.setupListenHandle [as _listen2] (node:net:1817:16)
2025-09-05T14:31:02:     at listenInCluster (node:net:1865:12)
2025-09-05T14:31:02:     at doListen (node:net:2014:7)
2025-09-05T14:31:02:     at process.processTicksAndRejections (node:internal/process/task_queues:83:21) {
2025-09-05T14:31:02:   code: 'EADDRINUSE',
2025-09-05T14:31:02:   errno: -48,
2025-09-05T14:31:02:   syscall: 'listen',
2025-09-05T14:31:02:   address: '0.0.0.0',
2025-09-05T14:31:02:   port: 5001
2025-09-05T14:31:02: }
2025-09-05T14:31:06: Error: listen EADDRINUSE: address already in use 0.0.0.0:5001
2025-09-05T14:31:06:     at Server.setupListenHandle [as _listen2] (node:net:1817:16)
2025-09-05T14:31:06:     at listenInCluster (node:net:1865:12)
2025-09-05T14:31:06:     at doListen (node:net:2014:7)
2025-09-05T14:31:06:     at process.processTicksAndRejections (node:internal/process/task_queues:83:21) {
2025-09-05T14:31:06:   code: 'EADDRINUSE',
2025-09-05T14:31:06:   errno: -48,
2025-09-05T14:31:06:   syscall: 'listen',
2025-09-05T14:31:06:   address: '0.0.0.0',
2025-09-05T14:31:06:   port: 5001
2025-09-05T14:31:06: }
2025-09-05T14:31:10: Error: listen EADDRINUSE: address already in use 0.0.0.0:5001
2025-09-05T14:31:10:     at Server.setupListenHandle [as _listen2] (node:net:1817:16)
2025-09-05T14:31:10:     at listenInCluster (node:net:1865:12)
2025-09-05T14:31:10:     at doListen (node:net:2014:7)
2025-09-05T14:31:10:     at process.processTicksAndRejections (node:internal/process/task_queues:83:21) {
2025-09-05T14:31:10:   code: 'EADDRINUSE',
2025-09-05T14:31:10:   errno: -48,
2025-09-05T14:31:10:   syscall: 'listen',
2025-09-05T14:31:10:   address: '0.0.0.0',
2025-09-05T14:31:10:   port: 5001
2025-09-05T14:31:10: }
2025-09-05T14:31:13: Error: listen EADDRINUSE: address already in use 0.0.0.0:5001
2025-09-05T14:31:13:     at Server.setupListenHandle [as _listen2] (node:net:1817:16)
2025-09-05T14:31:13:     at listenInCluster (node:net:1865:12)
2025-09-05T14:31:13:     at doListen (node:net:2014:7)
2025-09-05T14:31:13:     at process.processTicksAndRejections (node:internal/process/task_queues:83:21) {
2025-09-05T14:31:13:   code: 'EADDRINUSE',
2025-09-05T14:31:13:   errno: -48,
2025-09-05T14:31:13:   syscall: 'listen',
2025-09-05T14:31:13:   address: '0.0.0.0',
2025-09-05T14:31:13:   port: 5001
2025-09-05T14:31:13: }
2025-09-05T14:31:17: Error: listen EADDRINUSE: address already in use 0.0.0.0:5001
2025-09-05T14:31:17:     at Server.setupListenHandle [as _listen2] (node:net:1817:16)
2025-09-05T14:31:17:     at listenInCluster (node:net:1865:12)
2025-09-05T14:31:17:     at doListen (node:net:2014:7)
2025-09-05T14:31:17:     at process.processTicksAndRejections (node:internal/process/task_queues:83:21) {
2025-09-05T14:31:17:   code: 'EADDRINUSE',
2025-09-05T14:31:17:   errno: -48,
2025-09-05T14:31:17:   syscall: 'listen',
2025-09-05T14:31:17:   address: '0.0.0.0',
2025-09-05T14:31:17:   port: 5001
2025-09-05T14:31:17: }
2025-09-05T14:31:22: Error: listen EADDRINUSE: address already in use 0.0.0.0:5001
2025-09-05T14:31:22:     at Server.setupListenHandle [as _listen2] (node:net:1817:16)
2025-09-05T14:31:22:     at listenInCluster (node:net:1865:12)
2025-09-05T14:31:22:     at doListen (node:net:2014:7)
2025-09-05T14:31:22:     at process.processTicksAndRejections (node:internal/process/task_queues:83:21) {
2025-09-05T14:31:22:   code: 'EADDRINUSE',
2025-09-05T14:31:22:   errno: -48,
2025-09-05T14:31:22:   syscall: 'listen',
2025-09-05T14:31:22:   address: '0.0.0.0',
2025-09-05T14:31:22:   port: 5001
2025-09-05T14:31:22: }
2025-09-05T14:31:26: Error: listen EADDRINUSE: address already in use 0.0.0.0:5001
2025-09-05T14:31:26:     at Server.setupListenHandle [as _listen2] (node:net:1817:16)
2025-09-05T14:31:26:     at listenInCluster (node:net:1865:12)
2025-09-05T14:31:26:     at doListen (node:net:2014:7)
2025-09-05T14:31:26:     at process.processTicksAndRejections (node:internal/process/task_queues:83:21) {
2025-09-05T14:31:26:   code: 'EADDRINUSE',
2025-09-05T14:31:26:   errno: -48,
2025-09-05T14:31:26:   syscall: 'listen',
2025-09-05T14:31:26:   address: '0.0.0.0',
2025-09-05T14:31:26:   port: 5001
2025-09-05T14:31:26: }
2025-09-05T14:31:30: Error: listen EADDRINUSE: address already in use 0.0.0.0:5001
2025-09-05T14:31:30:     at Server.setupListenHandle [as _listen2] (node:net:1817:16)
2025-09-05T14:31:30:     at listenInCluster (node:net:1865:12)
2025-09-05T14:31:30:     at doListen (node:net:2014:7)
2025-09-05T14:31:30:     at process.processTicksAndRejections (node:internal/process/task_queues:83:21) {
2025-09-05T14:31:30:   code: 'EADDRINUSE',
2025-09-05T14:31:30:   errno: -48,
2025-09-05T14:31:30:   syscall: 'listen',
2025-09-05T14:31:30:   address: '0.0.0.0',
2025-09-05T14:31:30:   port: 5001
2025-09-05T14:31:30: }
2025-09-05T14:31:34: Error: listen EADDRINUSE: address already in use 0.0.0.0:5001
2025-09-05T14:31:34:     at Server.setupListenHandle [as _listen2] (node:net:1817:16)
2025-09-05T14:31:34:     at listenInCluster (node:net:1865:12)
2025-09-05T14:31:34:     at doListen (node:net:2014:7)
2025-09-05T14:31:34:     at process.processTicksAndRejections (node:internal/process/task_queues:83:21) {
2025-09-05T14:31:34:   code: 'EADDRINUSE',
2025-09-05T14:31:34:   errno: -48,
2025-09-05T14:31:34:   syscall: 'listen',
2025-09-05T14:31:34:   address: '0.0.0.0',
2025-09-05T14:31:34:   port: 5001
2025-09-05T14:31:34: }
2025-09-05T14:31:39: Error: listen EADDRINUSE: address already in use 0.0.0.0:5001
2025-09-05T14:31:39:     at Server.setupListenHandle [as _listen2] (node:net:1817:16)
2025-09-05T14:31:39:     at listenInCluster (node:net:1865:12)
2025-09-05T14:31:39:     at doListen (node:net:2014:7)
2025-09-05T14:31:39:     at process.processTicksAndRejections (node:internal/process/task_queues:83:21) {
2025-09-05T14:31:39:   code: 'EADDRINUSE',
2025-09-05T14:31:39:   errno: -48,
2025-09-05T14:31:39:   syscall: 'listen',
2025-09-05T14:31:39:   address: '0.0.0.0',
2025-09-05T14:31:39:   port: 5001
2025-09-05T14:31:39: }
2025-09-05T14:31:43: Error: listen EADDRINUSE: address already in use 0.0.0.0:5001
2025-09-05T14:31:43:     at Server.setupListenHandle [as _listen2] (node:net:1817:16)
2025-09-05T14:31:43:     at listenInCluster (node:net:1865:12)
2025-09-05T14:31:43:     at doListen (node:net:2014:7)
2025-09-05T14:31:43:     at process.processTicksAndRejections (node:internal/process/task_queues:83:21) {
2025-09-05T14:31:43:   code: 'EADDRINUSE',
2025-09-05T14:31:43:   errno: -48,
2025-09-05T14:31:43:   syscall: 'listen',
2025-09-05T14:31:43:   address: '0.0.0.0',
2025-09-05T14:31:43:   port: 5001
2025-09-05T14:31:43: }
2025-09-05T14:31:47: Error: listen EADDRINUSE: address already in use 0.0.0.0:5001
2025-09-05T14:31:47:     at Server.setupListenHandle [as _listen2] (node:net:1817:16)
2025-09-05T14:31:47:     at listenInCluster (node:net:1865:12)
2025-09-05T14:31:47:     at doListen (node:net:2014:7)
2025-09-05T14:31:47:     at process.processTicksAndRejections (node:internal/process/task_queues:83:21) {
2025-09-05T14:31:47:   code: 'EADDRINUSE',
2025-09-05T14:31:47:   errno: -48,
2025-09-05T14:31:47:   syscall: 'listen',
2025-09-05T14:31:47:   address: '0.0.0.0',
2025-09-05T14:31:47:   port: 5001
2025-09-05T14:31:47: }
2025-09-05T14:31:51: Error: listen EADDRINUSE: address already in use 0.0.0.0:5001
2025-09-05T14:31:51:     at Server.setupListenHandle [as _listen2] (node:net:1817:16)
2025-09-05T14:31:51:     at listenInCluster (node:net:1865:12)
2025-09-05T14:31:51:     at doListen (node:net:2014:7)
2025-09-05T14:31:51:     at process.processTicksAndRejections (node:internal/process/task_queues:83:21) {
2025-09-05T14:31:51:   code: 'EADDRINUSE',
2025-09-05T14:31:51:   errno: -48,
2025-09-05T14:31:51:   syscall: 'listen',
2025-09-05T14:31:51:   address: '0.0.0.0',
2025-09-05T14:31:51:   port: 5001
2025-09-05T14:31:51: }
2025-09-07T02:04:20: ❌ Login error: MongooseError: Operation `users.findOne()` buffering timed out after 10000ms
2025-09-07T02:04:20:     at Timeout.<anonymous> (/Users/gautamkumar/ST/techreel/backend/node_modules/mongoose/lib/drivers/node-mongodb-native/collection.js:185:23)
2025-09-07T02:04:20:     at listOnTimeout (node:internal/timers:569:17)
2025-09-07T02:04:20:     at process.processTimers (node:internal/timers:512:7)
2025-09-07T02:04:24: ❌ Login error: MongooseError: Operation `users.findOne()` buffering timed out after 10000ms
2025-09-07T02:04:24:     at Timeout.<anonymous> (/Users/gautamkumar/ST/techreel/backend/node_modules/mongoose/lib/drivers/node-mongodb-native/collection.js:185:23)
2025-09-07T02:04:24:     at listOnTimeout (node:internal/timers:569:17)
2025-09-07T02:04:24:     at process.processTimers (node:internal/timers:512:7)
2025-09-07T02:04:28: ❌ MongoDB Connection Error: MongooseServerSelectionError: Could not connect to any servers in your MongoDB Atlas cluster. One common reason is that you're trying to access the database from an IP that isn't whitelisted. Make sure your current IP address is on your Atlas cluster's IP whitelist: https://www.mongodb.com/docs/atlas/security-whitelist/
2025-09-07T02:04:28:     at _handleConnectionErrors (/Users/gautamkumar/ST/techreel/backend/node_modules/mongoose/lib/connection.js:816:11)
2025-09-07T02:04:28:     at NativeConnection.openUri (/Users/gautamkumar/ST/techreel/backend/node_modules/mongoose/lib/connection.js:791:11) {
2025-09-07T02:04:28:   reason: TopologyDescription {
2025-09-07T02:04:28:     type: 'ReplicaSetNoPrimary',
2025-09-07T02:04:28:     servers: Map(3) {
2025-09-07T02:04:28:       'courseseek-shard-00-00.slatg.mongodb.net:27017' => [ServerDescription],
2025-09-07T02:04:28:       'courseseek-shard-00-01.slatg.mongodb.net:27017' => [ServerDescription],
2025-09-07T02:04:28:       'courseseek-shard-00-02.slatg.mongodb.net:27017' => [ServerDescription]
2025-09-07T02:04:28:     },
2025-09-07T02:04:28:     stale: false,
2025-09-07T02:04:28:     compatible: true,
2025-09-07T02:04:28:     heartbeatFrequencyMS: 10000,
2025-09-07T02:04:28:     localThresholdMS: 15,
2025-09-07T02:04:28:     setName: 'atlas-iao09c-shard-0',
2025-09-07T02:04:28:     maxElectionId: null,
2025-09-07T02:04:28:     maxSetVersion: null,
2025-09-07T02:04:28:     commonWireVersion: 0,
2025-09-07T02:04:28:     logicalSessionTimeoutMinutes: null
2025-09-07T02:04:28:   },
2025-09-07T02:04:28:   code: undefined
2025-09-07T02:04:28: }
2025-09-07T02:04:47: ❌ Login error: MongooseError: Operation `users.findOne()` buffering timed out after 10000ms
2025-09-07T02:04:47:     at Timeout.<anonymous> (/Users/gautamkumar/ST/techreel/backend/node_modules/mongoose/lib/drivers/node-mongodb-native/collection.js:185:23)
2025-09-07T02:04:47:     at listOnTimeout (node:internal/timers:569:17)
2025-09-07T02:04:47:     at process.processTimers (node:internal/timers:512:7)
2025-09-07T02:04:49: ❌ Login error: MongooseError: Operation `users.findOne()` buffering timed out after 10000ms
2025-09-07T02:04:49:     at Timeout.<anonymous> (/Users/gautamkumar/ST/techreel/backend/node_modules/mongoose/lib/drivers/node-mongodb-native/collection.js:185:23)
2025-09-07T02:04:49:     at listOnTimeout (node:internal/timers:569:17)
2025-09-07T02:04:49:     at process.processTimers (node:internal/timers:512:7)
2025-09-07T02:04:56: ❌ Login error: MongooseError: Operation `users.findOne()` buffering timed out after 10000ms
2025-09-07T02:04:56:     at Timeout.<anonymous> (/Users/gautamkumar/ST/techreel/backend/node_modules/mongoose/lib/drivers/node-mongodb-native/collection.js:185:23)
2025-09-07T02:04:56:     at listOnTimeout (node:internal/timers:569:17)
2025-09-07T02:04:56:     at process.processTimers (node:internal/timers:512:7)
2025-09-07T02:04:56: ❌ Login error: MongooseError: Operation `users.findOne()` buffering timed out after 10000ms
2025-09-07T02:04:56:     at Timeout.<anonymous> (/Users/gautamkumar/ST/techreel/backend/node_modules/mongoose/lib/drivers/node-mongodb-native/collection.js:185:23)
2025-09-07T02:04:56:     at listOnTimeout (node:internal/timers:569:17)
2025-09-07T02:04:56:     at process.processTimers (node:internal/timers:512:7)
2025-09-07T02:04:57: ❌ Login error: MongooseError: Operation `users.findOne()` buffering timed out after 10000ms
2025-09-07T02:04:57:     at Timeout.<anonymous> (/Users/gautamkumar/ST/techreel/backend/node_modules/mongoose/lib/drivers/node-mongodb-native/collection.js:185:23)
2025-09-07T02:04:57:     at listOnTimeout (node:internal/timers:569:17)
2025-09-07T02:04:57:     at process.processTimers (node:internal/timers:512:7)
2025-09-07T02:05:03: ❌ MongoDB Connection Error: MongooseServerSelectionError: Could not connect to any servers in your MongoDB Atlas cluster. One common reason is that you're trying to access the database from an IP that isn't whitelisted. Make sure your current IP address is on your Atlas cluster's IP whitelist: https://www.mongodb.com/docs/atlas/security-whitelist/
2025-09-07T02:05:03:     at _handleConnectionErrors (/Users/gautamkumar/ST/techreel/backend/node_modules/mongoose/lib/connection.js:816:11)
2025-09-07T02:05:03:     at NativeConnection.openUri (/Users/gautamkumar/ST/techreel/backend/node_modules/mongoose/lib/connection.js:791:11) {
2025-09-07T02:05:03:   reason: TopologyDescription {
2025-09-07T02:05:03:     type: 'ReplicaSetNoPrimary',
2025-09-07T02:05:03:     servers: Map(3) {
2025-09-07T02:05:03:       'courseseek-shard-00-00.slatg.mongodb.net:27017' => [ServerDescription],
2025-09-07T02:05:03:       'courseseek-shard-00-01.slatg.mongodb.net:27017' => [ServerDescription],
2025-09-07T02:05:03:       'courseseek-shard-00-02.slatg.mongodb.net:27017' => [ServerDescription]
2025-09-07T02:05:03:     },
2025-09-07T02:05:03:     stale: false,
2025-09-07T02:05:03:     compatible: true,
2025-09-07T02:05:03:     heartbeatFrequencyMS: 10000,
2025-09-07T02:05:03:     localThresholdMS: 15,
2025-09-07T02:05:03:     setName: 'atlas-iao09c-shard-0',
2025-09-07T02:05:03:     maxElectionId: null,
2025-09-07T02:05:03:     maxSetVersion: null,
2025-09-07T02:05:03:     commonWireVersion: 0,
2025-09-07T02:05:03:     logicalSessionTimeoutMinutes: null
2025-09-07T02:05:03:   },
2025-09-07T02:05:03:   code: undefined
2025-09-07T02:05:03: }
2025-09-07T02:05:37: ❌ MongoDB Connection Error: MongooseServerSelectionError: Could not connect to any servers in your MongoDB Atlas cluster. One common reason is that you're trying to access the database from an IP that isn't whitelisted. Make sure your current IP address is on your Atlas cluster's IP whitelist: https://www.mongodb.com/docs/atlas/security-whitelist/
2025-09-07T02:05:37:     at _handleConnectionErrors (/Users/gautamkumar/ST/techreel/backend/node_modules/mongoose/lib/connection.js:816:11)
2025-09-07T02:05:37:     at NativeConnection.openUri (/Users/gautamkumar/ST/techreel/backend/node_modules/mongoose/lib/connection.js:791:11) {
2025-09-07T02:05:37:   reason: TopologyDescription {
2025-09-07T02:05:37:     type: 'ReplicaSetNoPrimary',
2025-09-07T02:05:37:     servers: Map(3) {
2025-09-07T02:05:37:       'courseseek-shard-00-00.slatg.mongodb.net:27017' => [ServerDescription],
2025-09-07T02:05:37:       'courseseek-shard-00-01.slatg.mongodb.net:27017' => [ServerDescription],
2025-09-07T02:05:37:       'courseseek-shard-00-02.slatg.mongodb.net:27017' => [ServerDescription]
2025-09-07T02:05:37:     },
2025-09-07T02:05:37:     stale: false,
2025-09-07T02:05:37:     compatible: true,
2025-09-07T02:05:37:     heartbeatFrequencyMS: 10000,
2025-09-07T02:05:37:     localThresholdMS: 15,
2025-09-07T02:05:37:     setName: 'atlas-iao09c-shard-0',
2025-09-07T02:05:37:     maxElectionId: null,
2025-09-07T02:05:37:     maxSetVersion: null,
2025-09-07T02:05:37:     commonWireVersion: 0,
2025-09-07T02:05:37:     logicalSessionTimeoutMinutes: null
2025-09-07T02:05:37:   },
2025-09-07T02:05:37:   code: undefined
2025-09-07T02:05:37: }
2025-09-07T02:06:00: ❌ Login error: MongooseError: Operation `users.findOne()` buffering timed out after 10000ms
2025-09-07T02:06:00:     at Timeout.<anonymous> (/Users/gautamkumar/ST/techreel/backend/node_modules/mongoose/lib/drivers/node-mongodb-native/collection.js:185:23)
2025-09-07T02:06:00:     at listOnTimeout (node:internal/timers:569:17)
2025-09-07T02:06:00:     at process.processTimers (node:internal/timers:512:7)
2025-09-07T02:06:11: ❌ MongoDB Connection Error: MongooseServerSelectionError: Could not connect to any servers in your MongoDB Atlas cluster. One common reason is that you're trying to access the database from an IP that isn't whitelisted. Make sure your current IP address is on your Atlas cluster's IP whitelist: https://www.mongodb.com/docs/atlas/security-whitelist/
2025-09-07T02:06:11:     at _handleConnectionErrors (/Users/gautamkumar/ST/techreel/backend/node_modules/mongoose/lib/connection.js:816:11)
2025-09-07T02:06:11:     at NativeConnection.openUri (/Users/gautamkumar/ST/techreel/backend/node_modules/mongoose/lib/connection.js:791:11)
2025-09-07T02:06:11:     at process.processTicksAndRejections (node:internal/process/task_queues:95:5) {
2025-09-07T02:06:11:   reason: TopologyDescription {
2025-09-07T02:06:11:     type: 'ReplicaSetNoPrimary',
2025-09-07T02:06:11:     servers: Map(3) {
2025-09-07T02:06:11:       'courseseek-shard-00-00.slatg.mongodb.net:27017' => [ServerDescription],
2025-09-07T02:06:11:       'courseseek-shard-00-01.slatg.mongodb.net:27017' => [ServerDescription],
2025-09-07T02:06:11:       'courseseek-shard-00-02.slatg.mongodb.net:27017' => [ServerDescription]
2025-09-07T02:06:11:     },
2025-09-07T02:06:11:     stale: false,
2025-09-07T02:06:11:     compatible: true,
2025-09-07T02:06:11:     heartbeatFrequencyMS: 10000,
2025-09-07T02:06:11:     localThresholdMS: 15,
2025-09-07T02:06:11:     setName: 'atlas-iao09c-shard-0',
2025-09-07T02:06:11:     maxElectionId: null,
2025-09-07T02:06:11:     maxSetVersion: null,
2025-09-07T02:06:11:     commonWireVersion: 0,
2025-09-07T02:06:11:     logicalSessionTimeoutMinutes: null
2025-09-07T02:06:11:   },
2025-09-07T02:06:11:   code: undefined
2025-09-07T02:06:11: }
2025-09-07T02:06:46: ❌ MongoDB Connection Error: MongooseServerSelectionError: Could not connect to any servers in your MongoDB Atlas cluster. One common reason is that you're trying to access the database from an IP that isn't whitelisted. Make sure your current IP address is on your Atlas cluster's IP whitelist: https://www.mongodb.com/docs/atlas/security-whitelist/
2025-09-07T02:06:46:     at _handleConnectionErrors (/Users/gautamkumar/ST/techreel/backend/node_modules/mongoose/lib/connection.js:816:11)
2025-09-07T02:06:46:     at NativeConnection.openUri (/Users/gautamkumar/ST/techreel/backend/node_modules/mongoose/lib/connection.js:791:11) {
2025-09-07T02:06:46:   reason: TopologyDescription {
2025-09-07T02:06:46:     type: 'ReplicaSetNoPrimary',
2025-09-07T02:06:46:     servers: Map(3) {
2025-09-07T02:06:46:       'courseseek-shard-00-00.slatg.mongodb.net:27017' => [ServerDescription],
2025-09-07T02:06:46:       'courseseek-shard-00-01.slatg.mongodb.net:27017' => [ServerDescription],
2025-09-07T02:06:46:       'courseseek-shard-00-02.slatg.mongodb.net:27017' => [ServerDescription]
2025-09-07T02:06:46:     },
2025-09-07T02:06:46:     stale: false,
2025-09-07T02:06:46:     compatible: true,
2025-09-07T02:06:46:     heartbeatFrequencyMS: 10000,
2025-09-07T02:06:46:     localThresholdMS: 15,
2025-09-07T02:06:46:     setName: 'atlas-iao09c-shard-0',
2025-09-07T02:06:46:     maxElectionId: null,
2025-09-07T02:06:46:     maxSetVersion: null,
2025-09-07T02:06:46:     commonWireVersion: 0,
2025-09-07T02:06:46:     logicalSessionTimeoutMinutes: null
2025-09-07T02:06:46:   },
2025-09-07T02:06:46:   code: undefined
2025-09-07T02:06:46: }
2025-09-07T02:07:13: ❌ Login error: MongooseError: Operation `users.findOne()` buffering timed out after 10000ms
2025-09-07T02:07:13:     at Timeout.<anonymous> (/Users/gautamkumar/ST/techreel/backend/node_modules/mongoose/lib/drivers/node-mongodb-native/collection.js:185:23)
2025-09-07T02:07:13:     at listOnTimeout (node:internal/timers:569:17)
2025-09-07T02:07:13:     at process.processTimers (node:internal/timers:512:7)
2025-09-07T02:07:20: ❌ MongoDB Connection Error: MongooseServerSelectionError: Could not connect to any servers in your MongoDB Atlas cluster. One common reason is that you're trying to access the database from an IP that isn't whitelisted. Make sure your current IP address is on your Atlas cluster's IP whitelist: https://www.mongodb.com/docs/atlas/security-whitelist/
2025-09-07T02:07:20:     at _handleConnectionErrors (/Users/gautamkumar/ST/techreel/backend/node_modules/mongoose/lib/connection.js:816:11)
2025-09-07T02:07:20:     at NativeConnection.openUri (/Users/gautamkumar/ST/techreel/backend/node_modules/mongoose/lib/connection.js:791:11)
2025-09-07T02:07:20:     at process.processTicksAndRejections (node:internal/process/task_queues:95:5) {
2025-09-07T02:07:20:   reason: TopologyDescription {
2025-09-07T02:07:20:     type: 'ReplicaSetNoPrimary',
2025-09-07T02:07:20:     servers: Map(3) {
2025-09-07T02:07:20:       'courseseek-shard-00-00.slatg.mongodb.net:27017' => [ServerDescription],
2025-09-07T02:07:20:       'courseseek-shard-00-01.slatg.mongodb.net:27017' => [ServerDescription],
2025-09-07T02:07:20:       'courseseek-shard-00-02.slatg.mongodb.net:27017' => [ServerDescription]
2025-09-07T02:07:20:     },
2025-09-07T02:07:20:     stale: false,
2025-09-07T02:07:20:     compatible: true,
2025-09-07T02:07:20:     heartbeatFrequencyMS: 10000,
2025-09-07T02:07:20:     localThresholdMS: 15,
2025-09-07T02:07:20:     setName: 'atlas-iao09c-shard-0',
2025-09-07T02:07:20:     maxElectionId: null,
2025-09-07T02:07:20:     maxSetVersion: null,
2025-09-07T02:07:20:     commonWireVersion: 0,
2025-09-07T02:07:20:     logicalSessionTimeoutMinutes: null
2025-09-07T02:07:20:   },
2025-09-07T02:07:20:   code: undefined
2025-09-07T02:07:20: }
2025-09-07T02:07:55: ❌ MongoDB Connection Error: MongooseServerSelectionError: Could not connect to any servers in your MongoDB Atlas cluster. One common reason is that you're trying to access the database from an IP that isn't whitelisted. Make sure your current IP address is on your Atlas cluster's IP whitelist: https://www.mongodb.com/docs/atlas/security-whitelist/
2025-09-07T02:07:55:     at _handleConnectionErrors (/Users/gautamkumar/ST/techreel/backend/node_modules/mongoose/lib/connection.js:816:11)
2025-09-07T02:07:55:     at NativeConnection.openUri (/Users/gautamkumar/ST/techreel/backend/node_modules/mongoose/lib/connection.js:791:11)
2025-09-07T02:07:55:     at process.processTicksAndRejections (node:internal/process/task_queues:95:5) {
2025-09-07T02:07:55:   reason: TopologyDescription {
2025-09-07T02:07:55:     type: 'ReplicaSetNoPrimary',
2025-09-07T02:07:55:     servers: Map(3) {
2025-09-07T02:07:55:       'courseseek-shard-00-00.slatg.mongodb.net:27017' => [ServerDescription],
2025-09-07T02:07:55:       'courseseek-shard-00-01.slatg.mongodb.net:27017' => [ServerDescription],
2025-09-07T02:07:55:       'courseseek-shard-00-02.slatg.mongodb.net:27017' => [ServerDescription]
2025-09-07T02:07:55:     },
2025-09-07T02:07:55:     stale: false,
2025-09-07T02:07:55:     compatible: true,
2025-09-07T02:07:55:     heartbeatFrequencyMS: 10000,
2025-09-07T02:07:55:     localThresholdMS: 15,
2025-09-07T02:07:55:     setName: 'atlas-iao09c-shard-0',
2025-09-07T02:07:55:     maxElectionId: null,
2025-09-07T02:07:55:     maxSetVersion: null,
2025-09-07T02:07:55:     commonWireVersion: 0,
2025-09-07T02:07:55:     logicalSessionTimeoutMinutes: null
2025-09-07T02:07:55:   },
2025-09-07T02:07:55:   code: undefined
2025-09-07T02:07:55: }
2025-09-08T01:44:32: ❌ Error sending join request: TypeError: Cannot read properties of undefined (reading 'toString')
2025-09-08T01:44:32:     at /Users/gautamkumar/ST/techreel/backend/src/routes/groupRoutes.js:82:21
2025-09-08T01:44:32:     at Proxy.some (<anonymous>)
2025-09-08T01:44:32:     at /Users/gautamkumar/ST/techreel/backend/src/routes/groupRoutes.js:81:41
2025-09-08T01:44:32:     at process.processTicksAndRejections (node:internal/process/task_queues:95:5)
2025-09-08T01:59:16: Like error: VersionError: No matching document found for id "68bcbd895167532f37bed0ad" version 1 modifiedPaths "likes"
2025-09-08T01:59:16:     at generateVersionError (/Users/gautamkumar/ST/techreel/backend/node_modules/mongoose/lib/model.js:465:10)
2025-09-08T01:59:16:     at model.save (/Users/gautamkumar/ST/techreel/backend/node_modules/mongoose/lib/model.js:522:28)
2025-09-08T01:59:16:     at /Users/gautamkumar/ST/techreel/backend/src/routes/postRoutes.js:66:16
2025-09-08T01:59:16:     at process.processTicksAndRejections (node:internal/process/task_queues:95:5) {
2025-09-08T01:59:16:   version: 1,
2025-09-08T01:59:16:   modifiedPaths: [ 'likes' ]
2025-09-08T01:59:16: }
2025-09-08T01:59:21: Like error: VersionError: No matching document found for id "68bcbd895167532f37bed0ad" version 3 modifiedPaths "likes"
2025-09-08T01:59:21:     at generateVersionError (/Users/gautamkumar/ST/techreel/backend/node_modules/mongoose/lib/model.js:465:10)
2025-09-08T01:59:21:     at model.save (/Users/gautamkumar/ST/techreel/backend/node_modules/mongoose/lib/model.js:522:28)
2025-09-08T01:59:21:     at /Users/gautamkumar/ST/techreel/backend/src/routes/postRoutes.js:66:16
2025-09-08T01:59:21:     at process.processTicksAndRejections (node:internal/process/task_queues:95:5) {
2025-09-08T01:59:21:   version: 3,
2025-09-08T01:59:21:   modifiedPaths: [ 'likes' ]
2025-09-08T01:59:21: }
2025-09-08T19:48:15: ❌ Error removing member: VersionError: No matching document found for id "6880b07089b3dc2fd88253bb" version 10 modifiedPaths "members"
2025-09-08T19:48:15:     at generateVersionError (/Users/gautamkumar/ST/techreel/backend/node_modules/mongoose/lib/model.js:465:10)
2025-09-08T19:48:15:     at model.save (/Users/gautamkumar/ST/techreel/backend/node_modules/mongoose/lib/model.js:522:28)
2025-09-08T19:48:15:     at /Users/gautamkumar/ST/techreel/backend/src/routes/groupRoutes.js:182:17
2025-09-08T19:48:15:     at process.processTicksAndRejections (node:internal/process/task_queues:95:5) {
2025-09-08T19:48:15:   version: 10,
2025-09-08T19:48:15:   modifiedPaths: [ 'members' ]
2025-09-08T19:48:15: }
2025-09-08T19:48:15: ❌ Error removing member: VersionError: No matching document found for id "6880b07089b3dc2fd88253bb" version 10 modifiedPaths "members"
2025-09-08T19:48:15:     at generateVersionError (/Users/gautamkumar/ST/techreel/backend/node_modules/mongoose/lib/model.js:465:10)
2025-09-08T19:48:15:     at model.save (/Users/gautamkumar/ST/techreel/backend/node_modules/mongoose/lib/model.js:522:28)
2025-09-08T19:48:15:     at /Users/gautamkumar/ST/techreel/backend/src/routes/groupRoutes.js:182:17
2025-09-08T19:48:15:     at process.processTicksAndRejections (node:internal/process/task_queues:95:5) {
2025-09-08T19:48:15:   version: 10,
2025-09-08T19:48:15:   modifiedPaths: [ 'members' ]
2025-09-08T19:48:15: }
2025-09-08T19:48:15: ❌ Error removing member: VersionError: No matching document found for id "6880b07089b3dc2fd88253bb" version 10 modifiedPaths "members"
2025-09-08T19:48:15:     at generateVersionError (/Users/gautamkumar/ST/techreel/backend/node_modules/mongoose/lib/model.js:465:10)
2025-09-08T19:48:15:     at model.save (/Users/gautamkumar/ST/techreel/backend/node_modules/mongoose/lib/model.js:522:28)
2025-09-08T19:48:15:     at /Users/gautamkumar/ST/techreel/backend/src/routes/groupRoutes.js:182:17
2025-09-08T19:48:15:     at process.processTicksAndRejections (node:internal/process/task_queues:95:5) {
2025-09-08T19:48:15:   version: 10,
2025-09-08T19:48:15:   modifiedPaths: [ 'members' ]
2025-09-08T19:48:15: }
2025-09-08T19:48:15: ❌ Error removing member: VersionError: No matching document found for id "6880b07089b3dc2fd88253bb" version 10 modifiedPaths "members"
2025-09-08T19:48:15:     at generateVersionError (/Users/gautamkumar/ST/techreel/backend/node_modules/mongoose/lib/model.js:465:10)
2025-09-08T19:48:15:     at model.save (/Users/gautamkumar/ST/techreel/backend/node_modules/mongoose/lib/model.js:522:28)
2025-09-08T19:48:15:     at /Users/gautamkumar/ST/techreel/backend/src/routes/groupRoutes.js:182:17
2025-09-08T19:48:15:     at process.processTicksAndRejections (node:internal/process/task_queues:95:5) {
2025-09-08T19:48:15:   version: 10,
2025-09-08T19:48:15:   modifiedPaths: [ 'members' ]
2025-09-08T19:48:15: }
2025-09-08T20:01:27: ❌ Error sending join request: TypeError: Cannot read properties of undefined (reading 'toString')
2025-09-08T20:01:27:     at /Users/gautamkumar/ST/techreel/backend/src/routes/groupRoutes.js:83:21
2025-09-08T20:01:27:     at Proxy.some (<anonymous>)
2025-09-08T20:01:27:     at /Users/gautamkumar/ST/techreel/backend/src/routes/groupRoutes.js:82:41
2025-09-08T20:01:27:     at process.processTicksAndRejections (node:internal/process/task_queues:95:5)
2025-09-08T20:01:30: ❌ Error sending join request: TypeError: Cannot read properties of undefined (reading 'toString')
2025-09-08T20:01:30:     at /Users/gautamkumar/ST/techreel/backend/src/routes/groupRoutes.js:83:21
2025-09-08T20:01:30:     at Proxy.some (<anonymous>)
2025-09-08T20:01:30:     at /Users/gautamkumar/ST/techreel/backend/src/routes/groupRoutes.js:82:41
2025-09-08T20:01:30:     at process.processTicksAndRejections (node:internal/process/task_queues:95:5)
2025-09-08T20:01:33: ❌ Error sending join request: TypeError: Cannot read properties of undefined (reading 'toString')
2025-09-08T20:01:33:     at /Users/gautamkumar/ST/techreel/backend/src/routes/groupRoutes.js:83:21
2025-09-08T20:01:33:     at Proxy.some (<anonymous>)
2025-09-08T20:01:33:     at /Users/gautamkumar/ST/techreel/backend/src/routes/groupRoutes.js:82:41
2025-09-08T20:01:33:     at process.processTicksAndRejections (node:internal/process/task_queues:95:5)
2025-09-08T20:02:13: ❌ Error sending join request: TypeError: Cannot read properties of undefined (reading 'toString')
2025-09-08T20:02:13:     at /Users/gautamkumar/ST/techreel/backend/src/routes/groupRoutes.js:83:21
2025-09-08T20:02:13:     at Proxy.some (<anonymous>)
2025-09-08T20:02:13:     at /Users/gautamkumar/ST/techreel/backend/src/routes/groupRoutes.js:82:41
2025-09-08T20:02:13:     at process.processTicksAndRejections (node:internal/process/task_queues:95:5)
2025-09-08T20:02:52: ❌ Error adding member: TypeError: Cannot read properties of undefined (reading 'toString')
2025-09-08T20:02:52:     at /Users/gautamkumar/ST/techreel/backend/src/routes/groupRoutes.js:135:21
2025-09-08T20:02:52:     at Proxy.some (<anonymous>)
2025-09-08T20:02:52:     at /Users/gautamkumar/ST/techreel/backend/src/routes/groupRoutes.js:134:41
2025-09-08T20:02:52:     at process.processTicksAndRejections (node:internal/process/task_queues:95:5)
2025-09-08T20:02:52: ❌ Error adding member: TypeError: Cannot read properties of undefined (reading 'toString')
2025-09-08T20:02:52:     at /Users/gautamkumar/ST/techreel/backend/src/routes/groupRoutes.js:135:21
2025-09-08T20:02:52:     at Proxy.some (<anonymous>)
2025-09-08T20:02:52:     at /Users/gautamkumar/ST/techreel/backend/src/routes/groupRoutes.js:134:41
2025-09-08T20:02:52:     at process.processTicksAndRejections (node:internal/process/task_queues:95:5)
2025-09-08T20:37:32: ❌ Error removing member: VersionError: No matching document found for id "68beee4ef7ea86e9ef3ac68a" version 15 modifiedPaths "members"
2025-09-08T20:37:32:     at generateVersionError (/Users/gautamkumar/ST/techreel/backend/node_modules/mongoose/lib/model.js:465:10)
2025-09-08T20:37:32:     at model.save (/Users/gautamkumar/ST/techreel/backend/node_modules/mongoose/lib/model.js:522:28)
2025-09-08T20:37:32:     at /Users/gautamkumar/ST/techreel/backend/src/routes/groupRoutes.js:182:17
2025-09-08T20:37:32:     at process.processTicksAndRejections (node:internal/process/task_queues:95:5) {
2025-09-08T20:37:32:   version: 15,
2025-09-08T20:37:32:   modifiedPaths: [ 'members' ]
2025-09-08T20:37:32: }
2025-09-08T20:37:32: ❌ Error removing member: VersionError: No matching document found for id "68beee4ef7ea86e9ef3ac68a" version 15 modifiedPaths "members"
2025-09-08T20:37:32:     at generateVersionError (/Users/gautamkumar/ST/techreel/backend/node_modules/mongoose/lib/model.js:465:10)
2025-09-08T20:37:32:     at model.save (/Users/gautamkumar/ST/techreel/backend/node_modules/mongoose/lib/model.js:522:28)
2025-09-08T20:37:32:     at /Users/gautamkumar/ST/techreel/backend/src/routes/groupRoutes.js:182:17
2025-09-08T20:37:32:     at process.processTicksAndRejections (node:internal/process/task_queues:95:5) {
2025-09-08T20:37:32:   version: 15,
2025-09-08T20:37:32:   modifiedPaths: [ 'members' ]
2025-09-08T20:37:32: }
2025-09-08T20:37:32: ❌ Error removing member: VersionError: No matching document found for id "68beee4ef7ea86e9ef3ac68a" version 15 modifiedPaths "members"
2025-09-08T20:37:32:     at generateVersionError (/Users/gautamkumar/ST/techreel/backend/node_modules/mongoose/lib/model.js:465:10)
2025-09-08T20:37:32:     at model.save (/Users/gautamkumar/ST/techreel/backend/node_modules/mongoose/lib/model.js:522:28)
2025-09-08T20:37:32:     at /Users/gautamkumar/ST/techreel/backend/src/routes/groupRoutes.js:182:17
2025-09-08T20:37:32:     at process.processTicksAndRejections (node:internal/process/task_queues:95:5) {
2025-09-08T20:37:32:   version: 15,
2025-09-08T20:37:32:   modifiedPaths: [ 'members' ]
2025-09-08T20:37:32: }
2025-09-08T20:37:32: ❌ Error removing member: VersionError: No matching document found for id "68beee4ef7ea86e9ef3ac68a" version 15 modifiedPaths "members"
2025-09-08T20:37:32:     at generateVersionError (/Users/gautamkumar/ST/techreel/backend/node_modules/mongoose/lib/model.js:465:10)
2025-09-08T20:37:32:     at model.save (/Users/gautamkumar/ST/techreel/backend/node_modules/mongoose/lib/model.js:522:28)
2025-09-08T20:37:32:     at /Users/gautamkumar/ST/techreel/backend/src/routes/groupRoutes.js:182:17
2025-09-08T20:37:32:     at process.processTicksAndRejections (node:internal/process/task_queues:95:5) {
2025-09-08T20:37:32:   version: 15,
2025-09-08T20:37:32:   modifiedPaths: [ 'members' ]
2025-09-08T20:37:32: }
2025-09-08T20:38:01: ❌ Error removing member: VersionError: No matching document found for id "68beee4ef7ea86e9ef3ac68a" version 18 modifiedPaths "members"
2025-09-08T20:38:01:     at generateVersionError (/Users/gautamkumar/ST/techreel/backend/node_modules/mongoose/lib/model.js:465:10)
2025-09-08T20:38:01:     at model.save (/Users/gautamkumar/ST/techreel/backend/node_modules/mongoose/lib/model.js:522:28)
2025-09-08T20:38:01:     at /Users/gautamkumar/ST/techreel/backend/src/routes/groupRoutes.js:182:17
2025-09-08T20:38:01:     at process.processTicksAndRejections (node:internal/process/task_queues:95:5) {
2025-09-08T20:38:01:   version: 18,
2025-09-08T20:38:01:   modifiedPaths: [ 'members' ]
2025-09-08T20:38:01: }
2025-09-08T20:38:01: ❌ Error removing member: VersionError: No matching document found for id "68beee4ef7ea86e9ef3ac68a" version 18 modifiedPaths "members"
2025-09-08T20:38:01:     at generateVersionError (/Users/gautamkumar/ST/techreel/backend/node_modules/mongoose/lib/model.js:465:10)
2025-09-08T20:38:01:     at model.save (/Users/gautamkumar/ST/techreel/backend/node_modules/mongoose/lib/model.js:522:28)
2025-09-08T20:38:01:     at /Users/gautamkumar/ST/techreel/backend/src/routes/groupRoutes.js:182:17
2025-09-08T20:38:01:     at process.processTicksAndRejections (node:internal/process/task_queues:95:5) {
2025-09-08T20:38:01:   version: 18,
2025-09-08T20:38:01:   modifiedPaths: [ 'members' ]
2025-09-08T20:38:01: }
2025-09-08T20:38:01: ❌ Error removing member: VersionError: No matching document found for id "68beee4ef7ea86e9ef3ac68a" version 18 modifiedPaths "members"
2025-09-08T20:38:01:     at generateVersionError (/Users/gautamkumar/ST/techreel/backend/node_modules/mongoose/lib/model.js:465:10)
2025-09-08T20:38:01:     at model.save (/Users/gautamkumar/ST/techreel/backend/node_modules/mongoose/lib/model.js:522:28)
2025-09-08T20:38:01:     at /Users/gautamkumar/ST/techreel/backend/src/routes/groupRoutes.js:182:17
2025-09-08T20:38:01:     at process.processTicksAndRejections (node:internal/process/task_queues:95:5) {
2025-09-08T20:38:01:   version: 18,
2025-09-08T20:38:01:   modifiedPaths: [ 'members' ]
2025-09-08T20:38:01: }
2025-09-08T20:48:21: ❌ Error removing member: VersionError: No matching document found for id "68beee4ef7ea86e9ef3ac68a" version 21 modifiedPaths "members"
2025-09-08T20:48:21:     at generateVersionError (/Users/gautamkumar/ST/techreel/backend/node_modules/mongoose/lib/model.js:465:10)
2025-09-08T20:48:21:     at model.save (/Users/gautamkumar/ST/techreel/backend/node_modules/mongoose/lib/model.js:522:28)
2025-09-08T20:48:21:     at /Users/gautamkumar/ST/techreel/backend/src/routes/groupRoutes.js:182:17
2025-09-08T20:48:21:     at process.processTicksAndRejections (node:internal/process/task_queues:95:5) {
2025-09-08T20:48:21:   version: 21,
2025-09-08T20:48:21:   modifiedPaths: [ 'members' ]
2025-09-08T20:48:21: }
2025-09-08T20:48:21: ❌ Error removing member: VersionError: No matching document found for id "68beee4ef7ea86e9ef3ac68a" version 21 modifiedPaths "members"
2025-09-08T20:48:21:     at generateVersionError (/Users/gautamkumar/ST/techreel/backend/node_modules/mongoose/lib/model.js:465:10)
2025-09-08T20:48:21:     at model.save (/Users/gautamkumar/ST/techreel/backend/node_modules/mongoose/lib/model.js:522:28)
2025-09-08T20:48:21:     at /Users/gautamkumar/ST/techreel/backend/src/routes/groupRoutes.js:182:17
2025-09-08T20:48:21:     at process.processTicksAndRejections (node:internal/process/task_queues:95:5) {
2025-09-08T20:48:21:   version: 21,
2025-09-08T20:48:21:   modifiedPaths: [ 'members' ]
2025-09-08T20:48:21: }
2025-09-08T20:49:28: ❌ Error removing member: VersionError: No matching document found for id "68bef15ff7ea86e9ef3aca8e" version 9 modifiedPaths "members"
2025-09-08T20:49:28:     at generateVersionError (/Users/gautamkumar/ST/techreel/backend/node_modules/mongoose/lib/model.js:465:10)
2025-09-08T20:49:28:     at model.save (/Users/gautamkumar/ST/techreel/backend/node_modules/mongoose/lib/model.js:522:28)
2025-09-08T20:49:28:     at /Users/gautamkumar/ST/techreel/backend/src/routes/groupRoutes.js:182:17
2025-09-08T20:49:28:     at process.processTicksAndRejections (node:internal/process/task_queues:95:5) {
2025-09-08T20:49:28:   version: 9,
2025-09-08T20:49:28:   modifiedPaths: [ 'members' ]
2025-09-08T20:49:28: }
2025-09-08T20:56:18: ❌ Error removing member: VersionError: No matching document found for id "68bef217f7ea86e9ef3acaf4" version 9 modifiedPaths "members"
2025-09-08T20:56:18:     at generateVersionError (/Users/gautamkumar/ST/techreel/backend/node_modules/mongoose/lib/model.js:465:10)
2025-09-08T20:56:18:     at model.save (/Users/gautamkumar/ST/techreel/backend/node_modules/mongoose/lib/model.js:522:28)
2025-09-08T20:56:18:     at /Users/gautamkumar/ST/techreel/backend/src/routes/groupRoutes.js:182:17
2025-09-08T20:56:18:     at process.processTicksAndRejections (node:internal/process/task_queues:95:5) {
2025-09-08T20:56:18:   version: 9,
2025-09-08T20:56:18:   modifiedPaths: [ 'members' ]
2025-09-08T20:56:18: }
2025-09-08T20:56:18: ❌ Error removing member: VersionError: No matching document found for id "68bef217f7ea86e9ef3acaf4" version 9 modifiedPaths "members"
2025-09-08T20:56:18:     at generateVersionError (/Users/gautamkumar/ST/techreel/backend/node_modules/mongoose/lib/model.js:465:10)
2025-09-08T20:56:18:     at model.save (/Users/gautamkumar/ST/techreel/backend/node_modules/mongoose/lib/model.js:522:28)
2025-09-08T20:56:18:     at /Users/gautamkumar/ST/techreel/backend/src/routes/groupRoutes.js:182:17
2025-09-08T20:56:18:     at process.processTicksAndRejections (node:internal/process/task_queues:95:5) {
2025-09-08T20:56:18:   version: 9,
2025-09-08T20:56:18:   modifiedPaths: [ 'members' ]
2025-09-08T20:56:18: }
2025-09-08T20:56:43: ❌ Error removing member: VersionError: No matching document found for id "68beee4ef7ea86e9ef3ac68a" version 27 modifiedPaths "members"
2025-09-08T20:56:43:     at generateVersionError (/Users/gautamkumar/ST/techreel/backend/node_modules/mongoose/lib/model.js:465:10)
2025-09-08T20:56:43:     at model.save (/Users/gautamkumar/ST/techreel/backend/node_modules/mongoose/lib/model.js:522:28)
2025-09-08T20:56:43:     at /Users/gautamkumar/ST/techreel/backend/src/routes/groupRoutes.js:182:17
2025-09-08T20:56:43:     at process.processTicksAndRejections (node:internal/process/task_queues:95:5) {
2025-09-08T20:56:43:   version: 27,
2025-09-08T20:56:43:   modifiedPaths: [ 'members' ]
2025-09-08T20:56:43: }
2025-09-08T22:04:43: Feed error: PoolClearedOnNetworkError: Connection to courseseek-shard-00-02.slatg.mongodb.net:27017 interrupted due to server monitor timeout
2025-09-08T22:04:43:     at ConnectionPool.interruptInUseConnections (/Users/gautamkumar/ST/techreel/backend/node_modules/mongodb/lib/cmap/connection_pool.js:262:36)
2025-09-08T22:04:43:     at /Users/gautamkumar/ST/techreel/backend/node_modules/mongodb/lib/cmap/connection_pool.js:249:41
2025-09-08T22:04:43:     at process.processTicksAndRejections (node:internal/process/task_queues:77:11) {
2025-09-08T22:04:43:   address: 'courseseek-shard-00-02.slatg.mongodb.net:27017',
2025-09-08T22:04:43:   [Symbol(errorLabels)]: Set(1) { 'RetryableWriteError' }
2025-09-08T22:04:43: }
2025-09-08T22:04:43: Feed error: PoolClearedOnNetworkError: Connection to courseseek-shard-00-02.slatg.mongodb.net:27017 interrupted due to server monitor timeout
2025-09-08T22:04:43:     at ConnectionPool.interruptInUseConnections (/Users/gautamkumar/ST/techreel/backend/node_modules/mongodb/lib/cmap/connection_pool.js:262:36)
2025-09-08T22:04:43:     at /Users/gautamkumar/ST/techreel/backend/node_modules/mongodb/lib/cmap/connection_pool.js:249:41
2025-09-08T22:04:43:     at process.processTicksAndRejections (node:internal/process/task_queues:77:11) {
2025-09-08T22:04:43:   address: 'courseseek-shard-00-02.slatg.mongodb.net:27017',
2025-09-08T22:04:43:   [Symbol(errorLabels)]: Set(1) { 'RetryableWriteError' }
2025-09-08T22:04:43: }
2025-09-08T22:04:43: Feed error: PoolClearedOnNetworkError: Connection to courseseek-shard-00-02.slatg.mongodb.net:27017 interrupted due to server monitor timeout
2025-09-08T22:04:43:     at ConnectionPool.interruptInUseConnections (/Users/gautamkumar/ST/techreel/backend/node_modules/mongodb/lib/cmap/connection_pool.js:262:36)
2025-09-08T22:04:43:     at /Users/gautamkumar/ST/techreel/backend/node_modules/mongodb/lib/cmap/connection_pool.js:249:41
2025-09-08T22:04:43:     at process.processTicksAndRejections (node:internal/process/task_queues:77:11) {
2025-09-08T22:04:43:   address: 'courseseek-shard-00-02.slatg.mongodb.net:27017',
2025-09-08T22:04:43:   [Symbol(errorLabels)]: Set(1) { 'RetryableWriteError' }
2025-09-08T22:04:43: }
2025-09-08T22:04:43: Feed error: PoolClearedOnNetworkError: Connection to courseseek-shard-00-02.slatg.mongodb.net:27017 interrupted due to server monitor timeout
2025-09-08T22:04:43:     at ConnectionPool.interruptInUseConnections (/Users/gautamkumar/ST/techreel/backend/node_modules/mongodb/lib/cmap/connection_pool.js:262:36)
2025-09-08T22:04:43:     at /Users/gautamkumar/ST/techreel/backend/node_modules/mongodb/lib/cmap/connection_pool.js:249:41
2025-09-08T22:04:43:     at process.processTicksAndRejections (node:internal/process/task_queues:77:11) {
2025-09-08T22:04:43:   address: 'courseseek-shard-00-02.slatg.mongodb.net:27017',
2025-09-08T22:04:43:   [Symbol(errorLabels)]: Set(1) { 'RetryableWriteError' }
2025-09-08T22:04:43: }
2025-09-08T22:04:43: Feed error: PoolClearedOnNetworkError: Connection to courseseek-shard-00-02.slatg.mongodb.net:27017 interrupted due to server monitor timeout
2025-09-08T22:04:43:     at ConnectionPool.interruptInUseConnections (/Users/gautamkumar/ST/techreel/backend/node_modules/mongodb/lib/cmap/connection_pool.js:262:36)
2025-09-08T22:04:43:     at /Users/gautamkumar/ST/techreel/backend/node_modules/mongodb/lib/cmap/connection_pool.js:249:41
2025-09-08T22:04:43:     at process.processTicksAndRejections (node:internal/process/task_queues:77:11) {
2025-09-08T22:04:43:   address: 'courseseek-shard-00-02.slatg.mongodb.net:27017',
2025-09-08T22:04:43:   [Symbol(errorLabels)]: Set(1) { 'RetryableWriteError' }
2025-09-08T22:04:43: }
2025-09-08T22:04:43: Feed error: PoolClearedOnNetworkError: Connection to courseseek-shard-00-02.slatg.mongodb.net:27017 interrupted due to server monitor timeout
2025-09-08T22:04:43:     at ConnectionPool.interruptInUseConnections (/Users/gautamkumar/ST/techreel/backend/node_modules/mongodb/lib/cmap/connection_pool.js:262:36)
2025-09-08T22:04:43:     at /Users/gautamkumar/ST/techreel/backend/node_modules/mongodb/lib/cmap/connection_pool.js:249:41
2025-09-08T22:04:43:     at process.processTicksAndRejections (node:internal/process/task_queues:77:11) {
2025-09-08T22:04:43:   address: 'courseseek-shard-00-02.slatg.mongodb.net:27017',
2025-09-08T22:04:43:   [Symbol(errorLabels)]: Set(1) { 'RetryableWriteError' }
2025-09-08T22:04:43: }
2025-09-08T22:04:43: Feed error: PoolClearedOnNetworkError: Connection to courseseek-shard-00-02.slatg.mongodb.net:27017 interrupted due to server monitor timeout
2025-09-08T22:04:43:     at ConnectionPool.interruptInUseConnections (/Users/gautamkumar/ST/techreel/backend/node_modules/mongodb/lib/cmap/connection_pool.js:262:36)
2025-09-08T22:04:43:     at /Users/gautamkumar/ST/techreel/backend/node_modules/mongodb/lib/cmap/connection_pool.js:249:41
2025-09-08T22:04:43:     at process.processTicksAndRejections (node:internal/process/task_queues:77:11) {
2025-09-08T22:04:43:   address: 'courseseek-shard-00-02.slatg.mongodb.net:27017',
2025-09-08T22:04:43:   [Symbol(errorLabels)]: Set(1) { 'RetryableWriteError' }
2025-09-08T22:04:43: }
2025-09-08T22:04:43: Feed error: PoolClearedOnNetworkError: Connection to courseseek-shard-00-02.slatg.mongodb.net:27017 interrupted due to server monitor timeout
2025-09-08T22:04:43:     at ConnectionPool.interruptInUseConnections (/Users/gautamkumar/ST/techreel/backend/node_modules/mongodb/lib/cmap/connection_pool.js:262:36)
2025-09-08T22:04:43:     at /Users/gautamkumar/ST/techreel/backend/node_modules/mongodb/lib/cmap/connection_pool.js:249:41
2025-09-08T22:04:43:     at process.processTicksAndRejections (node:internal/process/task_queues:77:11) {
2025-09-08T22:04:43:   address: 'courseseek-shard-00-02.slatg.mongodb.net:27017',
2025-09-08T22:04:43:   [Symbol(errorLabels)]: Set(1) { 'RetryableWriteError' }
2025-09-08T22:04:43: }
2025-09-08T22:04:43: Feed error: PoolClearedOnNetworkError: Connection to courseseek-shard-00-02.slatg.mongodb.net:27017 interrupted due to server monitor timeout
2025-09-08T22:04:43:     at ConnectionPool.interruptInUseConnections (/Users/gautamkumar/ST/techreel/backend/node_modules/mongodb/lib/cmap/connection_pool.js:262:36)
2025-09-08T22:04:43:     at /Users/gautamkumar/ST/techreel/backend/node_modules/mongodb/lib/cmap/connection_pool.js:249:41
2025-09-08T22:04:43:     at process.processTicksAndRejections (node:internal/process/task_queues:77:11) {
2025-09-08T22:04:43:   address: 'courseseek-shard-00-02.slatg.mongodb.net:27017',
2025-09-08T22:04:43:   [Symbol(errorLabels)]: Set(1) { 'RetryableWriteError' }
2025-09-08T22:04:43: }
2025-09-08T22:33:27: Feed error: TypeError: Class constructor ObjectId cannot be invoked without 'new'
2025-09-08T22:33:27:     at /Users/gautamkumar/ST/techreel/backend/src/routes/postRoutes.js:110:35
2025-09-08T22:33:27:     at Array.map (<anonymous>)
2025-09-08T22:33:27:     at /Users/gautamkumar/ST/techreel/backend/src/routes/postRoutes.js:110:8
2025-09-08T22:33:27:     at process.processTicksAndRejections (node:internal/process/task_queues:95:5)
2025-09-08T22:33:27: Feed error: TypeError: Class constructor ObjectId cannot be invoked without 'new'
2025-09-08T22:33:27:     at /Users/gautamkumar/ST/techreel/backend/src/routes/postRoutes.js:110:35
2025-09-08T22:33:27:     at Array.map (<anonymous>)
2025-09-08T22:33:27:     at /Users/gautamkumar/ST/techreel/backend/src/routes/postRoutes.js:110:8
2025-09-08T22:33:27:     at process.processTicksAndRejections (node:internal/process/task_queues:95:5)
2025-09-08T22:33:27: Feed error: TypeError: Class constructor ObjectId cannot be invoked without 'new'
2025-09-08T22:33:27:     at /Users/gautamkumar/ST/techreel/backend/src/routes/postRoutes.js:110:35
2025-09-08T22:33:27:     at Array.map (<anonymous>)
2025-09-08T22:33:27:     at /Users/gautamkumar/ST/techreel/backend/src/routes/postRoutes.js:110:8
2025-09-08T22:33:27:     at process.processTicksAndRejections (node:internal/process/task_queues:95:5)
2025-09-08T23:03:46: Feed error: TypeError: Class constructor ObjectId cannot be invoked without 'new'
2025-09-08T23:03:46:     at /Users/gautamkumar/ST/techreel/backend/src/routes/postRoutes.js:110:35
2025-09-08T23:03:46:     at Array.map (<anonymous>)
2025-09-08T23:03:46:     at /Users/gautamkumar/ST/techreel/backend/src/routes/postRoutes.js:110:8
2025-09-08T23:03:46:     at process.processTicksAndRejections (node:internal/process/task_queues:95:5)
2025-09-08T23:03:46: Feed error: TypeError: Class constructor ObjectId cannot be invoked without 'new'
2025-09-08T23:03:46:     at /Users/gautamkumar/ST/techreel/backend/src/routes/postRoutes.js:110:35
2025-09-08T23:03:46:     at Array.map (<anonymous>)
2025-09-08T23:03:46:     at /Users/gautamkumar/ST/techreel/backend/src/routes/postRoutes.js:110:8
2025-09-08T23:03:46:     at process.processTicksAndRejections (node:internal/process/task_queues:95:5)
2025-09-08T23:03:46: Feed error: TypeError: Class constructor ObjectId cannot be invoked without 'new'
2025-09-08T23:03:46:     at /Users/gautamkumar/ST/techreel/backend/src/routes/postRoutes.js:110:35
2025-09-08T23:03:46:     at Array.map (<anonymous>)
2025-09-08T23:03:46:     at /Users/gautamkumar/ST/techreel/backend/src/routes/postRoutes.js:110:8
2025-09-08T23:03:46:     at process.processTicksAndRejections (node:internal/process/task_queues:95:5)
2025-09-08T23:04:23: Feed error: TypeError: Class constructor ObjectId cannot be invoked without 'new'
2025-09-08T23:04:23:     at /Users/gautamkumar/ST/techreel/backend/src/routes/postRoutes.js:110:35
2025-09-08T23:04:23:     at Array.map (<anonymous>)
2025-09-08T23:04:23:     at /Users/gautamkumar/ST/techreel/backend/src/routes/postRoutes.js:110:8
2025-09-08T23:04:23:     at process.processTicksAndRejections (node:internal/process/task_queues:95:5)
2025-09-08T23:04:23: Feed error: TypeError: Class constructor ObjectId cannot be invoked without 'new'
2025-09-08T23:04:23:     at /Users/gautamkumar/ST/techreel/backend/src/routes/postRoutes.js:110:35
2025-09-08T23:04:23:     at Array.map (<anonymous>)
2025-09-08T23:04:23:     at /Users/gautamkumar/ST/techreel/backend/src/routes/postRoutes.js:110:8
2025-09-08T23:04:23:     at process.processTicksAndRejections (node:internal/process/task_queues:95:5)
2025-09-08T23:04:23: Feed error: TypeError: Class constructor ObjectId cannot be invoked without 'new'
2025-09-08T23:04:23:     at /Users/gautamkumar/ST/techreel/backend/src/routes/postRoutes.js:110:35
2025-09-08T23:04:23:     at Array.map (<anonymous>)
2025-09-08T23:04:23:     at /Users/gautamkumar/ST/techreel/backend/src/routes/postRoutes.js:110:8
2025-09-08T23:04:23:     at process.processTicksAndRejections (node:internal/process/task_queues:95:5)
2025-09-08T23:07:27: Feed error: TypeError: Class constructor ObjectId cannot be invoked without 'new'
2025-09-08T23:07:27:     at /Users/gautamkumar/ST/techreel/backend/src/routes/postRoutes.js:110:35
2025-09-08T23:07:27:     at Array.map (<anonymous>)
2025-09-08T23:07:27:     at /Users/gautamkumar/ST/techreel/backend/src/routes/postRoutes.js:110:8
2025-09-08T23:07:27:     at process.processTicksAndRejections (node:internal/process/task_queues:95:5)
2025-09-08T23:07:27: Feed error: TypeError: Class constructor ObjectId cannot be invoked without 'new'
2025-09-08T23:07:27:     at /Users/gautamkumar/ST/techreel/backend/src/routes/postRoutes.js:110:35
2025-09-08T23:07:27:     at Array.map (<anonymous>)
2025-09-08T23:07:27:     at /Users/gautamkumar/ST/techreel/backend/src/routes/postRoutes.js:110:8
2025-09-08T23:07:27:     at process.processTicksAndRejections (node:internal/process/task_queues:95:5)
2025-09-08T23:07:27: Feed error: TypeError: Class constructor ObjectId cannot be invoked without 'new'
2025-09-08T23:07:27:     at /Users/gautamkumar/ST/techreel/backend/src/routes/postRoutes.js:110:35
2025-09-08T23:07:27:     at Array.map (<anonymous>)
2025-09-08T23:07:27:     at /Users/gautamkumar/ST/techreel/backend/src/routes/postRoutes.js:110:8
2025-09-08T23:07:27:     at process.processTicksAndRejections (node:internal/process/task_queues:95:5)
2025-09-08T23:07:33: Feed error: TypeError: Class constructor ObjectId cannot be invoked without 'new'
2025-09-08T23:07:33:     at /Users/gautamkumar/ST/techreel/backend/src/routes/postRoutes.js:110:35
2025-09-08T23:07:33:     at Array.map (<anonymous>)
2025-09-08T23:07:33:     at /Users/gautamkumar/ST/techreel/backend/src/routes/postRoutes.js:110:8
2025-09-08T23:07:33:     at process.processTicksAndRejections (node:internal/process/task_queues:95:5)
2025-09-08T23:07:33: Feed error: TypeError: Class constructor ObjectId cannot be invoked without 'new'
2025-09-08T23:07:33:     at /Users/gautamkumar/ST/techreel/backend/src/routes/postRoutes.js:110:35
2025-09-08T23:07:33:     at Array.map (<anonymous>)
2025-09-08T23:07:33:     at /Users/gautamkumar/ST/techreel/backend/src/routes/postRoutes.js:110:8
2025-09-08T23:07:33:     at process.processTicksAndRejections (node:internal/process/task_queues:95:5)
2025-09-08T23:07:33: Feed error: TypeError: Class constructor ObjectId cannot be invoked without 'new'
2025-09-08T23:07:33:     at /Users/gautamkumar/ST/techreel/backend/src/routes/postRoutes.js:110:35
2025-09-08T23:07:33:     at Array.map (<anonymous>)
2025-09-08T23:07:33:     at /Users/gautamkumar/ST/techreel/backend/src/routes/postRoutes.js:110:8
2025-09-08T23:07:33:     at process.processTicksAndRejections (node:internal/process/task_queues:95:5)
2025-09-08T23:07:40: Feed error: TypeError: Class constructor ObjectId cannot be invoked without 'new'
2025-09-08T23:07:40:     at /Users/gautamkumar/ST/techreel/backend/src/routes/postRoutes.js:110:35
2025-09-08T23:07:40:     at Array.map (<anonymous>)
2025-09-08T23:07:40:     at /Users/gautamkumar/ST/techreel/backend/src/routes/postRoutes.js:110:8
2025-09-08T23:07:40:     at process.processTicksAndRejections (node:internal/process/task_queues:95:5)
2025-09-08T23:07:40: Feed error: TypeError: Class constructor ObjectId cannot be invoked without 'new'
2025-09-08T23:07:40:     at /Users/gautamkumar/ST/techreel/backend/src/routes/postRoutes.js:110:35
2025-09-08T23:07:40:     at Array.map (<anonymous>)
2025-09-08T23:07:40:     at /Users/gautamkumar/ST/techreel/backend/src/routes/postRoutes.js:110:8
2025-09-08T23:07:40:     at process.processTicksAndRejections (node:internal/process/task_queues:95:5)
2025-09-08T23:07:40: Feed error: TypeError: Class constructor ObjectId cannot be invoked without 'new'
2025-09-08T23:07:40:     at /Users/gautamkumar/ST/techreel/backend/src/routes/postRoutes.js:110:35
2025-09-08T23:07:40:     at Array.map (<anonymous>)
2025-09-08T23:07:40:     at /Users/gautamkumar/ST/techreel/backend/src/routes/postRoutes.js:110:8
2025-09-08T23:07:40:     at process.processTicksAndRejections (node:internal/process/task_queues:95:5)
2025-09-08T23:45:24: Unread count error: MongoServerSelectionError: getaddrinfo ENOTFOUND courseseek-shard-00-00.slatg.mongodb.net
2025-09-08T23:45:24:     at Timeout._onTimeout (/Users/gautamkumar/ST/techreel/backend/node_modules/mongodb/lib/sdam/topology.js:278:38)
2025-09-08T23:45:24:     at listOnTimeout (node:internal/timers:569:17)
2025-09-08T23:45:24:     at process.processTimers (node:internal/timers:512:7) {
2025-09-08T23:45:24:   reason: TopologyDescription {
2025-09-08T23:45:24:     type: 'ReplicaSetNoPrimary',
2025-09-08T23:45:24:     servers: Map(3) {
2025-09-08T23:45:24:       'courseseek-shard-00-00.slatg.mongodb.net:27017' => [ServerDescription],
2025-09-08T23:45:24:       'courseseek-shard-00-01.slatg.mongodb.net:27017' => [ServerDescription],
2025-09-08T23:45:24:       'courseseek-shard-00-02.slatg.mongodb.net:27017' => [ServerDescription]
2025-09-08T23:45:24:     },
2025-09-08T23:45:24:     stale: false,
2025-09-08T23:45:24:     compatible: true,
2025-09-08T23:45:24:     heartbeatFrequencyMS: 10000,
2025-09-08T23:45:24:     localThresholdMS: 15,
2025-09-08T23:45:24:     setName: 'atlas-iao09c-shard-0',
2025-09-08T23:45:24:     maxElectionId: new ObjectId("7fffffff00000000000000ce"),
2025-09-08T23:45:24:     maxSetVersion: 220,
2025-09-08T23:45:24:     commonWireVersion: 0,
2025-09-08T23:45:24:     logicalSessionTimeoutMinutes: null
2025-09-08T23:45:24:   },
2025-09-08T23:45:24:   code: undefined,
2025-09-08T23:45:24:   [Symbol(errorLabels)]: Set(0) {}
2025-09-08T23:45:24: }
2025-09-08T23:47:13: Unread count error: MongoServerSelectionError: getaddrinfo ENOTFOUND courseseek-shard-00-00.slatg.mongodb.net
2025-09-08T23:47:13:     at Timeout._onTimeout (/Users/gautamkumar/ST/techreel/backend/node_modules/mongodb/lib/sdam/topology.js:278:38)
2025-09-08T23:47:13:     at listOnTimeout (node:internal/timers:569:17)
2025-09-08T23:47:13:     at process.processTimers (node:internal/timers:512:7) {
2025-09-08T23:47:13:   reason: TopologyDescription {
2025-09-08T23:47:13:     type: 'ReplicaSetNoPrimary',
2025-09-08T23:47:13:     servers: Map(3) {
2025-09-08T23:47:13:       'courseseek-shard-00-00.slatg.mongodb.net:27017' => [ServerDescription],
2025-09-08T23:47:13:       'courseseek-shard-00-01.slatg.mongodb.net:27017' => [ServerDescription],
2025-09-08T23:47:13:       'courseseek-shard-00-02.slatg.mongodb.net:27017' => [ServerDescription]
2025-09-08T23:47:13:     },
2025-09-08T23:47:13:     stale: false,
2025-09-08T23:47:13:     compatible: true,
2025-09-08T23:47:13:     heartbeatFrequencyMS: 10000,
2025-09-08T23:47:13:     localThresholdMS: 15,
2025-09-08T23:47:13:     setName: 'atlas-iao09c-shard-0',
2025-09-08T23:47:13:     maxElectionId: new ObjectId("7fffffff00000000000000ce"),
2025-09-08T23:47:13:     maxSetVersion: 220,
2025-09-08T23:47:13:     commonWireVersion: 0,
2025-09-08T23:47:13:     logicalSessionTimeoutMinutes: null
2025-09-08T23:47:13:   },
2025-09-08T23:47:13:   code: undefined,
2025-09-08T23:47:13:   [Symbol(errorLabels)]: Set(0) {}
2025-09-08T23:47:13: }
2025-09-09T00:21:31: Unread count error: MongoServerSelectionError: C060E1F901000000:error:0A000438:SSL routines:ssl3_read_bytes:tlsv1 alert internal error:ssl/record/rec_layer_s3.c:916:SSL alert number 80
2025-09-09T00:21:31: 
2025-09-09T00:21:31:     at Timeout._onTimeout (/Users/gautamkumar/ST/techreel/backend/node_modules/mongodb/lib/sdam/topology.js:278:38)
2025-09-09T00:21:31:     at listOnTimeout (node:internal/timers:569:17)
2025-09-09T00:21:31:     at process.processTimers (node:internal/timers:512:7) {
2025-09-09T00:21:31:   reason: TopologyDescription {
2025-09-09T00:21:31:     type: 'ReplicaSetNoPrimary',
2025-09-09T00:21:31:     servers: Map(3) {
2025-09-09T00:21:31:       'courseseek-shard-00-00.slatg.mongodb.net:27017' => [ServerDescription],
2025-09-09T00:21:31:       'courseseek-shard-00-01.slatg.mongodb.net:27017' => [ServerDescription],
2025-09-09T00:21:31:       'courseseek-shard-00-02.slatg.mongodb.net:27017' => [ServerDescription]
2025-09-09T00:21:31:     },
2025-09-09T00:21:31:     stale: false,
2025-09-09T00:21:31:     compatible: true,
2025-09-09T00:21:31:     heartbeatFrequencyMS: 10000,
2025-09-09T00:21:31:     localThresholdMS: 15,
2025-09-09T00:21:31:     setName: 'atlas-iao09c-shard-0',
2025-09-09T00:21:31:     maxElectionId: new ObjectId("7fffffff00000000000000ce"),
2025-09-09T00:21:31:     maxSetVersion: 220,
2025-09-09T00:21:31:     commonWireVersion: 0,
2025-09-09T00:21:31:     logicalSessionTimeoutMinutes: null
2025-09-09T00:21:31:   },
2025-09-09T00:21:31:   code: undefined,
2025-09-09T00:21:31:   [Symbol(errorLabels)]: Set(0) {}
2025-09-09T00:21:31: }
2025-09-09T01:10:27: Unread count error: MongoServerSelectionError: C060E1F901000000:error:0A000438:SSL routines:ssl3_read_bytes:tlsv1 alert internal error:ssl/record/rec_layer_s3.c:916:SSL alert number 80
2025-09-09T01:10:27: 
2025-09-09T01:10:27:     at Timeout._onTimeout (/Users/gautamkumar/ST/techreel/backend/node_modules/mongodb/lib/sdam/topology.js:278:38)
2025-09-09T01:10:27:     at listOnTimeout (node:internal/timers:569:17)
2025-09-09T01:10:27:     at process.processTimers (node:internal/timers:512:7) {
2025-09-09T01:10:27:   reason: TopologyDescription {
2025-09-09T01:10:27:     type: 'ReplicaSetNoPrimary',
2025-09-09T01:10:27:     servers: Map(3) {
2025-09-09T01:10:27:       'courseseek-shard-00-00.slatg.mongodb.net:27017' => [ServerDescription],
2025-09-09T01:10:27:       'courseseek-shard-00-01.slatg.mongodb.net:27017' => [ServerDescription],
2025-09-09T01:10:27:       'courseseek-shard-00-02.slatg.mongodb.net:27017' => [ServerDescription]
2025-09-09T01:10:27:     },
2025-09-09T01:10:27:     stale: false,
2025-09-09T01:10:27:     compatible: true,
2025-09-09T01:10:27:     heartbeatFrequencyMS: 10000,
2025-09-09T01:10:27:     localThresholdMS: 15,
2025-09-09T01:10:27:     setName: 'atlas-iao09c-shard-0',
2025-09-09T01:10:27:     maxElectionId: new ObjectId("7fffffff00000000000000ce"),
2025-09-09T01:10:27:     maxSetVersion: 220,
2025-09-09T01:10:27:     commonWireVersion: 0,
2025-09-09T01:10:27:     logicalSessionTimeoutMinutes: null
2025-09-09T01:10:27:   },
2025-09-09T01:10:27:   code: undefined,
2025-09-09T01:10:27:   [Symbol(errorLabels)]: Set(0) {}
2025-09-09T01:10:27: }
2025-09-09T02:16:43: Unread count error: MongoServerSelectionError: getaddrinfo ENOTFOUND courseseek-shard-00-00.slatg.mongodb.net
2025-09-09T02:16:43:     at Timeout._onTimeout (/Users/gautamkumar/ST/techreel/backend/node_modules/mongodb/lib/sdam/topology.js:278:38)
2025-09-09T02:16:43:     at listOnTimeout (node:internal/timers:569:17)
2025-09-09T02:16:43:     at process.processTimers (node:internal/timers:512:7) {
2025-09-09T02:16:43:   reason: TopologyDescription {
2025-09-09T02:16:43:     type: 'ReplicaSetNoPrimary',
2025-09-09T02:16:43:     servers: Map(3) {
2025-09-09T02:16:43:       'courseseek-shard-00-00.slatg.mongodb.net:27017' => [ServerDescription],
2025-09-09T02:16:43:       'courseseek-shard-00-01.slatg.mongodb.net:27017' => [ServerDescription],
2025-09-09T02:16:43:       'courseseek-shard-00-02.slatg.mongodb.net:27017' => [ServerDescription]
2025-09-09T02:16:43:     },
2025-09-09T02:16:43:     stale: false,
2025-09-09T02:16:43:     compatible: true,
2025-09-09T02:16:43:     heartbeatFrequencyMS: 10000,
2025-09-09T02:16:43:     localThresholdMS: 15,
2025-09-09T02:16:43:     setName: 'atlas-iao09c-shard-0',
2025-09-09T02:16:43:     maxElectionId: new ObjectId("7fffffff00000000000000ce"),
2025-09-09T02:16:43:     maxSetVersion: 220,
2025-09-09T02:16:43:     commonWireVersion: 0,
2025-09-09T02:16:43:     logicalSessionTimeoutMinutes: null
2025-09-09T02:16:43:   },
2025-09-09T02:16:43:   code: undefined,
2025-09-09T02:16:43:   [Symbol(errorLabels)]: Set(0) {}
2025-09-09T02:16:43: }
2025-09-09T02:28:46: Feed error: TypeError: Class constructor ObjectId cannot be invoked without 'new'
2025-09-09T02:28:46:     at /Users/gautamkumar/ST/techreel/backend/src/routes/postRoutes.js:110:35
2025-09-09T02:28:46:     at Array.map (<anonymous>)
2025-09-09T02:28:46:     at /Users/gautamkumar/ST/techreel/backend/src/routes/postRoutes.js:110:8
2025-09-09T02:28:46:     at process.processTicksAndRejections (node:internal/process/task_queues:95:5)
2025-09-09T02:28:47: Feed error: TypeError: Class constructor ObjectId cannot be invoked without 'new'
2025-09-09T02:28:47:     at /Users/gautamkumar/ST/techreel/backend/src/routes/postRoutes.js:110:35
2025-09-09T02:28:47:     at Array.map (<anonymous>)
2025-09-09T02:28:47:     at /Users/gautamkumar/ST/techreel/backend/src/routes/postRoutes.js:110:8
2025-09-09T02:28:47:     at process.processTicksAndRejections (node:internal/process/task_queues:95:5)
2025-09-09T02:28:47: Feed error: TypeError: Class constructor ObjectId cannot be invoked without 'new'
2025-09-09T02:28:47:     at /Users/gautamkumar/ST/techreel/backend/src/routes/postRoutes.js:110:35
2025-09-09T02:28:47:     at Array.map (<anonymous>)
2025-09-09T02:28:47:     at /Users/gautamkumar/ST/techreel/backend/src/routes/postRoutes.js:110:8
2025-09-09T02:28:47:     at process.processTicksAndRejections (node:internal/process/task_queues:95:5)
2025-09-09T02:33:08: Feed error: TypeError: Class constructor ObjectId cannot be invoked without 'new'
2025-09-09T02:33:08:     at /Users/gautamkumar/ST/techreel/backend/src/routes/postRoutes.js:110:35
2025-09-09T02:33:08:     at Array.map (<anonymous>)
2025-09-09T02:33:08:     at /Users/gautamkumar/ST/techreel/backend/src/routes/postRoutes.js:110:8
2025-09-09T02:33:08:     at process.processTicksAndRejections (node:internal/process/task_queues:95:5)
2025-09-09T02:33:08: Feed error: TypeError: Class constructor ObjectId cannot be invoked without 'new'
2025-09-09T02:33:08:     at /Users/gautamkumar/ST/techreel/backend/src/routes/postRoutes.js:110:35
2025-09-09T02:33:08:     at Array.map (<anonymous>)
2025-09-09T02:33:08:     at /Users/gautamkumar/ST/techreel/backend/src/routes/postRoutes.js:110:8
2025-09-09T02:33:08:     at process.processTicksAndRejections (node:internal/process/task_queues:95:5)
2025-09-09T02:33:08: Feed error: TypeError: Class constructor ObjectId cannot be invoked without 'new'
2025-09-09T02:33:08:     at /Users/gautamkumar/ST/techreel/backend/src/routes/postRoutes.js:110:35
2025-09-09T02:33:08:     at Array.map (<anonymous>)
2025-09-09T02:33:08:     at /Users/gautamkumar/ST/techreel/backend/src/routes/postRoutes.js:110:8
2025-09-09T02:33:08:     at process.processTicksAndRejections (node:internal/process/task_queues:95:5)
2025-09-09T02:33:10: Feed error: TypeError: Class constructor ObjectId cannot be invoked without 'new'
2025-09-09T02:33:10:     at /Users/gautamkumar/ST/techreel/backend/src/routes/postRoutes.js:110:35
2025-09-09T02:33:10:     at Array.map (<anonymous>)
2025-09-09T02:33:10:     at /Users/gautamkumar/ST/techreel/backend/src/routes/postRoutes.js:110:8
2025-09-09T02:33:10:     at process.processTicksAndRejections (node:internal/process/task_queues:95:5)
2025-09-09T02:33:11: Feed error: TypeError: Class constructor ObjectId cannot be invoked without 'new'
2025-09-09T02:33:11:     at /Users/gautamkumar/ST/techreel/backend/src/routes/postRoutes.js:110:35
2025-09-09T02:33:11:     at Array.map (<anonymous>)
2025-09-09T02:33:11:     at /Users/gautamkumar/ST/techreel/backend/src/routes/postRoutes.js:110:8
2025-09-09T02:33:11:     at process.processTicksAndRejections (node:internal/process/task_queues:95:5)
2025-09-09T02:33:11: Feed error: TypeError: Class constructor ObjectId cannot be invoked without 'new'
2025-09-09T02:33:11:     at /Users/gautamkumar/ST/techreel/backend/src/routes/postRoutes.js:110:35
2025-09-09T02:33:11:     at Array.map (<anonymous>)
2025-09-09T02:33:11:     at /Users/gautamkumar/ST/techreel/backend/src/routes/postRoutes.js:110:8
2025-09-09T02:33:11:     at process.processTicksAndRejections (node:internal/process/task_queues:95:5)
2025-09-09T02:39:11: Feed error: TypeError: Class constructor ObjectId cannot be invoked without 'new'
2025-09-09T02:39:11:     at /Users/gautamkumar/ST/techreel/backend/src/routes/postRoutes.js:110:35
2025-09-09T02:39:11:     at Array.map (<anonymous>)
2025-09-09T02:39:11:     at /Users/gautamkumar/ST/techreel/backend/src/routes/postRoutes.js:110:8
2025-09-09T02:39:11:     at process.processTicksAndRejections (node:internal/process/task_queues:95:5)
2025-09-09T02:39:11: Feed error: TypeError: Class constructor ObjectId cannot be invoked without 'new'
2025-09-09T02:39:11:     at /Users/gautamkumar/ST/techreel/backend/src/routes/postRoutes.js:110:35
2025-09-09T02:39:11:     at Array.map (<anonymous>)
2025-09-09T02:39:11:     at /Users/gautamkumar/ST/techreel/backend/src/routes/postRoutes.js:110:8
2025-09-09T02:39:11:     at process.processTicksAndRejections (node:internal/process/task_queues:95:5)
2025-09-09T02:39:11: Feed error: TypeError: Class constructor ObjectId cannot be invoked without 'new'
2025-09-09T02:39:11:     at /Users/gautamkumar/ST/techreel/backend/src/routes/postRoutes.js:110:35
2025-09-09T02:39:11:     at Array.map (<anonymous>)
2025-09-09T02:39:11:     at /Users/gautamkumar/ST/techreel/backend/src/routes/postRoutes.js:110:8
2025-09-09T02:39:11:     at process.processTicksAndRejections (node:internal/process/task_queues:95:5)
2025-09-09T02:39:18: Fetch posts error: CastError: Cast to ObjectId failed for value "undefined" (type string) at path "userId" for model "Post"
2025-09-09T02:39:18:     at ObjectId.cast (/Users/gautamkumar/ST/techreel/backend/node_modules/mongoose/lib/schema/objectid.js:250:11)
2025-09-09T02:39:18:     at SchemaType.applySetters (/Users/gautamkumar/ST/techreel/backend/node_modules/mongoose/lib/schematype.js:1219:12)
2025-09-09T02:39:18:     at SchemaType.castForQuery (/Users/gautamkumar/ST/techreel/backend/node_modules/mongoose/lib/schematype.js:1633:15)
2025-09-09T02:39:18:     at cast (/Users/gautamkumar/ST/techreel/backend/node_modules/mongoose/lib/cast.js:389:32)
2025-09-09T02:39:18:     at Query.cast (/Users/gautamkumar/ST/techreel/backend/node_modules/mongoose/lib/query.js:4927:12)
2025-09-09T02:39:18:     at Query._castConditions (/Users/gautamkumar/ST/techreel/backend/node_modules/mongoose/lib/query.js:2237:10)
2025-09-09T02:39:18:     at model.Query._find (/Users/gautamkumar/ST/techreel/backend/node_modules/mongoose/lib/query.js:2263:8)
2025-09-09T02:39:18:     at model.Query.exec (/Users/gautamkumar/ST/techreel/backend/node_modules/mongoose/lib/query.js:4447:28)
2025-09-09T02:39:18:     at process.processTicksAndRejections (node:internal/process/task_queues:95:5)
2025-09-09T02:39:18:     at async /Users/gautamkumar/ST/techreel/backend/src/routes/postRoutes.js:46:19 {
2025-09-09T02:39:18:   stringValue: '"undefined"',
2025-09-09T02:39:18:   messageFormat: undefined,
2025-09-09T02:39:18:   kind: 'ObjectId',
2025-09-09T02:39:18:   value: 'undefined',
2025-09-09T02:39:18:   path: 'userId',
2025-09-09T02:39:18:   reason: BSONError: Argument passed in must be a string of 12 bytes or a string of 24 hex characters or an integer
2025-09-09T02:39:18:       at new ObjectId (/Users/gautamkumar/ST/techreel/backend/node_modules/bson/lib/bson.cjs:2055:23)
2025-09-09T02:39:18:       at castObjectId (/Users/gautamkumar/ST/techreel/backend/node_modules/mongoose/lib/cast/objectid.js:25:12)
2025-09-09T02:39:18:       at ObjectId.cast (/Users/gautamkumar/ST/techreel/backend/node_modules/mongoose/lib/schema/objectid.js:248:12)
2025-09-09T02:39:18:       at SchemaType.applySetters (/Users/gautamkumar/ST/techreel/backend/node_modules/mongoose/lib/schematype.js:1219:12)
2025-09-09T02:39:18:       at SchemaType.castForQuery (/Users/gautamkumar/ST/techreel/backend/node_modules/mongoose/lib/schematype.js:1633:15)
2025-09-09T02:39:18:       at cast (/Users/gautamkumar/ST/techreel/backend/node_modules/mongoose/lib/cast.js:389:32)
2025-09-09T02:39:18:       at Query.cast (/Users/gautamkumar/ST/techreel/backend/node_modules/mongoose/lib/query.js:4927:12)
2025-09-09T02:39:18:       at Query._castConditions (/Users/gautamkumar/ST/techreel/backend/node_modules/mongoose/lib/query.js:2237:10)
2025-09-09T02:39:18:       at model.Query._find (/Users/gautamkumar/ST/techreel/backend/node_modules/mongoose/lib/query.js:2263:8)
2025-09-09T02:39:18:       at model.Query.exec (/Users/gautamkumar/ST/techreel/backend/node_modules/mongoose/lib/query.js:4447:28),
2025-09-09T02:39:18:   valueType: 'string',
2025-09-09T02:39:18:   model: Model { Post }
2025-09-09T02:39:18: }
2025-09-09T02:39:40: Feed error: TypeError: Class constructor ObjectId cannot be invoked without 'new'
2025-09-09T02:39:40:     at /Users/gautamkumar/ST/techreel/backend/src/routes/postRoutes.js:110:35
2025-09-09T02:39:40:     at Array.map (<anonymous>)
2025-09-09T02:39:40:     at /Users/gautamkumar/ST/techreel/backend/src/routes/postRoutes.js:110:8
2025-09-09T02:39:40:     at process.processTicksAndRejections (node:internal/process/task_queues:95:5)
2025-09-09T02:39:40: Feed error: TypeError: Class constructor ObjectId cannot be invoked without 'new'
2025-09-09T02:39:40:     at /Users/gautamkumar/ST/techreel/backend/src/routes/postRoutes.js:110:35
2025-09-09T02:39:40:     at Array.map (<anonymous>)
2025-09-09T02:39:40:     at /Users/gautamkumar/ST/techreel/backend/src/routes/postRoutes.js:110:8
2025-09-09T02:39:40:     at process.processTicksAndRejections (node:internal/process/task_queues:95:5)
2025-09-09T02:39:40: Feed error: TypeError: Class constructor ObjectId cannot be invoked without 'new'
2025-09-09T02:39:40:     at /Users/gautamkumar/ST/techreel/backend/src/routes/postRoutes.js:110:35
2025-09-09T02:39:40:     at Array.map (<anonymous>)
2025-09-09T02:39:40:     at /Users/gautamkumar/ST/techreel/backend/src/routes/postRoutes.js:110:8
2025-09-09T02:39:40:     at process.processTicksAndRejections (node:internal/process/task_queues:95:5)
2025-09-09T02:39:52: Feed error: TypeError: Class constructor ObjectId cannot be invoked without 'new'
2025-09-09T02:39:52:     at /Users/gautamkumar/ST/techreel/backend/src/routes/postRoutes.js:110:35
2025-09-09T02:39:52:     at Array.map (<anonymous>)
2025-09-09T02:39:52:     at /Users/gautamkumar/ST/techreel/backend/src/routes/postRoutes.js:110:8
2025-09-09T02:39:52:     at process.processTicksAndRejections (node:internal/process/task_queues:95:5)
2025-09-09T02:39:52: Feed error: TypeError: Class constructor ObjectId cannot be invoked without 'new'
2025-09-09T02:39:52:     at /Users/gautamkumar/ST/techreel/backend/src/routes/postRoutes.js:110:35
2025-09-09T02:39:52:     at Array.map (<anonymous>)
2025-09-09T02:39:52:     at /Users/gautamkumar/ST/techreel/backend/src/routes/postRoutes.js:110:8
2025-09-09T02:39:52:     at process.processTicksAndRejections (node:internal/process/task_queues:95:5)
2025-09-09T02:39:52: Feed error: TypeError: Class constructor ObjectId cannot be invoked without 'new'
2025-09-09T02:39:52:     at /Users/gautamkumar/ST/techreel/backend/src/routes/postRoutes.js:110:35
2025-09-09T02:39:52:     at Array.map (<anonymous>)
2025-09-09T02:39:52:     at /Users/gautamkumar/ST/techreel/backend/src/routes/postRoutes.js:110:8
2025-09-09T02:39:52:     at process.processTicksAndRejections (node:internal/process/task_queues:95:5)
2025-09-09T02:40:01: Feed error: TypeError: Class constructor ObjectId cannot be invoked without 'new'
2025-09-09T02:40:01:     at /Users/gautamkumar/ST/techreel/backend/src/routes/postRoutes.js:110:35
2025-09-09T02:40:01:     at Array.map (<anonymous>)
2025-09-09T02:40:01:     at /Users/gautamkumar/ST/techreel/backend/src/routes/postRoutes.js:110:8
2025-09-09T02:40:01:     at process.processTicksAndRejections (node:internal/process/task_queues:95:5)
2025-09-09T02:40:02: Feed error: TypeError: Class constructor ObjectId cannot be invoked without 'new'
2025-09-09T02:40:02:     at /Users/gautamkumar/ST/techreel/backend/src/routes/postRoutes.js:110:35
2025-09-09T02:40:02:     at Array.map (<anonymous>)
2025-09-09T02:40:02:     at /Users/gautamkumar/ST/techreel/backend/src/routes/postRoutes.js:110:8
2025-09-09T02:40:02:     at process.processTicksAndRejections (node:internal/process/task_queues:95:5)
2025-09-09T02:40:02: Feed error: TypeError: Class constructor ObjectId cannot be invoked without 'new'
2025-09-09T02:40:02:     at /Users/gautamkumar/ST/techreel/backend/src/routes/postRoutes.js:110:35
2025-09-09T02:40:02:     at Array.map (<anonymous>)
2025-09-09T02:40:02:     at /Users/gautamkumar/ST/techreel/backend/src/routes/postRoutes.js:110:8
2025-09-09T02:40:02:     at process.processTicksAndRejections (node:internal/process/task_queues:95:5)
2025-09-09T02:40:08: Feed error: TypeError: Class constructor ObjectId cannot be invoked without 'new'
2025-09-09T02:40:08:     at /Users/gautamkumar/ST/techreel/backend/src/routes/postRoutes.js:110:35
2025-09-09T02:40:08:     at Array.map (<anonymous>)
2025-09-09T02:40:08:     at /Users/gautamkumar/ST/techreel/backend/src/routes/postRoutes.js:110:8
2025-09-09T02:40:08:     at process.processTicksAndRejections (node:internal/process/task_queues:95:5)
2025-09-09T02:40:08: Feed error: TypeError: Class constructor ObjectId cannot be invoked without 'new'
2025-09-09T02:40:08:     at /Users/gautamkumar/ST/techreel/backend/src/routes/postRoutes.js:110:35
2025-09-09T02:40:08:     at Array.map (<anonymous>)
2025-09-09T02:40:08:     at /Users/gautamkumar/ST/techreel/backend/src/routes/postRoutes.js:110:8
2025-09-09T02:40:08:     at process.processTicksAndRejections (node:internal/process/task_queues:95:5)
2025-09-09T02:40:08: Feed error: TypeError: Class constructor ObjectId cannot be invoked without 'new'
2025-09-09T02:40:08:     at /Users/gautamkumar/ST/techreel/backend/src/routes/postRoutes.js:110:35
2025-09-09T02:40:08:     at Array.map (<anonymous>)
2025-09-09T02:40:08:     at /Users/gautamkumar/ST/techreel/backend/src/routes/postRoutes.js:110:8
2025-09-09T02:40:08:     at process.processTicksAndRejections (node:internal/process/task_queues:95:5)
2025-09-09T02:41:03: Fetch posts error: CastError: Cast to ObjectId failed for value "undefined" (type string) at path "userId" for model "Post"
2025-09-09T02:41:03:     at ObjectId.cast (/Users/gautamkumar/ST/techreel/backend/node_modules/mongoose/lib/schema/objectid.js:250:11)
2025-09-09T02:41:03:     at SchemaType.applySetters (/Users/gautamkumar/ST/techreel/backend/node_modules/mongoose/lib/schematype.js:1219:12)
2025-09-09T02:41:03:     at SchemaType.castForQuery (/Users/gautamkumar/ST/techreel/backend/node_modules/mongoose/lib/schematype.js:1633:15)
2025-09-09T02:41:03:     at cast (/Users/gautamkumar/ST/techreel/backend/node_modules/mongoose/lib/cast.js:389:32)
2025-09-09T02:41:03:     at Query.cast (/Users/gautamkumar/ST/techreel/backend/node_modules/mongoose/lib/query.js:4927:12)
2025-09-09T02:41:03:     at Query._castConditions (/Users/gautamkumar/ST/techreel/backend/node_modules/mongoose/lib/query.js:2237:10)
2025-09-09T02:41:03:     at model.Query._find (/Users/gautamkumar/ST/techreel/backend/node_modules/mongoose/lib/query.js:2263:8)
2025-09-09T02:41:03:     at model.Query.exec (/Users/gautamkumar/ST/techreel/backend/node_modules/mongoose/lib/query.js:4447:28)
2025-09-09T02:41:03:     at process.processTicksAndRejections (node:internal/process/task_queues:95:5)
2025-09-09T02:41:03:     at async /Users/gautamkumar/ST/techreel/backend/src/routes/postRoutes.js:46:19 {
2025-09-09T02:41:03:   stringValue: '"undefined"',
2025-09-09T02:41:03:   messageFormat: undefined,
2025-09-09T02:41:03:   kind: 'ObjectId',
2025-09-09T02:41:03:   value: 'undefined',
2025-09-09T02:41:03:   path: 'userId',
2025-09-09T02:41:03:   reason: BSONError: Argument passed in must be a string of 12 bytes or a string of 24 hex characters or an integer
2025-09-09T02:41:03:       at new ObjectId (/Users/gautamkumar/ST/techreel/backend/node_modules/bson/lib/bson.cjs:2055:23)
2025-09-09T02:41:03:       at castObjectId (/Users/gautamkumar/ST/techreel/backend/node_modules/mongoose/lib/cast/objectid.js:25:12)
2025-09-09T02:41:03:       at ObjectId.cast (/Users/gautamkumar/ST/techreel/backend/node_modules/mongoose/lib/schema/objectid.js:248:12)
2025-09-09T02:41:03:       at SchemaType.applySetters (/Users/gautamkumar/ST/techreel/backend/node_modules/mongoose/lib/schematype.js:1219:12)
2025-09-09T02:41:03:       at SchemaType.castForQuery (/Users/gautamkumar/ST/techreel/backend/node_modules/mongoose/lib/schematype.js:1633:15)
2025-09-09T02:41:03:       at cast (/Users/gautamkumar/ST/techreel/backend/node_modules/mongoose/lib/cast.js:389:32)
2025-09-09T02:41:03:       at Query.cast (/Users/gautamkumar/ST/techreel/backend/node_modules/mongoose/lib/query.js:4927:12)
2025-09-09T02:41:03:       at Query._castConditions (/Users/gautamkumar/ST/techreel/backend/node_modules/mongoose/lib/query.js:2237:10)
2025-09-09T02:41:03:       at model.Query._find (/Users/gautamkumar/ST/techreel/backend/node_modules/mongoose/lib/query.js:2263:8)
2025-09-09T02:41:03:       at model.Query.exec (/Users/gautamkumar/ST/techreel/backend/node_modules/mongoose/lib/query.js:4447:28),
2025-09-09T02:41:03:   valueType: 'string',
2025-09-09T02:41:03:   model: Model { Post }
2025-09-09T02:41:03: }
2025-09-09T02:41:11: Feed error: TypeError: Class constructor ObjectId cannot be invoked without 'new'
2025-09-09T02:41:11:     at /Users/gautamkumar/ST/techreel/backend/src/routes/postRoutes.js:110:35
2025-09-09T02:41:11:     at Array.map (<anonymous>)
2025-09-09T02:41:11:     at /Users/gautamkumar/ST/techreel/backend/src/routes/postRoutes.js:110:8
2025-09-09T02:41:11:     at process.processTicksAndRejections (node:internal/process/task_queues:95:5)
2025-09-09T02:41:11: Feed error: TypeError: Class constructor ObjectId cannot be invoked without 'new'
2025-09-09T02:41:11:     at /Users/gautamkumar/ST/techreel/backend/src/routes/postRoutes.js:110:35
2025-09-09T02:41:11:     at Array.map (<anonymous>)
2025-09-09T02:41:11:     at /Users/gautamkumar/ST/techreel/backend/src/routes/postRoutes.js:110:8
2025-09-09T02:41:11:     at process.processTicksAndRejections (node:internal/process/task_queues:95:5)
2025-09-09T02:41:12: Feed error: TypeError: Class constructor ObjectId cannot be invoked without 'new'
2025-09-09T02:41:12:     at /Users/gautamkumar/ST/techreel/backend/src/routes/postRoutes.js:110:35
2025-09-09T02:41:12:     at Array.map (<anonymous>)
2025-09-09T02:41:12:     at /Users/gautamkumar/ST/techreel/backend/src/routes/postRoutes.js:110:8
2025-09-09T02:41:12:     at process.processTicksAndRejections (node:internal/process/task_queues:95:5)
2025-09-09T02:41:13: Fetch posts error: CastError: Cast to ObjectId failed for value "undefined" (type string) at path "userId" for model "Post"
2025-09-09T02:41:13:     at ObjectId.cast (/Users/gautamkumar/ST/techreel/backend/node_modules/mongoose/lib/schema/objectid.js:250:11)
2025-09-09T02:41:13:     at SchemaType.applySetters (/Users/gautamkumar/ST/techreel/backend/node_modules/mongoose/lib/schematype.js:1219:12)
2025-09-09T02:41:13:     at SchemaType.castForQuery (/Users/gautamkumar/ST/techreel/backend/node_modules/mongoose/lib/schematype.js:1633:15)
2025-09-09T02:41:13:     at cast (/Users/gautamkumar/ST/techreel/backend/node_modules/mongoose/lib/cast.js:389:32)
2025-09-09T02:41:13:     at Query.cast (/Users/gautamkumar/ST/techreel/backend/node_modules/mongoose/lib/query.js:4927:12)
2025-09-09T02:41:13:     at Query._castConditions (/Users/gautamkumar/ST/techreel/backend/node_modules/mongoose/lib/query.js:2237:10)
2025-09-09T02:41:13:     at model.Query._find (/Users/gautamkumar/ST/techreel/backend/node_modules/mongoose/lib/query.js:2263:8)
2025-09-09T02:41:13:     at model.Query.exec (/Users/gautamkumar/ST/techreel/backend/node_modules/mongoose/lib/query.js:4447:28)
2025-09-09T02:41:13:     at process.processTicksAndRejections (node:internal/process/task_queues:95:5)
2025-09-09T02:41:13:     at async /Users/gautamkumar/ST/techreel/backend/src/routes/postRoutes.js:46:19 {
2025-09-09T02:41:13:   stringValue: '"undefined"',
2025-09-09T02:41:13:   messageFormat: undefined,
2025-09-09T02:41:13:   kind: 'ObjectId',
2025-09-09T02:41:13:   value: 'undefined',
2025-09-09T02:41:13:   path: 'userId',
2025-09-09T02:41:13:   reason: BSONError: Argument passed in must be a string of 12 bytes or a string of 24 hex characters or an integer
2025-09-09T02:41:13:       at new ObjectId (/Users/gautamkumar/ST/techreel/backend/node_modules/bson/lib/bson.cjs:2055:23)
2025-09-09T02:41:13:       at castObjectId (/Users/gautamkumar/ST/techreel/backend/node_modules/mongoose/lib/cast/objectid.js:25:12)
2025-09-09T02:41:13:       at ObjectId.cast (/Users/gautamkumar/ST/techreel/backend/node_modules/mongoose/lib/schema/objectid.js:248:12)
2025-09-09T02:41:13:       at SchemaType.applySetters (/Users/gautamkumar/ST/techreel/backend/node_modules/mongoose/lib/schematype.js:1219:12)
2025-09-09T02:41:13:       at SchemaType.castForQuery (/Users/gautamkumar/ST/techreel/backend/node_modules/mongoose/lib/schematype.js:1633:15)
2025-09-09T02:41:13:       at cast (/Users/gautamkumar/ST/techreel/backend/node_modules/mongoose/lib/cast.js:389:32)
2025-09-09T02:41:13:       at Query.cast (/Users/gautamkumar/ST/techreel/backend/node_modules/mongoose/lib/query.js:4927:12)
2025-09-09T02:41:13:       at Query._castConditions (/Users/gautamkumar/ST/techreel/backend/node_modules/mongoose/lib/query.js:2237:10)
2025-09-09T02:41:13:       at model.Query._find (/Users/gautamkumar/ST/techreel/backend/node_modules/mongoose/lib/query.js:2263:8)
2025-09-09T02:41:13:       at model.Query.exec (/Users/gautamkumar/ST/techreel/backend/node_modules/mongoose/lib/query.js:4447:28),
2025-09-09T02:41:13:   valueType: 'string',
2025-09-09T02:41:13:   model: Model { Post }
2025-09-09T02:41:13: }
2025-09-09T02:41:13: Fetch posts error: CastError: Cast to ObjectId failed for value "undefined" (type string) at path "userId" for model "Post"
2025-09-09T02:41:13:     at ObjectId.cast (/Users/gautamkumar/ST/techreel/backend/node_modules/mongoose/lib/schema/objectid.js:250:11)
2025-09-09T02:41:13:     at SchemaType.applySetters (/Users/gautamkumar/ST/techreel/backend/node_modules/mongoose/lib/schematype.js:1219:12)
2025-09-09T02:41:13:     at SchemaType.castForQuery (/Users/gautamkumar/ST/techreel/backend/node_modules/mongoose/lib/schematype.js:1633:15)
2025-09-09T02:41:13:     at cast (/Users/gautamkumar/ST/techreel/backend/node_modules/mongoose/lib/cast.js:389:32)
2025-09-09T02:41:13:     at Query.cast (/Users/gautamkumar/ST/techreel/backend/node_modules/mongoose/lib/query.js:4927:12)
2025-09-09T02:41:13:     at Query._castConditions (/Users/gautamkumar/ST/techreel/backend/node_modules/mongoose/lib/query.js:2237:10)
2025-09-09T02:41:13:     at model.Query._find (/Users/gautamkumar/ST/techreel/backend/node_modules/mongoose/lib/query.js:2263:8)
2025-09-09T02:41:13:     at model.Query.exec (/Users/gautamkumar/ST/techreel/backend/node_modules/mongoose/lib/query.js:4447:28)
2025-09-09T02:41:13:     at process.processTicksAndRejections (node:internal/process/task_queues:95:5)
2025-09-09T02:41:13:     at async /Users/gautamkumar/ST/techreel/backend/src/routes/postRoutes.js:46:19 {
2025-09-09T02:41:13:   stringValue: '"undefined"',
2025-09-09T02:41:13:   messageFormat: undefined,
2025-09-09T02:41:13:   kind: 'ObjectId',
2025-09-09T02:41:13:   value: 'undefined',
2025-09-09T02:41:13:   path: 'userId',
2025-09-09T02:41:13:   reason: BSONError: Argument passed in must be a string of 12 bytes or a string of 24 hex characters or an integer
2025-09-09T02:41:13:       at new ObjectId (/Users/gautamkumar/ST/techreel/backend/node_modules/bson/lib/bson.cjs:2055:23)
2025-09-09T02:41:13:       at castObjectId (/Users/gautamkumar/ST/techreel/backend/node_modules/mongoose/lib/cast/objectid.js:25:12)
2025-09-09T02:41:13:       at ObjectId.cast (/Users/gautamkumar/ST/techreel/backend/node_modules/mongoose/lib/schema/objectid.js:248:12)
2025-09-09T02:41:13:       at SchemaType.applySetters (/Users/gautamkumar/ST/techreel/backend/node_modules/mongoose/lib/schematype.js:1219:12)
2025-09-09T02:41:13:       at SchemaType.castForQuery (/Users/gautamkumar/ST/techreel/backend/node_modules/mongoose/lib/schematype.js:1633:15)
2025-09-09T02:41:13:       at cast (/Users/gautamkumar/ST/techreel/backend/node_modules/mongoose/lib/cast.js:389:32)
2025-09-09T02:41:13:       at Query.cast (/Users/gautamkumar/ST/techreel/backend/node_modules/mongoose/lib/query.js:4927:12)
2025-09-09T02:41:13:       at Query._castConditions (/Users/gautamkumar/ST/techreel/backend/node_modules/mongoose/lib/query.js:2237:10)
2025-09-09T02:41:13:       at model.Query._find (/Users/gautamkumar/ST/techreel/backend/node_modules/mongoose/lib/query.js:2263:8)
2025-09-09T02:41:13:       at model.Query.exec (/Users/gautamkumar/ST/techreel/backend/node_modules/mongoose/lib/query.js:4447:28),
2025-09-09T02:41:13:   valueType: 'string',
2025-09-09T02:41:13:   model: Model { Post }
2025-09-09T02:41:13: }
2025-09-09T02:41:15: Feed error: TypeError: Class constructor ObjectId cannot be invoked without 'new'
2025-09-09T02:41:15:     at /Users/gautamkumar/ST/techreel/backend/src/routes/postRoutes.js:110:35
2025-09-09T02:41:15:     at Array.map (<anonymous>)
2025-09-09T02:41:15:     at /Users/gautamkumar/ST/techreel/backend/src/routes/postRoutes.js:110:8
2025-09-09T02:41:15:     at process.processTicksAndRejections (node:internal/process/task_queues:95:5)
2025-09-09T02:41:15: Feed error: TypeError: Class constructor ObjectId cannot be invoked without 'new'
2025-09-09T02:41:15:     at /Users/gautamkumar/ST/techreel/backend/src/routes/postRoutes.js:110:35
2025-09-09T02:41:15:     at Array.map (<anonymous>)
2025-09-09T02:41:15:     at /Users/gautamkumar/ST/techreel/backend/src/routes/postRoutes.js:110:8
2025-09-09T02:41:15:     at process.processTicksAndRejections (node:internal/process/task_queues:95:5)
2025-09-09T02:41:16: Feed error: TypeError: Class constructor ObjectId cannot be invoked without 'new'
2025-09-09T02:41:16:     at /Users/gautamkumar/ST/techreel/backend/src/routes/postRoutes.js:110:35
2025-09-09T02:41:16:     at Array.map (<anonymous>)
2025-09-09T02:41:16:     at /Users/gautamkumar/ST/techreel/backend/src/routes/postRoutes.js:110:8
2025-09-09T02:41:16:     at process.processTicksAndRejections (node:internal/process/task_queues:95:5)
2025-09-09T02:42:08: Fetch posts error: CastError: Cast to ObjectId failed for value "undefined" (type string) at path "userId" for model "Post"
2025-09-09T02:42:08:     at ObjectId.cast (/Users/gautamkumar/ST/techreel/backend/node_modules/mongoose/lib/schema/objectid.js:250:11)
2025-09-09T02:42:08:     at SchemaType.applySetters (/Users/gautamkumar/ST/techreel/backend/node_modules/mongoose/lib/schematype.js:1219:12)
2025-09-09T02:42:08:     at SchemaType.castForQuery (/Users/gautamkumar/ST/techreel/backend/node_modules/mongoose/lib/schematype.js:1633:15)
2025-09-09T02:42:08:     at cast (/Users/gautamkumar/ST/techreel/backend/node_modules/mongoose/lib/cast.js:389:32)
2025-09-09T02:42:08:     at Query.cast (/Users/gautamkumar/ST/techreel/backend/node_modules/mongoose/lib/query.js:4927:12)
2025-09-09T02:42:08:     at Query._castConditions (/Users/gautamkumar/ST/techreel/backend/node_modules/mongoose/lib/query.js:2237:10)
2025-09-09T02:42:08:     at model.Query._find (/Users/gautamkumar/ST/techreel/backend/node_modules/mongoose/lib/query.js:2263:8)
2025-09-09T02:42:08:     at model.Query.exec (/Users/gautamkumar/ST/techreel/backend/node_modules/mongoose/lib/query.js:4447:28)
2025-09-09T02:42:08:     at process.processTicksAndRejections (node:internal/process/task_queues:95:5)
2025-09-09T02:42:08:     at async /Users/gautamkumar/ST/techreel/backend/src/routes/postRoutes.js:46:19 {
2025-09-09T02:42:08:   stringValue: '"undefined"',
2025-09-09T02:42:08:   messageFormat: undefined,
2025-09-09T02:42:08:   kind: 'ObjectId',
2025-09-09T02:42:08:   value: 'undefined',
2025-09-09T02:42:08:   path: 'userId',
2025-09-09T02:42:08:   reason: BSONError: Argument passed in must be a string of 12 bytes or a string of 24 hex characters or an integer
2025-09-09T02:42:08:       at new ObjectId (/Users/gautamkumar/ST/techreel/backend/node_modules/bson/lib/bson.cjs:2055:23)
2025-09-09T02:42:08:       at castObjectId (/Users/gautamkumar/ST/techreel/backend/node_modules/mongoose/lib/cast/objectid.js:25:12)
2025-09-09T02:42:08:       at ObjectId.cast (/Users/gautamkumar/ST/techreel/backend/node_modules/mongoose/lib/schema/objectid.js:248:12)
2025-09-09T02:42:08:       at SchemaType.applySetters (/Users/gautamkumar/ST/techreel/backend/node_modules/mongoose/lib/schematype.js:1219:12)
2025-09-09T02:42:08:       at SchemaType.castForQuery (/Users/gautamkumar/ST/techreel/backend/node_modules/mongoose/lib/schematype.js:1633:15)
2025-09-09T02:42:08:       at cast (/Users/gautamkumar/ST/techreel/backend/node_modules/mongoose/lib/cast.js:389:32)
2025-09-09T02:42:08:       at Query.cast (/Users/gautamkumar/ST/techreel/backend/node_modules/mongoose/lib/query.js:4927:12)
2025-09-09T02:42:08:       at Query._castConditions (/Users/gautamkumar/ST/techreel/backend/node_modules/mongoose/lib/query.js:2237:10)
2025-09-09T02:42:08:       at model.Query._find (/Users/gautamkumar/ST/techreel/backend/node_modules/mongoose/lib/query.js:2263:8)
2025-09-09T02:42:08:       at model.Query.exec (/Users/gautamkumar/ST/techreel/backend/node_modules/mongoose/lib/query.js:4447:28),
2025-09-09T02:42:08:   valueType: 'string',
2025-09-09T02:42:08:   model: Model { Post }
2025-09-09T02:42:08: }
2025-09-09T02:42:08: Fetch posts error: CastError: Cast to ObjectId failed for value "undefined" (type string) at path "userId" for model "Post"
2025-09-09T02:42:08:     at ObjectId.cast (/Users/gautamkumar/ST/techreel/backend/node_modules/mongoose/lib/schema/objectid.js:250:11)
2025-09-09T02:42:08:     at SchemaType.applySetters (/Users/gautamkumar/ST/techreel/backend/node_modules/mongoose/lib/schematype.js:1219:12)
2025-09-09T02:42:08:     at SchemaType.castForQuery (/Users/gautamkumar/ST/techreel/backend/node_modules/mongoose/lib/schematype.js:1633:15)
2025-09-09T02:42:08:     at cast (/Users/gautamkumar/ST/techreel/backend/node_modules/mongoose/lib/cast.js:389:32)
2025-09-09T02:42:08:     at Query.cast (/Users/gautamkumar/ST/techreel/backend/node_modules/mongoose/lib/query.js:4927:12)
2025-09-09T02:42:08:     at Query._castConditions (/Users/gautamkumar/ST/techreel/backend/node_modules/mongoose/lib/query.js:2237:10)
2025-09-09T02:42:08:     at model.Query._find (/Users/gautamkumar/ST/techreel/backend/node_modules/mongoose/lib/query.js:2263:8)
2025-09-09T02:42:08:     at model.Query.exec (/Users/gautamkumar/ST/techreel/backend/node_modules/mongoose/lib/query.js:4447:28)
2025-09-09T02:42:08:     at process.processTicksAndRejections (node:internal/process/task_queues:95:5)
2025-09-09T02:42:08:     at async /Users/gautamkumar/ST/techreel/backend/src/routes/postRoutes.js:46:19 {
2025-09-09T02:42:08:   stringValue: '"undefined"',
2025-09-09T02:42:08:   messageFormat: undefined,
2025-09-09T02:42:08:   kind: 'ObjectId',
2025-09-09T02:42:08:   value: 'undefined',
2025-09-09T02:42:08:   path: 'userId',
2025-09-09T02:42:08:   reason: BSONError: Argument passed in must be a string of 12 bytes or a string of 24 hex characters or an integer
2025-09-09T02:42:08:       at new ObjectId (/Users/gautamkumar/ST/techreel/backend/node_modules/bson/lib/bson.cjs:2055:23)
2025-09-09T02:42:08:       at castObjectId (/Users/gautamkumar/ST/techreel/backend/node_modules/mongoose/lib/cast/objectid.js:25:12)
2025-09-09T02:42:08:       at ObjectId.cast (/Users/gautamkumar/ST/techreel/backend/node_modules/mongoose/lib/schema/objectid.js:248:12)
2025-09-09T02:42:08:       at SchemaType.applySetters (/Users/gautamkumar/ST/techreel/backend/node_modules/mongoose/lib/schematype.js:1219:12)
2025-09-09T02:42:08:       at SchemaType.castForQuery (/Users/gautamkumar/ST/techreel/backend/node_modules/mongoose/lib/schematype.js:1633:15)
2025-09-09T02:42:08:       at cast (/Users/gautamkumar/ST/techreel/backend/node_modules/mongoose/lib/cast.js:389:32)
2025-09-09T02:42:08:       at Query.cast (/Users/gautamkumar/ST/techreel/backend/node_modules/mongoose/lib/query.js:4927:12)
2025-09-09T02:42:08:       at Query._castConditions (/Users/gautamkumar/ST/techreel/backend/node_modules/mongoose/lib/query.js:2237:10)
2025-09-09T02:42:08:       at model.Query._find (/Users/gautamkumar/ST/techreel/backend/node_modules/mongoose/lib/query.js:2263:8)
2025-09-09T02:42:08:       at model.Query.exec (/Users/gautamkumar/ST/techreel/backend/node_modules/mongoose/lib/query.js:4447:28),
2025-09-09T02:42:08:   valueType: 'string',
2025-09-09T02:42:08:   model: Model { Post }
2025-09-09T02:42:08: }
2025-09-09T02:42:54: Feed error: TypeError: Class constructor ObjectId cannot be invoked without 'new'
2025-09-09T02:42:54:     at /Users/gautamkumar/ST/techreel/backend/src/routes/postRoutes.js:110:35
2025-09-09T02:42:54:     at Array.map (<anonymous>)
2025-09-09T02:42:54:     at /Users/gautamkumar/ST/techreel/backend/src/routes/postRoutes.js:110:8
2025-09-09T02:42:54:     at process.processTicksAndRejections (node:internal/process/task_queues:95:5)
2025-09-09T02:42:54: Feed error: TypeError: Class constructor ObjectId cannot be invoked without 'new'
2025-09-09T02:42:54:     at /Users/gautamkumar/ST/techreel/backend/src/routes/postRoutes.js:110:35
2025-09-09T02:42:54:     at Array.map (<anonymous>)
2025-09-09T02:42:54:     at /Users/gautamkumar/ST/techreel/backend/src/routes/postRoutes.js:110:8
2025-09-09T02:42:54:     at process.processTicksAndRejections (node:internal/process/task_queues:95:5)
2025-09-09T02:42:55: Feed error: TypeError: Class constructor ObjectId cannot be invoked without 'new'
2025-09-09T02:42:55:     at /Users/gautamkumar/ST/techreel/backend/src/routes/postRoutes.js:110:35
2025-09-09T02:42:55:     at Array.map (<anonymous>)
2025-09-09T02:42:55:     at /Users/gautamkumar/ST/techreel/backend/src/routes/postRoutes.js:110:8
2025-09-09T02:42:55:     at process.processTicksAndRejections (node:internal/process/task_queues:95:5)
2025-09-09T02:43:01: Feed error: TypeError: Class constructor ObjectId cannot be invoked without 'new'
2025-09-09T02:43:01:     at /Users/gautamkumar/ST/techreel/backend/src/routes/postRoutes.js:110:35
2025-09-09T02:43:01:     at Array.map (<anonymous>)
2025-09-09T02:43:01:     at /Users/gautamkumar/ST/techreel/backend/src/routes/postRoutes.js:110:8
2025-09-09T02:43:01:     at process.processTicksAndRejections (node:internal/process/task_queues:95:5)
2025-09-09T02:43:01: Feed error: TypeError: Class constructor ObjectId cannot be invoked without 'new'
2025-09-09T02:43:01:     at /Users/gautamkumar/ST/techreel/backend/src/routes/postRoutes.js:110:35
2025-09-09T02:43:01:     at Array.map (<anonymous>)
2025-09-09T02:43:01:     at /Users/gautamkumar/ST/techreel/backend/src/routes/postRoutes.js:110:8
2025-09-09T02:43:01:     at process.processTicksAndRejections (node:internal/process/task_queues:95:5)
2025-09-09T02:43:01: Feed error: TypeError: Class constructor ObjectId cannot be invoked without 'new'
2025-09-09T02:43:01:     at /Users/gautamkumar/ST/techreel/backend/src/routes/postRoutes.js:110:35
2025-09-09T02:43:01:     at Array.map (<anonymous>)
2025-09-09T02:43:01:     at /Users/gautamkumar/ST/techreel/backend/src/routes/postRoutes.js:110:8
2025-09-09T02:43:01:     at process.processTicksAndRejections (node:internal/process/task_queues:95:5)
2025-09-09T02:45:57: Feed error: TypeError: Class constructor ObjectId cannot be invoked without 'new'
2025-09-09T02:45:57:     at /Users/gautamkumar/ST/techreel/backend/src/routes/postRoutes.js:110:35
2025-09-09T02:45:57:     at Array.map (<anonymous>)
2025-09-09T02:45:57:     at /Users/gautamkumar/ST/techreel/backend/src/routes/postRoutes.js:110:8
2025-09-09T02:45:57:     at process.processTicksAndRejections (node:internal/process/task_queues:95:5)
2025-09-09T02:45:57: Feed error: TypeError: Class constructor ObjectId cannot be invoked without 'new'
2025-09-09T02:45:57:     at /Users/gautamkumar/ST/techreel/backend/src/routes/postRoutes.js:110:35
2025-09-09T02:45:57:     at Array.map (<anonymous>)
2025-09-09T02:45:57:     at /Users/gautamkumar/ST/techreel/backend/src/routes/postRoutes.js:110:8
2025-09-09T02:45:57:     at process.processTicksAndRejections (node:internal/process/task_queues:95:5)
2025-09-09T02:45:58: Feed error: TypeError: Class constructor ObjectId cannot be invoked without 'new'
2025-09-09T02:45:58:     at /Users/gautamkumar/ST/techreel/backend/src/routes/postRoutes.js:110:35
2025-09-09T02:45:58:     at Array.map (<anonymous>)
2025-09-09T02:45:58:     at /Users/gautamkumar/ST/techreel/backend/src/routes/postRoutes.js:110:8
2025-09-09T02:45:58:     at process.processTicksAndRejections (node:internal/process/task_queues:95:5)
2025-09-09T02:46:39: Feed error: TypeError: Class constructor ObjectId cannot be invoked without 'new'
2025-09-09T02:46:39:     at /Users/gautamkumar/ST/techreel/backend/src/routes/postRoutes.js:111:35
2025-09-09T02:46:39:     at Array.map (<anonymous>)
2025-09-09T02:46:39:     at /Users/gautamkumar/ST/techreel/backend/src/routes/postRoutes.js:111:8
2025-09-09T02:46:39:     at process.processTicksAndRejections (node:internal/process/task_queues:95:5)
2025-09-09T02:46:39: Feed error: TypeError: Class constructor ObjectId cannot be invoked without 'new'
2025-09-09T02:46:39:     at /Users/gautamkumar/ST/techreel/backend/src/routes/postRoutes.js:111:35
2025-09-09T02:46:39:     at Array.map (<anonymous>)
2025-09-09T02:46:39:     at /Users/gautamkumar/ST/techreel/backend/src/routes/postRoutes.js:111:8
2025-09-09T02:46:39:     at process.processTicksAndRejections (node:internal/process/task_queues:95:5)
2025-09-09T02:46:39: Feed error: TypeError: Class constructor ObjectId cannot be invoked without 'new'
2025-09-09T02:46:39:     at /Users/gautamkumar/ST/techreel/backend/src/routes/postRoutes.js:111:35
2025-09-09T02:46:39:     at Array.map (<anonymous>)
2025-09-09T02:46:39:     at /Users/gautamkumar/ST/techreel/backend/src/routes/postRoutes.js:111:8
2025-09-09T02:46:39:     at process.processTicksAndRejections (node:internal/process/task_queues:95:5)
2025-09-09T02:48:52: Feed error: TypeError: Class constructor ObjectId cannot be invoked without 'new'
2025-09-09T02:48:52:     at /Users/gautamkumar/ST/techreel/backend/src/routes/postRoutes.js:111:35
2025-09-09T02:48:52:     at Array.map (<anonymous>)
2025-09-09T02:48:52:     at /Users/gautamkumar/ST/techreel/backend/src/routes/postRoutes.js:111:8
2025-09-09T02:48:52:     at process.processTicksAndRejections (node:internal/process/task_queues:95:5)
2025-09-09T02:48:52: Feed error: TypeError: Class constructor ObjectId cannot be invoked without 'new'
2025-09-09T02:48:52:     at /Users/gautamkumar/ST/techreel/backend/src/routes/postRoutes.js:111:35
2025-09-09T02:48:52:     at Array.map (<anonymous>)
2025-09-09T02:48:52:     at /Users/gautamkumar/ST/techreel/backend/src/routes/postRoutes.js:111:8
2025-09-09T02:48:52:     at process.processTicksAndRejections (node:internal/process/task_queues:95:5)
2025-09-09T02:48:52: Feed error: TypeError: Class constructor ObjectId cannot be invoked without 'new'
2025-09-09T02:48:52:     at /Users/gautamkumar/ST/techreel/backend/src/routes/postRoutes.js:111:35
2025-09-09T02:48:52:     at Array.map (<anonymous>)
2025-09-09T02:48:52:     at /Users/gautamkumar/ST/techreel/backend/src/routes/postRoutes.js:111:8
2025-09-09T02:48:52:     at process.processTicksAndRejections (node:internal/process/task_queues:95:5)
2025-09-09T02:49:17: Feed error: TypeError: Class constructor ObjectId cannot be invoked without 'new'
2025-09-09T02:49:17:     at /Users/gautamkumar/ST/techreel/backend/src/routes/postRoutes.js:111:35
2025-09-09T02:49:17:     at Array.map (<anonymous>)
2025-09-09T02:49:17:     at /Users/gautamkumar/ST/techreel/backend/src/routes/postRoutes.js:111:8
2025-09-09T02:49:17:     at process.processTicksAndRejections (node:internal/process/task_queues:95:5)
2025-09-09T02:49:17: Feed error: TypeError: Class constructor ObjectId cannot be invoked without 'new'
2025-09-09T02:49:17:     at /Users/gautamkumar/ST/techreel/backend/src/routes/postRoutes.js:111:35
2025-09-09T02:49:17:     at Array.map (<anonymous>)
2025-09-09T02:49:17:     at /Users/gautamkumar/ST/techreel/backend/src/routes/postRoutes.js:111:8
2025-09-09T02:49:17:     at process.processTicksAndRejections (node:internal/process/task_queues:95:5)
2025-09-09T02:49:17: Feed error: TypeError: Class constructor ObjectId cannot be invoked without 'new'
2025-09-09T02:49:17:     at /Users/gautamkumar/ST/techreel/backend/src/routes/postRoutes.js:111:35
2025-09-09T02:49:17:     at Array.map (<anonymous>)
2025-09-09T02:49:17:     at /Users/gautamkumar/ST/techreel/backend/src/routes/postRoutes.js:111:8
2025-09-09T02:49:17:     at process.processTicksAndRejections (node:internal/process/task_queues:95:5)
2025-09-09T02:51:24: Feed error: TypeError: Class constructor ObjectId cannot be invoked without 'new'
2025-09-09T02:51:24:     at /Users/gautamkumar/ST/techreel/backend/src/routes/postRoutes.js:111:35
2025-09-09T02:51:24:     at Array.map (<anonymous>)
2025-09-09T02:51:24:     at /Users/gautamkumar/ST/techreel/backend/src/routes/postRoutes.js:111:8
2025-09-09T02:51:24:     at process.processTicksAndRejections (node:internal/process/task_queues:95:5)
2025-09-09T02:51:24: Feed error: TypeError: Class constructor ObjectId cannot be invoked without 'new'
2025-09-09T02:51:24:     at /Users/gautamkumar/ST/techreel/backend/src/routes/postRoutes.js:111:35
2025-09-09T02:51:24:     at Array.map (<anonymous>)
2025-09-09T02:51:24:     at /Users/gautamkumar/ST/techreel/backend/src/routes/postRoutes.js:111:8
2025-09-09T02:51:24:     at process.processTicksAndRejections (node:internal/process/task_queues:95:5)
2025-09-09T02:51:24: Feed error: TypeError: Class constructor ObjectId cannot be invoked without 'new'
2025-09-09T02:51:24:     at /Users/gautamkumar/ST/techreel/backend/src/routes/postRoutes.js:111:35
2025-09-09T02:51:24:     at Array.map (<anonymous>)
2025-09-09T02:51:24:     at /Users/gautamkumar/ST/techreel/backend/src/routes/postRoutes.js:111:8
2025-09-09T02:51:24:     at process.processTicksAndRejections (node:internal/process/task_queues:95:5)
2025-09-09T02:51:27: Feed error: TypeError: Class constructor ObjectId cannot be invoked without 'new'
2025-09-09T02:51:27:     at /Users/gautamkumar/ST/techreel/backend/src/routes/postRoutes.js:111:35
2025-09-09T02:51:27:     at Array.map (<anonymous>)
2025-09-09T02:51:27:     at /Users/gautamkumar/ST/techreel/backend/src/routes/postRoutes.js:111:8
2025-09-09T02:51:27:     at process.processTicksAndRejections (node:internal/process/task_queues:95:5)
2025-09-09T02:51:27: Feed error: TypeError: Class constructor ObjectId cannot be invoked without 'new'
2025-09-09T02:51:27:     at /Users/gautamkumar/ST/techreel/backend/src/routes/postRoutes.js:111:35
2025-09-09T02:51:27:     at Array.map (<anonymous>)
2025-09-09T02:51:27:     at /Users/gautamkumar/ST/techreel/backend/src/routes/postRoutes.js:111:8
2025-09-09T02:51:27:     at process.processTicksAndRejections (node:internal/process/task_queues:95:5)
2025-09-09T02:51:27: Feed error: TypeError: Class constructor ObjectId cannot be invoked without 'new'
2025-09-09T02:51:27:     at /Users/gautamkumar/ST/techreel/backend/src/routes/postRoutes.js:111:35
2025-09-09T02:51:27:     at Array.map (<anonymous>)
2025-09-09T02:51:27:     at /Users/gautamkumar/ST/techreel/backend/src/routes/postRoutes.js:111:8
2025-09-09T02:51:27:     at process.processTicksAndRejections (node:internal/process/task_queues:95:5)
2025-09-09T02:51:29: Feed error: TypeError: Class constructor ObjectId cannot be invoked without 'new'
2025-09-09T02:51:29:     at /Users/gautamkumar/ST/techreel/backend/src/routes/postRoutes.js:111:35
2025-09-09T02:51:29:     at Array.map (<anonymous>)
2025-09-09T02:51:29:     at /Users/gautamkumar/ST/techreel/backend/src/routes/postRoutes.js:111:8
2025-09-09T02:51:29:     at process.processTicksAndRejections (node:internal/process/task_queues:95:5)
2025-09-09T02:51:29: Feed error: TypeError: Class constructor ObjectId cannot be invoked without 'new'
2025-09-09T02:51:29:     at /Users/gautamkumar/ST/techreel/backend/src/routes/postRoutes.js:111:35
2025-09-09T02:51:29:     at Array.map (<anonymous>)
2025-09-09T02:51:29:     at /Users/gautamkumar/ST/techreel/backend/src/routes/postRoutes.js:111:8
2025-09-09T02:51:29:     at process.processTicksAndRejections (node:internal/process/task_queues:95:5)
2025-09-09T02:51:29: Feed error: TypeError: Class constructor ObjectId cannot be invoked without 'new'
2025-09-09T02:51:29:     at /Users/gautamkumar/ST/techreel/backend/src/routes/postRoutes.js:111:35
2025-09-09T02:51:29:     at Array.map (<anonymous>)
2025-09-09T02:51:29:     at /Users/gautamkumar/ST/techreel/backend/src/routes/postRoutes.js:111:8
2025-09-09T02:51:29:     at process.processTicksAndRejections (node:internal/process/task_queues:95:5)
2025-09-09T02:51:33: Feed error: TypeError: Class constructor ObjectId cannot be invoked without 'new'
2025-09-09T02:51:33:     at /Users/gautamkumar/ST/techreel/backend/src/routes/postRoutes.js:111:35
2025-09-09T02:51:33:     at Array.map (<anonymous>)
2025-09-09T02:51:33:     at /Users/gautamkumar/ST/techreel/backend/src/routes/postRoutes.js:111:8
2025-09-09T02:51:33:     at process.processTicksAndRejections (node:internal/process/task_queues:95:5)
2025-09-09T02:51:33: Feed error: TypeError: Class constructor ObjectId cannot be invoked without 'new'
2025-09-09T02:51:33:     at /Users/gautamkumar/ST/techreel/backend/src/routes/postRoutes.js:111:35
2025-09-09T02:51:33:     at Array.map (<anonymous>)
2025-09-09T02:51:33:     at /Users/gautamkumar/ST/techreel/backend/src/routes/postRoutes.js:111:8
2025-09-09T02:51:33:     at process.processTicksAndRejections (node:internal/process/task_queues:95:5)
2025-09-09T02:51:33: Feed error: TypeError: Class constructor ObjectId cannot be invoked without 'new'
2025-09-09T02:51:33:     at /Users/gautamkumar/ST/techreel/backend/src/routes/postRoutes.js:111:35
2025-09-09T02:51:33:     at Array.map (<anonymous>)
2025-09-09T02:51:33:     at /Users/gautamkumar/ST/techreel/backend/src/routes/postRoutes.js:111:8
2025-09-09T02:51:33:     at process.processTicksAndRejections (node:internal/process/task_queues:95:5)
2025-09-09T02:56:33: Feed error: TypeError: Class constructor ObjectId cannot be invoked without 'new'
2025-09-09T02:56:33:     at /Users/gautamkumar/ST/techreel/backend/src/routes/postRoutes.js:111:35
2025-09-09T02:56:33:     at Array.map (<anonymous>)
2025-09-09T02:56:33:     at /Users/gautamkumar/ST/techreel/backend/src/routes/postRoutes.js:111:8
2025-09-09T02:56:33:     at process.processTicksAndRejections (node:internal/process/task_queues:95:5)
2025-09-09T02:56:33: Feed error: TypeError: Class constructor ObjectId cannot be invoked without 'new'
2025-09-09T02:56:33:     at /Users/gautamkumar/ST/techreel/backend/src/routes/postRoutes.js:111:35
2025-09-09T02:56:33:     at Array.map (<anonymous>)
2025-09-09T02:56:33:     at /Users/gautamkumar/ST/techreel/backend/src/routes/postRoutes.js:111:8
2025-09-09T02:56:33:     at process.processTicksAndRejections (node:internal/process/task_queues:95:5)
2025-09-09T02:56:33: Feed error: TypeError: Class constructor ObjectId cannot be invoked without 'new'
2025-09-09T02:56:33:     at /Users/gautamkumar/ST/techreel/backend/src/routes/postRoutes.js:111:35
2025-09-09T02:56:33:     at Array.map (<anonymous>)
2025-09-09T02:56:33:     at /Users/gautamkumar/ST/techreel/backend/src/routes/postRoutes.js:111:8
2025-09-09T02:56:33:     at process.processTicksAndRejections (node:internal/process/task_queues:95:5)
2025-09-09T02:56:49: Feed error: TypeError: Class constructor ObjectId cannot be invoked without 'new'
2025-09-09T02:56:49:     at /Users/gautamkumar/ST/techreel/backend/src/routes/postRoutes.js:111:35
2025-09-09T02:56:49:     at Array.map (<anonymous>)
2025-09-09T02:56:49:     at /Users/gautamkumar/ST/techreel/backend/src/routes/postRoutes.js:111:8
2025-09-09T02:56:49:     at process.processTicksAndRejections (node:internal/process/task_queues:95:5)
2025-09-09T02:56:49: Feed error: TypeError: Class constructor ObjectId cannot be invoked without 'new'
2025-09-09T02:56:49:     at /Users/gautamkumar/ST/techreel/backend/src/routes/postRoutes.js:111:35
2025-09-09T02:56:49:     at Array.map (<anonymous>)
2025-09-09T02:56:49:     at /Users/gautamkumar/ST/techreel/backend/src/routes/postRoutes.js:111:8
2025-09-09T02:56:49:     at process.processTicksAndRejections (node:internal/process/task_queues:95:5)
2025-09-09T02:56:49: Feed error: TypeError: Class constructor ObjectId cannot be invoked without 'new'
2025-09-09T02:56:49:     at /Users/gautamkumar/ST/techreel/backend/src/routes/postRoutes.js:111:35
2025-09-09T02:56:49:     at Array.map (<anonymous>)
2025-09-09T02:56:49:     at /Users/gautamkumar/ST/techreel/backend/src/routes/postRoutes.js:111:8
2025-09-09T02:56:49:     at process.processTicksAndRejections (node:internal/process/task_queues:95:5)
2025-09-09T02:57:30: Feed error: TypeError: Class constructor ObjectId cannot be invoked without 'new'
2025-09-09T02:57:30:     at /Users/gautamkumar/ST/techreel/backend/src/routes/postRoutes.js:111:35
2025-09-09T02:57:30:     at Array.map (<anonymous>)
2025-09-09T02:57:30:     at /Users/gautamkumar/ST/techreel/backend/src/routes/postRoutes.js:111:8
2025-09-09T02:57:30:     at process.processTicksAndRejections (node:internal/process/task_queues:95:5)
2025-09-09T02:57:30: Feed error: TypeError: Class constructor ObjectId cannot be invoked without 'new'
2025-09-09T02:57:30:     at /Users/gautamkumar/ST/techreel/backend/src/routes/postRoutes.js:111:35
2025-09-09T02:57:30:     at Array.map (<anonymous>)
2025-09-09T02:57:30:     at /Users/gautamkumar/ST/techreel/backend/src/routes/postRoutes.js:111:8
2025-09-09T02:57:30:     at process.processTicksAndRejections (node:internal/process/task_queues:95:5)
2025-09-09T02:57:30: Feed error: TypeError: Class constructor ObjectId cannot be invoked without 'new'
2025-09-09T02:57:30:     at /Users/gautamkumar/ST/techreel/backend/src/routes/postRoutes.js:111:35
2025-09-09T02:57:30:     at Array.map (<anonymous>)
2025-09-09T02:57:30:     at /Users/gautamkumar/ST/techreel/backend/src/routes/postRoutes.js:111:8
2025-09-09T02:57:30:     at process.processTicksAndRejections (node:internal/process/task_queues:95:5)
2025-09-09T02:57:31: Feed error: TypeError: Class constructor ObjectId cannot be invoked without 'new'
2025-09-09T02:57:31:     at /Users/gautamkumar/ST/techreel/backend/src/routes/postRoutes.js:111:35
2025-09-09T02:57:31:     at Array.map (<anonymous>)
2025-09-09T02:57:31:     at /Users/gautamkumar/ST/techreel/backend/src/routes/postRoutes.js:111:8
2025-09-09T02:57:31:     at process.processTicksAndRejections (node:internal/process/task_queues:95:5)
2025-09-09T02:57:34: Feed error: TypeError: Class constructor ObjectId cannot be invoked without 'new'
2025-09-09T02:57:34:     at /Users/gautamkumar/ST/techreel/backend/src/routes/postRoutes.js:111:35
2025-09-09T02:57:34:     at Array.map (<anonymous>)
2025-09-09T02:57:34:     at /Users/gautamkumar/ST/techreel/backend/src/routes/postRoutes.js:111:8
2025-09-09T02:57:34:     at process.processTicksAndRejections (node:internal/process/task_queues:95:5)
2025-09-09T02:57:40: Feed error: TypeError: Class constructor ObjectId cannot be invoked without 'new'
2025-09-09T02:57:40:     at /Users/gautamkumar/ST/techreel/backend/src/routes/postRoutes.js:111:35
2025-09-09T02:57:40:     at Array.map (<anonymous>)
2025-09-09T02:57:40:     at /Users/gautamkumar/ST/techreel/backend/src/routes/postRoutes.js:111:8
2025-09-09T02:57:40:     at process.processTicksAndRejections (node:internal/process/task_queues:95:5)
2025-09-09T02:57:40: Feed error: TypeError: Class constructor ObjectId cannot be invoked without 'new'
2025-09-09T02:57:40:     at /Users/gautamkumar/ST/techreel/backend/src/routes/postRoutes.js:111:35
2025-09-09T02:57:40:     at Array.map (<anonymous>)
2025-09-09T02:57:40:     at /Users/gautamkumar/ST/techreel/backend/src/routes/postRoutes.js:111:8
2025-09-09T02:57:40:     at process.processTicksAndRejections (node:internal/process/task_queues:95:5)
2025-09-09T02:57:40: Feed error: TypeError: Class constructor ObjectId cannot be invoked without 'new'
2025-09-09T02:57:40:     at /Users/gautamkumar/ST/techreel/backend/src/routes/postRoutes.js:111:35
2025-09-09T02:57:40:     at Array.map (<anonymous>)
2025-09-09T02:57:40:     at /Users/gautamkumar/ST/techreel/backend/src/routes/postRoutes.js:111:8
2025-09-09T02:57:40:     at process.processTicksAndRejections (node:internal/process/task_queues:95:5)
2025-09-09T03:00:29: Feed error: TypeError: Class constructor ObjectId cannot be invoked without 'new'
2025-09-09T03:00:29:     at /Users/gautamkumar/ST/techreel/backend/src/routes/postRoutes.js:111:35
2025-09-09T03:00:29:     at Array.map (<anonymous>)
2025-09-09T03:00:29:     at /Users/gautamkumar/ST/techreel/backend/src/routes/postRoutes.js:111:8
2025-09-09T03:00:29:     at process.processTicksAndRejections (node:internal/process/task_queues:95:5)
2025-09-09T03:00:29: Feed error: TypeError: Class constructor ObjectId cannot be invoked without 'new'
2025-09-09T03:00:29:     at /Users/gautamkumar/ST/techreel/backend/src/routes/postRoutes.js:111:35
2025-09-09T03:00:29:     at Array.map (<anonymous>)
2025-09-09T03:00:29:     at /Users/gautamkumar/ST/techreel/backend/src/routes/postRoutes.js:111:8
2025-09-09T03:00:29:     at process.processTicksAndRejections (node:internal/process/task_queues:95:5)
2025-09-09T03:00:29: Feed error: TypeError: Class constructor ObjectId cannot be invoked without 'new'
2025-09-09T03:00:29:     at /Users/gautamkumar/ST/techreel/backend/src/routes/postRoutes.js:111:35
2025-09-09T03:00:29:     at Array.map (<anonymous>)
2025-09-09T03:00:29:     at /Users/gautamkumar/ST/techreel/backend/src/routes/postRoutes.js:111:8
2025-09-09T03:00:29:     at process.processTicksAndRejections (node:internal/process/task_queues:95:5)
2025-09-09T03:00:34: Feed error: TypeError: Class constructor ObjectId cannot be invoked without 'new'
2025-09-09T03:00:34:     at /Users/gautamkumar/ST/techreel/backend/src/routes/postRoutes.js:111:35
2025-09-09T03:00:34:     at Array.map (<anonymous>)
2025-09-09T03:00:34:     at /Users/gautamkumar/ST/techreel/backend/src/routes/postRoutes.js:111:8
2025-09-09T03:00:34:     at process.processTicksAndRejections (node:internal/process/task_queues:95:5)
2025-09-09T03:01:47: Feed error: TypeError: Class constructor ObjectId cannot be invoked without 'new'
2025-09-09T03:01:47:     at /Users/gautamkumar/ST/techreel/backend/src/routes/postRoutes.js:111:35
2025-09-09T03:01:47:     at Array.map (<anonymous>)
2025-09-09T03:01:47:     at /Users/gautamkumar/ST/techreel/backend/src/routes/postRoutes.js:111:8
2025-09-09T03:01:47:     at process.processTicksAndRejections (node:internal/process/task_queues:95:5)
2025-09-09T03:01:47: Feed error: TypeError: Class constructor ObjectId cannot be invoked without 'new'
2025-09-09T03:01:47:     at /Users/gautamkumar/ST/techreel/backend/src/routes/postRoutes.js:111:35
2025-09-09T03:01:47:     at Array.map (<anonymous>)
2025-09-09T03:01:47:     at /Users/gautamkumar/ST/techreel/backend/src/routes/postRoutes.js:111:8
2025-09-09T03:01:47:     at process.processTicksAndRejections (node:internal/process/task_queues:95:5)
2025-09-09T03:01:47: Feed error: TypeError: Class constructor ObjectId cannot be invoked without 'new'
2025-09-09T03:01:47:     at /Users/gautamkumar/ST/techreel/backend/src/routes/postRoutes.js:111:35
2025-09-09T03:01:47:     at Array.map (<anonymous>)
2025-09-09T03:01:47:     at /Users/gautamkumar/ST/techreel/backend/src/routes/postRoutes.js:111:8
2025-09-09T03:01:47:     at process.processTicksAndRejections (node:internal/process/task_queues:95:5)
2025-09-09T03:01:59: Feed error: TypeError: Class constructor ObjectId cannot be invoked without 'new'
2025-09-09T03:01:59:     at /Users/gautamkumar/ST/techreel/backend/src/routes/postRoutes.js:111:35
2025-09-09T03:01:59:     at Array.map (<anonymous>)
2025-09-09T03:01:59:     at /Users/gautamkumar/ST/techreel/backend/src/routes/postRoutes.js:111:8
2025-09-09T03:01:59:     at process.processTicksAndRejections (node:internal/process/task_queues:95:5)
2025-09-09T03:01:59: Feed error: TypeError: Class constructor ObjectId cannot be invoked without 'new'
2025-09-09T03:01:59:     at /Users/gautamkumar/ST/techreel/backend/src/routes/postRoutes.js:111:35
2025-09-09T03:01:59:     at Array.map (<anonymous>)
2025-09-09T03:01:59:     at /Users/gautamkumar/ST/techreel/backend/src/routes/postRoutes.js:111:8
2025-09-09T03:01:59:     at process.processTicksAndRejections (node:internal/process/task_queues:95:5)
2025-09-09T03:01:59: Feed error: TypeError: Class constructor ObjectId cannot be invoked without 'new'
2025-09-09T03:01:59:     at /Users/gautamkumar/ST/techreel/backend/src/routes/postRoutes.js:111:35
2025-09-09T03:01:59:     at Array.map (<anonymous>)
2025-09-09T03:01:59:     at /Users/gautamkumar/ST/techreel/backend/src/routes/postRoutes.js:111:8
2025-09-09T03:01:59:     at process.processTicksAndRejections (node:internal/process/task_queues:95:5)
2025-09-09T03:04:01: Feed error: TypeError: Class constructor ObjectId cannot be invoked without 'new'
2025-09-09T03:04:01:     at /Users/gautamkumar/ST/techreel/backend/src/routes/postRoutes.js:111:35
2025-09-09T03:04:01:     at Array.map (<anonymous>)
2025-09-09T03:04:01:     at /Users/gautamkumar/ST/techreel/backend/src/routes/postRoutes.js:111:8
2025-09-09T03:04:01:     at process.processTicksAndRejections (node:internal/process/task_queues:95:5)
2025-09-09T03:04:01: Feed error: TypeError: Class constructor ObjectId cannot be invoked without 'new'
2025-09-09T03:04:01:     at /Users/gautamkumar/ST/techreel/backend/src/routes/postRoutes.js:111:35
2025-09-09T03:04:01:     at Array.map (<anonymous>)
2025-09-09T03:04:01:     at /Users/gautamkumar/ST/techreel/backend/src/routes/postRoutes.js:111:8
2025-09-09T03:04:01:     at process.processTicksAndRejections (node:internal/process/task_queues:95:5)
2025-09-09T03:04:01: Feed error: TypeError: Class constructor ObjectId cannot be invoked without 'new'
2025-09-09T03:04:01:     at /Users/gautamkumar/ST/techreel/backend/src/routes/postRoutes.js:111:35
2025-09-09T03:04:01:     at Array.map (<anonymous>)
2025-09-09T03:04:01:     at /Users/gautamkumar/ST/techreel/backend/src/routes/postRoutes.js:111:8
2025-09-09T03:04:01:     at process.processTicksAndRejections (node:internal/process/task_queues:95:5)
2025-09-09T03:04:35: Feed error: TypeError: Class constructor ObjectId cannot be invoked without 'new'
2025-09-09T03:04:35:     at /Users/gautamkumar/ST/techreel/backend/src/routes/postRoutes.js:111:35
2025-09-09T03:04:35:     at Array.map (<anonymous>)
2025-09-09T03:04:35:     at /Users/gautamkumar/ST/techreel/backend/src/routes/postRoutes.js:111:8
2025-09-09T03:04:35:     at process.processTicksAndRejections (node:internal/process/task_queues:95:5)
2025-09-09T03:04:35: Feed error: TypeError: Class constructor ObjectId cannot be invoked without 'new'
2025-09-09T03:04:35:     at /Users/gautamkumar/ST/techreel/backend/src/routes/postRoutes.js:111:35
2025-09-09T03:04:35:     at Array.map (<anonymous>)
2025-09-09T03:04:35:     at /Users/gautamkumar/ST/techreel/backend/src/routes/postRoutes.js:111:8
2025-09-09T03:04:35:     at process.processTicksAndRejections (node:internal/process/task_queues:95:5)
2025-09-09T03:04:35: Feed error: TypeError: Class constructor ObjectId cannot be invoked without 'new'
2025-09-09T03:04:35:     at /Users/gautamkumar/ST/techreel/backend/src/routes/postRoutes.js:111:35
2025-09-09T03:04:35:     at Array.map (<anonymous>)
2025-09-09T03:04:35:     at /Users/gautamkumar/ST/techreel/backend/src/routes/postRoutes.js:111:8
2025-09-09T03:04:35:     at process.processTicksAndRejections (node:internal/process/task_queues:95:5)
2025-09-09T03:04:40: Feed error: TypeError: Class constructor ObjectId cannot be invoked without 'new'
2025-09-09T03:04:40:     at /Users/gautamkumar/ST/techreel/backend/src/routes/postRoutes.js:111:35
2025-09-09T03:04:40:     at Array.map (<anonymous>)
2025-09-09T03:04:40:     at /Users/gautamkumar/ST/techreel/backend/src/routes/postRoutes.js:111:8
2025-09-09T03:04:40:     at process.processTicksAndRejections (node:internal/process/task_queues:95:5)
2025-09-09T03:04:43: Feed error: TypeError: Class constructor ObjectId cannot be invoked without 'new'
2025-09-09T03:04:43:     at /Users/gautamkumar/ST/techreel/backend/src/routes/postRoutes.js:111:35
2025-09-09T03:04:43:     at Array.map (<anonymous>)
2025-09-09T03:04:43:     at /Users/gautamkumar/ST/techreel/backend/src/routes/postRoutes.js:111:8
2025-09-09T03:04:43:     at process.processTicksAndRejections (node:internal/process/task_queues:95:5)
2025-09-09T03:04:43: Feed error: TypeError: Class constructor ObjectId cannot be invoked without 'new'
2025-09-09T03:04:43:     at /Users/gautamkumar/ST/techreel/backend/src/routes/postRoutes.js:111:35
2025-09-09T03:04:43:     at Array.map (<anonymous>)
2025-09-09T03:04:43:     at /Users/gautamkumar/ST/techreel/backend/src/routes/postRoutes.js:111:8
2025-09-09T03:04:43:     at process.processTicksAndRejections (node:internal/process/task_queues:95:5)
2025-09-09T03:04:43: Feed error: TypeError: Class constructor ObjectId cannot be invoked without 'new'
2025-09-09T03:04:43:     at /Users/gautamkumar/ST/techreel/backend/src/routes/postRoutes.js:111:35
2025-09-09T03:04:43:     at Array.map (<anonymous>)
2025-09-09T03:04:43:     at /Users/gautamkumar/ST/techreel/backend/src/routes/postRoutes.js:111:8
2025-09-09T03:04:43:     at process.processTicksAndRejections (node:internal/process/task_queues:95:5)
2025-09-09T03:04:47: Feed error: TypeError: Class constructor ObjectId cannot be invoked without 'new'
2025-09-09T03:04:47:     at /Users/gautamkumar/ST/techreel/backend/src/routes/postRoutes.js:111:35
2025-09-09T03:04:47:     at Array.map (<anonymous>)
2025-09-09T03:04:47:     at /Users/gautamkumar/ST/techreel/backend/src/routes/postRoutes.js:111:8
2025-09-09T03:04:47:     at process.processTicksAndRejections (node:internal/process/task_queues:95:5)
2025-09-09T03:06:29: Feed error: TypeError: Class constructor ObjectId cannot be invoked without 'new'
2025-09-09T03:06:29:     at /Users/gautamkumar/ST/techreel/backend/src/routes/postRoutes.js:111:35
2025-09-09T03:06:29:     at Array.map (<anonymous>)
2025-09-09T03:06:29:     at /Users/gautamkumar/ST/techreel/backend/src/routes/postRoutes.js:111:8
2025-09-09T03:06:29:     at process.processTicksAndRejections (node:internal/process/task_queues:95:5)
2025-09-09T03:06:32: Feed error: TypeError: Class constructor ObjectId cannot be invoked without 'new'
2025-09-09T03:06:32:     at /Users/gautamkumar/ST/techreel/backend/src/routes/postRoutes.js:111:35
2025-09-09T03:06:32:     at Array.map (<anonymous>)
2025-09-09T03:06:32:     at /Users/gautamkumar/ST/techreel/backend/src/routes/postRoutes.js:111:8
2025-09-09T03:06:32:     at process.processTicksAndRejections (node:internal/process/task_queues:95:5)
2025-09-09T03:06:32: Feed error: TypeError: Class constructor ObjectId cannot be invoked without 'new'
2025-09-09T03:06:32:     at /Users/gautamkumar/ST/techreel/backend/src/routes/postRoutes.js:111:35
2025-09-09T03:06:32:     at Array.map (<anonymous>)
2025-09-09T03:06:32:     at /Users/gautamkumar/ST/techreel/backend/src/routes/postRoutes.js:111:8
2025-09-09T03:06:32:     at process.processTicksAndRejections (node:internal/process/task_queues:95:5)
2025-09-09T03:06:32: Feed error: TypeError: Class constructor ObjectId cannot be invoked without 'new'
2025-09-09T03:06:32:     at /Users/gautamkumar/ST/techreel/backend/src/routes/postRoutes.js:111:35
2025-09-09T03:06:32:     at Array.map (<anonymous>)
2025-09-09T03:06:32:     at /Users/gautamkumar/ST/techreel/backend/src/routes/postRoutes.js:111:8
2025-09-09T03:06:32:     at process.processTicksAndRejections (node:internal/process/task_queues:95:5)
2025-09-09T03:06:41: Feed error: TypeError: Class constructor ObjectId cannot be invoked without 'new'
2025-09-09T03:06:41:     at /Users/gautamkumar/ST/techreel/backend/src/routes/postRoutes.js:111:35
2025-09-09T03:06:41:     at Array.map (<anonymous>)
2025-09-09T03:06:41:     at /Users/gautamkumar/ST/techreel/backend/src/routes/postRoutes.js:111:8
2025-09-09T03:06:41:     at process.processTicksAndRejections (node:internal/process/task_queues:95:5)
2025-09-09T03:06:41: Feed error: TypeError: Class constructor ObjectId cannot be invoked without 'new'
2025-09-09T03:06:41:     at /Users/gautamkumar/ST/techreel/backend/src/routes/postRoutes.js:111:35
2025-09-09T03:06:41:     at Array.map (<anonymous>)
2025-09-09T03:06:41:     at /Users/gautamkumar/ST/techreel/backend/src/routes/postRoutes.js:111:8
2025-09-09T03:06:41:     at process.processTicksAndRejections (node:internal/process/task_queues:95:5)
2025-09-09T03:06:41: Feed error: TypeError: Class constructor ObjectId cannot be invoked without 'new'
2025-09-09T03:06:41:     at /Users/gautamkumar/ST/techreel/backend/src/routes/postRoutes.js:111:35
2025-09-09T03:06:41:     at Array.map (<anonymous>)
2025-09-09T03:06:41:     at /Users/gautamkumar/ST/techreel/backend/src/routes/postRoutes.js:111:8
2025-09-09T03:06:41:     at process.processTicksAndRejections (node:internal/process/task_queues:95:5)
2025-09-09T03:06:49: Feed error: TypeError: Class constructor ObjectId cannot be invoked without 'new'
2025-09-09T03:06:49:     at /Users/gautamkumar/ST/techreel/backend/src/routes/postRoutes.js:111:35
2025-09-09T03:06:49:     at Array.map (<anonymous>)
2025-09-09T03:06:49:     at /Users/gautamkumar/ST/techreel/backend/src/routes/postRoutes.js:111:8
2025-09-09T03:06:49:     at process.processTicksAndRejections (node:internal/process/task_queues:95:5)
2025-09-09T03:06:53: Feed error: TypeError: Class constructor ObjectId cannot be invoked without 'new'
2025-09-09T03:06:53:     at /Users/gautamkumar/ST/techreel/backend/src/routes/postRoutes.js:111:35
2025-09-09T03:06:53:     at Array.map (<anonymous>)
2025-09-09T03:06:53:     at /Users/gautamkumar/ST/techreel/backend/src/routes/postRoutes.js:111:8
2025-09-09T03:06:53:     at process.processTicksAndRejections (node:internal/process/task_queues:95:5)
2025-09-09T03:07:43: Feed error: TypeError: Class constructor ObjectId cannot be invoked without 'new'
2025-09-09T03:07:43:     at /Users/gautamkumar/ST/techreel/backend/src/routes/postRoutes.js:111:35
2025-09-09T03:07:43:     at Array.map (<anonymous>)
2025-09-09T03:07:43:     at /Users/gautamkumar/ST/techreel/backend/src/routes/postRoutes.js:111:8
2025-09-09T03:07:43:     at process.processTicksAndRejections (node:internal/process/task_queues:95:5)
2025-09-09T03:07:43: Feed error: TypeError: Class constructor ObjectId cannot be invoked without 'new'
2025-09-09T03:07:43:     at /Users/gautamkumar/ST/techreel/backend/src/routes/postRoutes.js:111:35
2025-09-09T03:07:43:     at Array.map (<anonymous>)
2025-09-09T03:07:43:     at /Users/gautamkumar/ST/techreel/backend/src/routes/postRoutes.js:111:8
2025-09-09T03:07:43:     at process.processTicksAndRejections (node:internal/process/task_queues:95:5)
2025-09-09T03:07:43: Feed error: TypeError: Class constructor ObjectId cannot be invoked without 'new'
2025-09-09T03:07:43:     at /Users/gautamkumar/ST/techreel/backend/src/routes/postRoutes.js:111:35
2025-09-09T03:07:43:     at Array.map (<anonymous>)
2025-09-09T03:07:43:     at /Users/gautamkumar/ST/techreel/backend/src/routes/postRoutes.js:111:8
2025-09-09T03:07:43:     at process.processTicksAndRejections (node:internal/process/task_queues:95:5)
2025-09-09T03:08:02: Feed error: TypeError: Class constructor ObjectId cannot be invoked without 'new'
2025-09-09T03:08:02:     at /Users/gautamkumar/ST/techreel/backend/src/routes/postRoutes.js:111:35
2025-09-09T03:08:02:     at Array.map (<anonymous>)
2025-09-09T03:08:02:     at /Users/gautamkumar/ST/techreel/backend/src/routes/postRoutes.js:111:8
2025-09-09T03:08:02:     at process.processTicksAndRejections (node:internal/process/task_queues:95:5)
2025-09-09T03:08:02: Feed error: TypeError: Class constructor ObjectId cannot be invoked without 'new'
2025-09-09T03:08:02:     at /Users/gautamkumar/ST/techreel/backend/src/routes/postRoutes.js:111:35
2025-09-09T03:08:02:     at Array.map (<anonymous>)
2025-09-09T03:08:02:     at /Users/gautamkumar/ST/techreel/backend/src/routes/postRoutes.js:111:8
2025-09-09T03:08:02:     at process.processTicksAndRejections (node:internal/process/task_queues:95:5)
2025-09-09T03:08:02: Feed error: TypeError: Class constructor ObjectId cannot be invoked without 'new'
2025-09-09T03:08:02:     at /Users/gautamkumar/ST/techreel/backend/src/routes/postRoutes.js:111:35
2025-09-09T03:08:02:     at Array.map (<anonymous>)
2025-09-09T03:08:02:     at /Users/gautamkumar/ST/techreel/backend/src/routes/postRoutes.js:111:8
2025-09-09T03:08:02:     at process.processTicksAndRejections (node:internal/process/task_queues:95:5)
2025-09-09T03:10:04: Feed error: TypeError: Class constructor ObjectId cannot be invoked without 'new'
2025-09-09T03:10:04:     at /Users/gautamkumar/ST/techreel/backend/src/routes/postRoutes.js:111:35
2025-09-09T03:10:04:     at Array.map (<anonymous>)
2025-09-09T03:10:04:     at /Users/gautamkumar/ST/techreel/backend/src/routes/postRoutes.js:111:8
2025-09-09T03:10:04:     at process.processTicksAndRejections (node:internal/process/task_queues:95:5)
2025-09-09T03:10:04: Feed error: TypeError: Class constructor ObjectId cannot be invoked without 'new'
2025-09-09T03:10:04:     at /Users/gautamkumar/ST/techreel/backend/src/routes/postRoutes.js:111:35
2025-09-09T03:10:04:     at Array.map (<anonymous>)
2025-09-09T03:10:04:     at /Users/gautamkumar/ST/techreel/backend/src/routes/postRoutes.js:111:8
2025-09-09T03:10:04:     at process.processTicksAndRejections (node:internal/process/task_queues:95:5)
2025-09-09T03:10:05: Feed error: TypeError: Class constructor ObjectId cannot be invoked without 'new'
2025-09-09T03:10:05:     at /Users/gautamkumar/ST/techreel/backend/src/routes/postRoutes.js:111:35
2025-09-09T03:10:05:     at Array.map (<anonymous>)
2025-09-09T03:10:05:     at /Users/gautamkumar/ST/techreel/backend/src/routes/postRoutes.js:111:8
2025-09-09T03:10:05:     at process.processTicksAndRejections (node:internal/process/task_queues:95:5)
2025-09-09T03:10:05: Feed error: TypeError: Class constructor ObjectId cannot be invoked without 'new'
2025-09-09T03:10:05:     at /Users/gautamkumar/ST/techreel/backend/src/routes/postRoutes.js:111:35
2025-09-09T03:10:05:     at Array.map (<anonymous>)
2025-09-09T03:10:05:     at /Users/gautamkumar/ST/techreel/backend/src/routes/postRoutes.js:111:8
2025-09-09T03:10:05:     at process.processTicksAndRejections (node:internal/process/task_queues:95:5)
2025-09-09T03:11:12: Feed error: TypeError: Class constructor ObjectId cannot be invoked without 'new'
2025-09-09T03:11:12:     at /Users/gautamkumar/ST/techreel/backend/src/routes/postRoutes.js:111:35
2025-09-09T03:11:12:     at Array.map (<anonymous>)
2025-09-09T03:11:12:     at /Users/gautamkumar/ST/techreel/backend/src/routes/postRoutes.js:111:8
2025-09-09T03:11:12:     at process.processTicksAndRejections (node:internal/process/task_queues:95:5)
2025-09-09T03:11:17: Feed error: TypeError: Class constructor ObjectId cannot be invoked without 'new'
2025-09-09T03:11:17:     at /Users/gautamkumar/ST/techreel/backend/src/routes/postRoutes.js:111:35
2025-09-09T03:11:17:     at Array.map (<anonymous>)
2025-09-09T03:11:17:     at /Users/gautamkumar/ST/techreel/backend/src/routes/postRoutes.js:111:8
2025-09-09T03:11:17:     at process.processTicksAndRejections (node:internal/process/task_queues:95:5)
2025-09-09T03:11:17: Feed error: TypeError: Class constructor ObjectId cannot be invoked without 'new'
2025-09-09T03:11:17:     at /Users/gautamkumar/ST/techreel/backend/src/routes/postRoutes.js:111:35
2025-09-09T03:11:17:     at Array.map (<anonymous>)
2025-09-09T03:11:17:     at /Users/gautamkumar/ST/techreel/backend/src/routes/postRoutes.js:111:8
2025-09-09T03:11:17:     at process.processTicksAndRejections (node:internal/process/task_queues:95:5)
2025-09-09T03:11:17: Feed error: TypeError: Class constructor ObjectId cannot be invoked without 'new'
2025-09-09T03:11:17:     at /Users/gautamkumar/ST/techreel/backend/src/routes/postRoutes.js:111:35
2025-09-09T03:11:17:     at Array.map (<anonymous>)
2025-09-09T03:11:17:     at /Users/gautamkumar/ST/techreel/backend/src/routes/postRoutes.js:111:8
2025-09-09T03:11:17:     at process.processTicksAndRejections (node:internal/process/task_queues:95:5)
2025-09-09T03:11:28: Feed error: TypeError: Class constructor ObjectId cannot be invoked without 'new'
2025-09-09T03:11:28:     at /Users/gautamkumar/ST/techreel/backend/src/routes/postRoutes.js:111:35
2025-09-09T03:11:28:     at Array.map (<anonymous>)
2025-09-09T03:11:28:     at /Users/gautamkumar/ST/techreel/backend/src/routes/postRoutes.js:111:8
2025-09-09T03:11:28:     at process.processTicksAndRejections (node:internal/process/task_queues:95:5)
2025-09-09T03:11:28: Feed error: TypeError: Class constructor ObjectId cannot be invoked without 'new'
2025-09-09T03:11:28:     at /Users/gautamkumar/ST/techreel/backend/src/routes/postRoutes.js:111:35
2025-09-09T03:11:28:     at Array.map (<anonymous>)
2025-09-09T03:11:28:     at /Users/gautamkumar/ST/techreel/backend/src/routes/postRoutes.js:111:8
2025-09-09T03:11:28:     at process.processTicksAndRejections (node:internal/process/task_queues:95:5)
2025-09-09T03:11:29: Feed error: TypeError: Class constructor ObjectId cannot be invoked without 'new'
2025-09-09T03:11:29:     at /Users/gautamkumar/ST/techreel/backend/src/routes/postRoutes.js:111:35
2025-09-09T03:11:29:     at Array.map (<anonymous>)
2025-09-09T03:11:29:     at /Users/gautamkumar/ST/techreel/backend/src/routes/postRoutes.js:111:8
2025-09-09T03:11:29:     at process.processTicksAndRejections (node:internal/process/task_queues:95:5)
2025-09-09T03:12:10: Feed error: TypeError: Class constructor ObjectId cannot be invoked without 'new'
2025-09-09T03:12:10:     at /Users/gautamkumar/ST/techreel/backend/src/routes/postRoutes.js:111:35
2025-09-09T03:12:10:     at Array.map (<anonymous>)
2025-09-09T03:12:10:     at /Users/gautamkumar/ST/techreel/backend/src/routes/postRoutes.js:111:8
2025-09-09T03:12:10:     at process.processTicksAndRejections (node:internal/process/task_queues:95:5)
2025-09-09T03:12:10: Feed error: TypeError: Class constructor ObjectId cannot be invoked without 'new'
2025-09-09T03:12:10:     at /Users/gautamkumar/ST/techreel/backend/src/routes/postRoutes.js:111:35
2025-09-09T03:12:10:     at Array.map (<anonymous>)
2025-09-09T03:12:10:     at /Users/gautamkumar/ST/techreel/backend/src/routes/postRoutes.js:111:8
2025-09-09T03:12:10:     at process.processTicksAndRejections (node:internal/process/task_queues:95:5)
2025-09-09T03:12:10: Feed error: TypeError: Class constructor ObjectId cannot be invoked without 'new'
2025-09-09T03:12:10:     at /Users/gautamkumar/ST/techreel/backend/src/routes/postRoutes.js:111:35
2025-09-09T03:12:10:     at Array.map (<anonymous>)
2025-09-09T03:12:10:     at /Users/gautamkumar/ST/techreel/backend/src/routes/postRoutes.js:111:8
2025-09-09T03:12:10:     at process.processTicksAndRejections (node:internal/process/task_queues:95:5)
2025-09-09T03:12:16: Feed error: TypeError: Class constructor ObjectId cannot be invoked without 'new'
2025-09-09T03:12:16:     at /Users/gautamkumar/ST/techreel/backend/src/routes/postRoutes.js:111:35
2025-09-09T03:12:16:     at Array.map (<anonymous>)
2025-09-09T03:12:16:     at /Users/gautamkumar/ST/techreel/backend/src/routes/postRoutes.js:111:8
2025-09-09T03:12:16:     at process.processTicksAndRejections (node:internal/process/task_queues:95:5)
2025-09-09T03:12:18: Feed error: TypeError: Class constructor ObjectId cannot be invoked without 'new'
2025-09-09T03:12:18:     at /Users/gautamkumar/ST/techreel/backend/src/routes/postRoutes.js:111:35
2025-09-09T03:12:18:     at Array.map (<anonymous>)
2025-09-09T03:12:18:     at /Users/gautamkumar/ST/techreel/backend/src/routes/postRoutes.js:111:8
2025-09-09T03:12:18:     at process.processTicksAndRejections (node:internal/process/task_queues:95:5)
2025-09-09T03:14:41: Feed error: TypeError: Class constructor ObjectId cannot be invoked without 'new'
2025-09-09T03:14:41:     at /Users/gautamkumar/ST/techreel/backend/src/routes/postRoutes.js:111:35
2025-09-09T03:14:41:     at Array.map (<anonymous>)
2025-09-09T03:14:41:     at /Users/gautamkumar/ST/techreel/backend/src/routes/postRoutes.js:111:8
2025-09-09T03:14:41:     at process.processTicksAndRejections (node:internal/process/task_queues:95:5)
2025-09-09T03:14:41: Feed error: TypeError: Class constructor ObjectId cannot be invoked without 'new'
2025-09-09T03:14:41:     at /Users/gautamkumar/ST/techreel/backend/src/routes/postRoutes.js:111:35
2025-09-09T03:14:41:     at Array.map (<anonymous>)
2025-09-09T03:14:41:     at /Users/gautamkumar/ST/techreel/backend/src/routes/postRoutes.js:111:8
2025-09-09T03:14:41:     at process.processTicksAndRejections (node:internal/process/task_queues:95:5)
2025-09-09T03:14:41: Feed error: TypeError: Class constructor ObjectId cannot be invoked without 'new'
2025-09-09T03:14:41:     at /Users/gautamkumar/ST/techreel/backend/src/routes/postRoutes.js:111:35
2025-09-09T03:14:41:     at Array.map (<anonymous>)
2025-09-09T03:14:41:     at /Users/gautamkumar/ST/techreel/backend/src/routes/postRoutes.js:111:8
2025-09-09T03:14:41:     at process.processTicksAndRejections (node:internal/process/task_queues:95:5)
2025-09-09T03:14:45: Feed error: TypeError: Class constructor ObjectId cannot be invoked without 'new'
2025-09-09T03:14:45:     at /Users/gautamkumar/ST/techreel/backend/src/routes/postRoutes.js:111:35
2025-09-09T03:14:45:     at Array.map (<anonymous>)
2025-09-09T03:14:45:     at /Users/gautamkumar/ST/techreel/backend/src/routes/postRoutes.js:111:8
2025-09-09T03:14:45:     at process.processTicksAndRejections (node:internal/process/task_queues:95:5)
2025-09-09T03:14:45: Feed error: TypeError: Class constructor ObjectId cannot be invoked without 'new'
2025-09-09T03:14:45:     at /Users/gautamkumar/ST/techreel/backend/src/routes/postRoutes.js:111:35
2025-09-09T03:14:45:     at Array.map (<anonymous>)
2025-09-09T03:14:45:     at /Users/gautamkumar/ST/techreel/backend/src/routes/postRoutes.js:111:8
2025-09-09T03:14:45:     at process.processTicksAndRejections (node:internal/process/task_queues:95:5)
2025-09-09T03:14:45: Feed error: TypeError: Class constructor ObjectId cannot be invoked without 'new'
2025-09-09T03:14:45:     at /Users/gautamkumar/ST/techreel/backend/src/routes/postRoutes.js:111:35
2025-09-09T03:14:45:     at Array.map (<anonymous>)
2025-09-09T03:14:45:     at /Users/gautamkumar/ST/techreel/backend/src/routes/postRoutes.js:111:8
2025-09-09T03:14:45:     at process.processTicksAndRejections (node:internal/process/task_queues:95:5)
2025-09-09T03:17:08: Feed error: TypeError: Class constructor ObjectId cannot be invoked without 'new'
2025-09-09T03:17:08:     at /Users/gautamkumar/ST/techreel/backend/src/routes/postRoutes.js:112:35
2025-09-09T03:17:08:     at Array.map (<anonymous>)
2025-09-09T03:17:08:     at /Users/gautamkumar/ST/techreel/backend/src/routes/postRoutes.js:112:8
2025-09-09T03:17:08:     at process.processTicksAndRejections (node:internal/process/task_queues:95:5)
2025-09-09T03:17:15: Feed error: TypeError: Class constructor ObjectId cannot be invoked without 'new'
2025-09-09T03:17:15:     at /Users/gautamkumar/ST/techreel/backend/src/routes/postRoutes.js:112:35
2025-09-09T03:17:15:     at Array.map (<anonymous>)
2025-09-09T03:17:15:     at /Users/gautamkumar/ST/techreel/backend/src/routes/postRoutes.js:112:8
2025-09-09T03:17:15:     at process.processTicksAndRejections (node:internal/process/task_queues:95:5)
2025-09-09T03:17:15: Feed error: TypeError: Class constructor ObjectId cannot be invoked without 'new'
2025-09-09T03:17:15:     at /Users/gautamkumar/ST/techreel/backend/src/routes/postRoutes.js:112:35
2025-09-09T03:17:15:     at Array.map (<anonymous>)
2025-09-09T03:17:15:     at /Users/gautamkumar/ST/techreel/backend/src/routes/postRoutes.js:112:8
2025-09-09T03:17:15:     at process.processTicksAndRejections (node:internal/process/task_queues:95:5)
2025-09-09T03:17:15: Feed error: TypeError: Class constructor ObjectId cannot be invoked without 'new'
2025-09-09T03:17:15:     at /Users/gautamkumar/ST/techreel/backend/src/routes/postRoutes.js:112:35
2025-09-09T03:17:15:     at Array.map (<anonymous>)
2025-09-09T03:17:15:     at /Users/gautamkumar/ST/techreel/backend/src/routes/postRoutes.js:112:8
2025-09-09T03:17:15:     at process.processTicksAndRejections (node:internal/process/task_queues:95:5)
2025-09-09T03:17:57: Feed error: TypeError: Class constructor ObjectId cannot be invoked without 'new'
2025-09-09T03:17:57:     at /Users/gautamkumar/ST/techreel/backend/src/routes/postRoutes.js:112:35
2025-09-09T03:17:57:     at Array.map (<anonymous>)
2025-09-09T03:17:57:     at /Users/gautamkumar/ST/techreel/backend/src/routes/postRoutes.js:112:8
2025-09-09T03:17:57:     at process.processTicksAndRejections (node:internal/process/task_queues:95:5)
2025-09-09T03:19:34: Feed error: TypeError: Class constructor ObjectId cannot be invoked without 'new'
2025-09-09T03:19:34:     at /Users/gautamkumar/ST/techreel/backend/src/routes/postRoutes.js:112:35
2025-09-09T03:19:34:     at Array.map (<anonymous>)
2025-09-09T03:19:34:     at /Users/gautamkumar/ST/techreel/backend/src/routes/postRoutes.js:112:8
2025-09-09T03:19:34:     at process.processTicksAndRejections (node:internal/process/task_queues:95:5)
2025-09-09T03:19:34: Feed error: TypeError: Class constructor ObjectId cannot be invoked without 'new'
2025-09-09T03:19:34:     at /Users/gautamkumar/ST/techreel/backend/src/routes/postRoutes.js:112:35
2025-09-09T03:19:34:     at Array.map (<anonymous>)
2025-09-09T03:19:34:     at /Users/gautamkumar/ST/techreel/backend/src/routes/postRoutes.js:112:8
2025-09-09T03:19:34:     at process.processTicksAndRejections (node:internal/process/task_queues:95:5)
2025-09-09T03:19:34: Feed error: TypeError: Class constructor ObjectId cannot be invoked without 'new'
2025-09-09T03:19:34:     at /Users/gautamkumar/ST/techreel/backend/src/routes/postRoutes.js:112:35
2025-09-09T03:19:34:     at Array.map (<anonymous>)
2025-09-09T03:19:34:     at /Users/gautamkumar/ST/techreel/backend/src/routes/postRoutes.js:112:8
2025-09-09T03:19:34:     at process.processTicksAndRejections (node:internal/process/task_queues:95:5)
2025-09-09T03:19:47: Feed error: TypeError: Class constructor ObjectId cannot be invoked without 'new'
2025-09-09T03:19:47:     at /Users/gautamkumar/ST/techreel/backend/src/routes/postRoutes.js:112:35
2025-09-09T03:19:47:     at Array.map (<anonymous>)
2025-09-09T03:19:47:     at /Users/gautamkumar/ST/techreel/backend/src/routes/postRoutes.js:112:8
2025-09-09T03:19:47:     at process.processTicksAndRejections (node:internal/process/task_queues:95:5)
2025-09-09T03:19:47: Feed error: TypeError: Class constructor ObjectId cannot be invoked without 'new'
2025-09-09T03:19:47:     at /Users/gautamkumar/ST/techreel/backend/src/routes/postRoutes.js:112:35
2025-09-09T03:19:47:     at Array.map (<anonymous>)
2025-09-09T03:19:47:     at /Users/gautamkumar/ST/techreel/backend/src/routes/postRoutes.js:112:8
2025-09-09T03:19:47:     at process.processTicksAndRejections (node:internal/process/task_queues:95:5)
2025-09-09T03:19:47: Feed error: TypeError: Class constructor ObjectId cannot be invoked without 'new'
2025-09-09T03:19:47:     at /Users/gautamkumar/ST/techreel/backend/src/routes/postRoutes.js:112:35
2025-09-09T03:19:47:     at Array.map (<anonymous>)
2025-09-09T03:19:47:     at /Users/gautamkumar/ST/techreel/backend/src/routes/postRoutes.js:112:8
2025-09-09T03:19:47:     at process.processTicksAndRejections (node:internal/process/task_queues:95:5)
2025-09-09T03:20:02: Feed error: TypeError: Class constructor ObjectId cannot be invoked without 'new'
2025-09-09T03:20:02:     at /Users/gautamkumar/ST/techreel/backend/src/routes/postRoutes.js:112:35
2025-09-09T03:20:02:     at Array.map (<anonymous>)
2025-09-09T03:20:02:     at /Users/gautamkumar/ST/techreel/backend/src/routes/postRoutes.js:112:8
2025-09-09T03:20:02:     at process.processTicksAndRejections (node:internal/process/task_queues:95:5)
2025-09-09T03:20:02: Feed error: TypeError: Class constructor ObjectId cannot be invoked without 'new'
2025-09-09T03:20:02:     at /Users/gautamkumar/ST/techreel/backend/src/routes/postRoutes.js:112:35
2025-09-09T03:20:02:     at Array.map (<anonymous>)
2025-09-09T03:20:02:     at /Users/gautamkumar/ST/techreel/backend/src/routes/postRoutes.js:112:8
2025-09-09T03:20:02:     at process.processTicksAndRejections (node:internal/process/task_queues:95:5)
2025-09-09T03:20:02: Feed error: TypeError: Class constructor ObjectId cannot be invoked without 'new'
2025-09-09T03:20:02:     at /Users/gautamkumar/ST/techreel/backend/src/routes/postRoutes.js:112:35
2025-09-09T03:20:02:     at Array.map (<anonymous>)
2025-09-09T03:20:02:     at /Users/gautamkumar/ST/techreel/backend/src/routes/postRoutes.js:112:8
2025-09-09T03:20:02:     at process.processTicksAndRejections (node:internal/process/task_queues:95:5)
2025-09-09T03:22:37: Feed error: TypeError: Class constructor ObjectId cannot be invoked without 'new'
2025-09-09T03:22:37:     at /Users/gautamkumar/ST/techreel/backend/src/routes/postRoutes.js:112:35
2025-09-09T03:22:37:     at Array.map (<anonymous>)
2025-09-09T03:22:37:     at /Users/gautamkumar/ST/techreel/backend/src/routes/postRoutes.js:112:8
2025-09-09T03:22:37:     at process.processTicksAndRejections (node:internal/process/task_queues:95:5)
2025-09-09T03:24:22: Feed error: TypeError: Class constructor ObjectId cannot be invoked without 'new'
2025-09-09T03:24:22:     at /Users/gautamkumar/ST/techreel/backend/src/routes/postRoutes.js:112:35
2025-09-09T03:24:22:     at Array.map (<anonymous>)
2025-09-09T03:24:22:     at /Users/gautamkumar/ST/techreel/backend/src/routes/postRoutes.js:112:8
2025-09-09T03:24:22:     at process.processTicksAndRejections (node:internal/process/task_queues:95:5)
2025-09-09T03:24:22: Feed error: TypeError: Class constructor ObjectId cannot be invoked without 'new'
2025-09-09T03:24:22:     at /Users/gautamkumar/ST/techreel/backend/src/routes/postRoutes.js:112:35
2025-09-09T03:24:22:     at Array.map (<anonymous>)
2025-09-09T03:24:22:     at /Users/gautamkumar/ST/techreel/backend/src/routes/postRoutes.js:112:8
2025-09-09T03:24:22:     at process.processTicksAndRejections (node:internal/process/task_queues:95:5)
2025-09-09T03:25:59: Feed error: TypeError: Class constructor ObjectId cannot be invoked without 'new'
2025-09-09T03:25:59:     at /Users/gautamkumar/ST/techreel/backend/src/routes/postRoutes.js:112:35
2025-09-09T03:25:59:     at Array.map (<anonymous>)
2025-09-09T03:25:59:     at /Users/gautamkumar/ST/techreel/backend/src/routes/postRoutes.js:112:8
2025-09-09T03:25:59:     at process.processTicksAndRejections (node:internal/process/task_queues:95:5)
2025-09-09T03:25:59: Feed error: TypeError: Class constructor ObjectId cannot be invoked without 'new'
2025-09-09T03:25:59:     at /Users/gautamkumar/ST/techreel/backend/src/routes/postRoutes.js:112:35
2025-09-09T03:25:59:     at Array.map (<anonymous>)
2025-09-09T03:25:59:     at /Users/gautamkumar/ST/techreel/backend/src/routes/postRoutes.js:112:8
2025-09-09T03:25:59:     at process.processTicksAndRejections (node:internal/process/task_queues:95:5)
2025-09-09T03:25:59: Feed error: TypeError: Class constructor ObjectId cannot be invoked without 'new'
2025-09-09T03:25:59:     at /Users/gautamkumar/ST/techreel/backend/src/routes/postRoutes.js:112:35
2025-09-09T03:25:59:     at Array.map (<anonymous>)
2025-09-09T03:25:59:     at /Users/gautamkumar/ST/techreel/backend/src/routes/postRoutes.js:112:8
2025-09-09T03:25:59:     at process.processTicksAndRejections (node:internal/process/task_queues:95:5)
2025-09-09T03:26:14: Feed error: TypeError: Class constructor ObjectId cannot be invoked without 'new'
2025-09-09T03:26:14:     at /Users/gautamkumar/ST/techreel/backend/src/routes/postRoutes.js:112:35
2025-09-09T03:26:14:     at Array.map (<anonymous>)
2025-09-09T03:26:14:     at /Users/gautamkumar/ST/techreel/backend/src/routes/postRoutes.js:112:8
2025-09-09T03:26:14:     at process.processTicksAndRejections (node:internal/process/task_queues:95:5)
2025-09-09T03:26:14: Feed error: TypeError: Class constructor ObjectId cannot be invoked without 'new'
2025-09-09T03:26:14:     at /Users/gautamkumar/ST/techreel/backend/src/routes/postRoutes.js:112:35
2025-09-09T03:26:14:     at Array.map (<anonymous>)
2025-09-09T03:26:14:     at /Users/gautamkumar/ST/techreel/backend/src/routes/postRoutes.js:112:8
2025-09-09T03:26:14:     at process.processTicksAndRejections (node:internal/process/task_queues:95:5)
2025-09-09T03:26:14: Feed error: TypeError: Class constructor ObjectId cannot be invoked without 'new'
2025-09-09T03:26:14:     at /Users/gautamkumar/ST/techreel/backend/src/routes/postRoutes.js:112:35
2025-09-09T03:26:14:     at Array.map (<anonymous>)
2025-09-09T03:26:14:     at /Users/gautamkumar/ST/techreel/backend/src/routes/postRoutes.js:112:8
2025-09-09T03:26:14:     at process.processTicksAndRejections (node:internal/process/task_queues:95:5)
2025-09-09T03:29:53: Feed error: TypeError: Class constructor ObjectId cannot be invoked without 'new'
2025-09-09T03:29:53:     at /Users/gautamkumar/ST/techreel/backend/src/routes/postRoutes.js:114:35
2025-09-09T03:29:53:     at Array.map (<anonymous>)
2025-09-09T03:29:53:     at /Users/gautamkumar/ST/techreel/backend/src/routes/postRoutes.js:114:8
2025-09-09T03:29:53:     at process.processTicksAndRejections (node:internal/process/task_queues:95:5)
2025-09-09T03:29:53: Feed error: TypeError: Class constructor ObjectId cannot be invoked without 'new'
2025-09-09T03:29:53:     at /Users/gautamkumar/ST/techreel/backend/src/routes/postRoutes.js:114:35
2025-09-09T03:29:53:     at Array.map (<anonymous>)
2025-09-09T03:29:53:     at /Users/gautamkumar/ST/techreel/backend/src/routes/postRoutes.js:114:8
2025-09-09T03:29:53:     at process.processTicksAndRejections (node:internal/process/task_queues:95:5)
2025-09-09T03:29:53: Feed error: TypeError: Class constructor ObjectId cannot be invoked without 'new'
2025-09-09T03:29:53:     at /Users/gautamkumar/ST/techreel/backend/src/routes/postRoutes.js:114:35
2025-09-09T03:29:53:     at Array.map (<anonymous>)
2025-09-09T03:29:53:     at /Users/gautamkumar/ST/techreel/backend/src/routes/postRoutes.js:114:8
2025-09-09T03:29:53:     at process.processTicksAndRejections (node:internal/process/task_queues:95:5)
2025-09-09T03:30:32: Feed error: TypeError: Class constructor ObjectId cannot be invoked without 'new'
2025-09-09T03:30:32:     at /Users/gautamkumar/ST/techreel/backend/src/routes/postRoutes.js:114:35
2025-09-09T03:30:32:     at Array.map (<anonymous>)
2025-09-09T03:30:32:     at /Users/gautamkumar/ST/techreel/backend/src/routes/postRoutes.js:114:8
2025-09-09T03:30:32:     at process.processTicksAndRejections (node:internal/process/task_queues:95:5)
2025-09-09T03:30:32: Feed error: TypeError: Class constructor ObjectId cannot be invoked without 'new'
2025-09-09T03:30:32:     at /Users/gautamkumar/ST/techreel/backend/src/routes/postRoutes.js:114:35
2025-09-09T03:30:32:     at Array.map (<anonymous>)
2025-09-09T03:30:32:     at /Users/gautamkumar/ST/techreel/backend/src/routes/postRoutes.js:114:8
2025-09-09T03:30:32:     at process.processTicksAndRejections (node:internal/process/task_queues:95:5)
2025-09-09T03:30:32: Feed error: TypeError: Class constructor ObjectId cannot be invoked without 'new'
2025-09-09T03:30:32:     at /Users/gautamkumar/ST/techreel/backend/src/routes/postRoutes.js:114:35
2025-09-09T03:30:32:     at Array.map (<anonymous>)
2025-09-09T03:30:32:     at /Users/gautamkumar/ST/techreel/backend/src/routes/postRoutes.js:114:8
2025-09-09T03:30:32:     at process.processTicksAndRejections (node:internal/process/task_queues:95:5)
2025-09-09T03:31:18: Feed error: TypeError: Class constructor ObjectId cannot be invoked without 'new'
2025-09-09T03:31:18:     at /Users/gautamkumar/ST/techreel/backend/src/routes/postRoutes.js:114:35
2025-09-09T03:31:18:     at Array.map (<anonymous>)
2025-09-09T03:31:18:     at /Users/gautamkumar/ST/techreel/backend/src/routes/postRoutes.js:114:8
2025-09-09T03:31:18:     at process.processTicksAndRejections (node:internal/process/task_queues:95:5)
2025-09-09T03:31:18: Feed error: TypeError: Class constructor ObjectId cannot be invoked without 'new'
2025-09-09T03:31:18:     at /Users/gautamkumar/ST/techreel/backend/src/routes/postRoutes.js:114:35
2025-09-09T03:31:18:     at Array.map (<anonymous>)
2025-09-09T03:31:18:     at /Users/gautamkumar/ST/techreel/backend/src/routes/postRoutes.js:114:8
2025-09-09T03:31:18:     at process.processTicksAndRejections (node:internal/process/task_queues:95:5)
2025-09-09T03:31:18: Feed error: TypeError: Class constructor ObjectId cannot be invoked without 'new'
2025-09-09T03:31:18:     at /Users/gautamkumar/ST/techreel/backend/src/routes/postRoutes.js:114:35
2025-09-09T03:31:18:     at Array.map (<anonymous>)
2025-09-09T03:31:18:     at /Users/gautamkumar/ST/techreel/backend/src/routes/postRoutes.js:114:8
2025-09-09T03:31:18:     at process.processTicksAndRejections (node:internal/process/task_queues:95:5)
2025-09-09T03:34:36: Feed error: TypeError: Class constructor ObjectId cannot be invoked without 'new'
2025-09-09T03:34:36:     at /Users/gautamkumar/ST/techreel/backend/src/routes/postRoutes.js:117:35
2025-09-09T03:34:36:     at Array.map (<anonymous>)
2025-09-09T03:34:36:     at /Users/gautamkumar/ST/techreel/backend/src/routes/postRoutes.js:117:8
2025-09-09T03:34:36:     at process.processTicksAndRejections (node:internal/process/task_queues:95:5)
2025-09-09T03:34:36: Feed error: TypeError: Class constructor ObjectId cannot be invoked without 'new'
2025-09-09T03:34:36:     at /Users/gautamkumar/ST/techreel/backend/src/routes/postRoutes.js:117:35
2025-09-09T03:34:36:     at Array.map (<anonymous>)
2025-09-09T03:34:36:     at /Users/gautamkumar/ST/techreel/backend/src/routes/postRoutes.js:117:8
2025-09-09T03:34:36:     at process.processTicksAndRejections (node:internal/process/task_queues:95:5)
2025-09-09T03:34:36: Feed error: TypeError: Class constructor ObjectId cannot be invoked without 'new'
2025-09-09T03:34:36:     at /Users/gautamkumar/ST/techreel/backend/src/routes/postRoutes.js:117:35
2025-09-09T03:34:36:     at Array.map (<anonymous>)
2025-09-09T03:34:36:     at /Users/gautamkumar/ST/techreel/backend/src/routes/postRoutes.js:117:8
2025-09-09T03:34:36:     at process.processTicksAndRejections (node:internal/process/task_queues:95:5)
2025-09-09T03:38:57: Feed error: TypeError: Class constructor ObjectId cannot be invoked without 'new'
2025-09-09T03:38:57:     at /Users/gautamkumar/ST/techreel/backend/src/routes/postRoutes.js:114:35
2025-09-09T03:38:57:     at Array.map (<anonymous>)
2025-09-09T03:38:57:     at /Users/gautamkumar/ST/techreel/backend/src/routes/postRoutes.js:114:8
2025-09-09T03:38:57:     at process.processTicksAndRejections (node:internal/process/task_queues:95:5)
2025-09-09T03:38:57: Feed error: TypeError: Class constructor ObjectId cannot be invoked without 'new'
2025-09-09T03:38:57:     at /Users/gautamkumar/ST/techreel/backend/src/routes/postRoutes.js:114:35
2025-09-09T03:38:57:     at Array.map (<anonymous>)
2025-09-09T03:38:57:     at /Users/gautamkumar/ST/techreel/backend/src/routes/postRoutes.js:114:8
2025-09-09T03:38:57:     at process.processTicksAndRejections (node:internal/process/task_queues:95:5)
2025-09-09T03:38:57: Feed error: TypeError: Class constructor ObjectId cannot be invoked without 'new'
2025-09-09T03:38:57:     at /Users/gautamkumar/ST/techreel/backend/src/routes/postRoutes.js:114:35
2025-09-09T03:38:57:     at Array.map (<anonymous>)
2025-09-09T03:38:57:     at /Users/gautamkumar/ST/techreel/backend/src/routes/postRoutes.js:114:8
2025-09-09T03:38:57:     at process.processTicksAndRejections (node:internal/process/task_queues:95:5)
2025-09-09T03:39:01: Feed error: TypeError: Class constructor ObjectId cannot be invoked without 'new'
2025-09-09T03:39:01:     at /Users/gautamkumar/ST/techreel/backend/src/routes/postRoutes.js:114:35
2025-09-09T03:39:01:     at Array.map (<anonymous>)
2025-09-09T03:39:01:     at /Users/gautamkumar/ST/techreel/backend/src/routes/postRoutes.js:114:8
2025-09-09T03:39:01:     at process.processTicksAndRejections (node:internal/process/task_queues:95:5)
2025-09-09T03:39:01: Feed error: TypeError: Class constructor ObjectId cannot be invoked without 'new'
2025-09-09T03:39:01:     at /Users/gautamkumar/ST/techreel/backend/src/routes/postRoutes.js:114:35
2025-09-09T03:39:01:     at Array.map (<anonymous>)
2025-09-09T03:39:01:     at /Users/gautamkumar/ST/techreel/backend/src/routes/postRoutes.js:114:8
2025-09-09T03:39:01:     at process.processTicksAndRejections (node:internal/process/task_queues:95:5)
2025-09-09T03:39:02: Feed error: TypeError: Class constructor ObjectId cannot be invoked without 'new'
2025-09-09T03:39:02:     at /Users/gautamkumar/ST/techreel/backend/src/routes/postRoutes.js:114:35
2025-09-09T03:39:02:     at Array.map (<anonymous>)
2025-09-09T03:39:02:     at /Users/gautamkumar/ST/techreel/backend/src/routes/postRoutes.js:114:8
2025-09-09T03:39:02:     at process.processTicksAndRejections (node:internal/process/task_queues:95:5)
2025-09-09T03:39:28: Feed error: TypeError: Class constructor ObjectId cannot be invoked without 'new'
2025-09-09T03:39:28:     at /Users/gautamkumar/ST/techreel/backend/src/routes/postRoutes.js:114:35
2025-09-09T03:39:28:     at Array.map (<anonymous>)
2025-09-09T03:39:28:     at /Users/gautamkumar/ST/techreel/backend/src/routes/postRoutes.js:114:8
2025-09-09T03:39:28:     at process.processTicksAndRejections (node:internal/process/task_queues:95:5)
2025-09-09T03:39:28: Feed error: TypeError: Class constructor ObjectId cannot be invoked without 'new'
2025-09-09T03:39:28:     at /Users/gautamkumar/ST/techreel/backend/src/routes/postRoutes.js:114:35
2025-09-09T03:39:28:     at Array.map (<anonymous>)
2025-09-09T03:39:28:     at /Users/gautamkumar/ST/techreel/backend/src/routes/postRoutes.js:114:8
2025-09-09T03:39:28:     at process.processTicksAndRejections (node:internal/process/task_queues:95:5)
2025-09-09T03:39:28: Feed error: TypeError: Class constructor ObjectId cannot be invoked without 'new'
2025-09-09T03:39:28:     at /Users/gautamkumar/ST/techreel/backend/src/routes/postRoutes.js:114:35
2025-09-09T03:39:28:     at Array.map (<anonymous>)
2025-09-09T03:39:28:     at /Users/gautamkumar/ST/techreel/backend/src/routes/postRoutes.js:114:8
2025-09-09T03:39:28:     at process.processTicksAndRejections (node:internal/process/task_queues:95:5)
2025-09-09T03:39:29: Feed error: TypeError: Class constructor ObjectId cannot be invoked without 'new'
2025-09-09T03:39:29:     at /Users/gautamkumar/ST/techreel/backend/src/routes/postRoutes.js:114:35
2025-09-09T03:39:29:     at Array.map (<anonymous>)
2025-09-09T03:39:29:     at /Users/gautamkumar/ST/techreel/backend/src/routes/postRoutes.js:114:8
2025-09-09T03:39:29:     at process.processTicksAndRejections (node:internal/process/task_queues:95:5)
2025-09-09T03:39:29: Feed error: TypeError: Class constructor ObjectId cannot be invoked without 'new'
2025-09-09T03:39:29:     at /Users/gautamkumar/ST/techreel/backend/src/routes/postRoutes.js:114:35
2025-09-09T03:39:29:     at Array.map (<anonymous>)
2025-09-09T03:39:29:     at /Users/gautamkumar/ST/techreel/backend/src/routes/postRoutes.js:114:8
2025-09-09T03:39:29:     at process.processTicksAndRejections (node:internal/process/task_queues:95:5)
2025-09-09T03:39:30: Feed error: TypeError: Class constructor ObjectId cannot be invoked without 'new'
2025-09-09T03:39:30:     at /Users/gautamkumar/ST/techreel/backend/src/routes/postRoutes.js:114:35
2025-09-09T03:39:30:     at Array.map (<anonymous>)
2025-09-09T03:39:30:     at /Users/gautamkumar/ST/techreel/backend/src/routes/postRoutes.js:114:8
2025-09-09T03:39:30:     at process.processTicksAndRejections (node:internal/process/task_queues:95:5)
2025-09-09T03:39:30: Feed error: TypeError: Class constructor ObjectId cannot be invoked without 'new'
2025-09-09T03:39:30:     at /Users/gautamkumar/ST/techreel/backend/src/routes/postRoutes.js:114:35
2025-09-09T03:39:30:     at Array.map (<anonymous>)
2025-09-09T03:39:30:     at /Users/gautamkumar/ST/techreel/backend/src/routes/postRoutes.js:114:8
2025-09-09T03:39:30:     at process.processTicksAndRejections (node:internal/process/task_queues:95:5)
2025-09-09T03:39:30: Feed error: TypeError: Class constructor ObjectId cannot be invoked without 'new'
2025-09-09T03:39:30:     at /Users/gautamkumar/ST/techreel/backend/src/routes/postRoutes.js:114:35
2025-09-09T03:39:30:     at Array.map (<anonymous>)
2025-09-09T03:39:30:     at /Users/gautamkumar/ST/techreel/backend/src/routes/postRoutes.js:114:8
2025-09-09T03:39:30:     at process.processTicksAndRejections (node:internal/process/task_queues:95:5)
2025-09-09T03:39:30: Feed error: TypeError: Class constructor ObjectId cannot be invoked without 'new'
2025-09-09T03:39:30:     at /Users/gautamkumar/ST/techreel/backend/src/routes/postRoutes.js:114:35
2025-09-09T03:39:30:     at Array.map (<anonymous>)
2025-09-09T03:39:30:     at /Users/gautamkumar/ST/techreel/backend/src/routes/postRoutes.js:114:8
2025-09-09T03:39:30:     at process.processTicksAndRejections (node:internal/process/task_queues:95:5)
2025-09-09T03:39:31: Feed error: TypeError: Class constructor ObjectId cannot be invoked without 'new'
2025-09-09T03:39:31:     at /Users/gautamkumar/ST/techreel/backend/src/routes/postRoutes.js:114:35
2025-09-09T03:39:31:     at Array.map (<anonymous>)
2025-09-09T03:39:31:     at /Users/gautamkumar/ST/techreel/backend/src/routes/postRoutes.js:114:8
2025-09-09T03:39:31:     at process.processTicksAndRejections (node:internal/process/task_queues:95:5)
2025-09-09T03:39:31: Feed error: TypeError: Class constructor ObjectId cannot be invoked without 'new'
2025-09-09T03:39:31:     at /Users/gautamkumar/ST/techreel/backend/src/routes/postRoutes.js:114:35
2025-09-09T03:39:31:     at Array.map (<anonymous>)
2025-09-09T03:39:31:     at /Users/gautamkumar/ST/techreel/backend/src/routes/postRoutes.js:114:8
2025-09-09T03:39:31:     at process.processTicksAndRejections (node:internal/process/task_queues:95:5)
2025-09-09T03:39:32: Feed error: TypeError: Class constructor ObjectId cannot be invoked without 'new'
2025-09-09T03:39:32:     at /Users/gautamkumar/ST/techreel/backend/src/routes/postRoutes.js:114:35
2025-09-09T03:39:32:     at Array.map (<anonymous>)
2025-09-09T03:39:32:     at /Users/gautamkumar/ST/techreel/backend/src/routes/postRoutes.js:114:8
2025-09-09T03:39:32:     at process.processTicksAndRejections (node:internal/process/task_queues:95:5)
2025-09-09T03:39:38: Feed error: TypeError: Class constructor ObjectId cannot be invoked without 'new'
2025-09-09T03:39:38:     at /Users/gautamkumar/ST/techreel/backend/src/routes/postRoutes.js:114:35
2025-09-09T03:39:38:     at Array.map (<anonymous>)
2025-09-09T03:39:38:     at /Users/gautamkumar/ST/techreel/backend/src/routes/postRoutes.js:114:8
2025-09-09T03:39:38:     at process.processTicksAndRejections (node:internal/process/task_queues:95:5)
2025-09-09T03:39:38: Feed error: TypeError: Class constructor ObjectId cannot be invoked without 'new'
2025-09-09T03:39:38:     at /Users/gautamkumar/ST/techreel/backend/src/routes/postRoutes.js:114:35
2025-09-09T03:39:38:     at Array.map (<anonymous>)
2025-09-09T03:39:38:     at /Users/gautamkumar/ST/techreel/backend/src/routes/postRoutes.js:114:8
2025-09-09T03:39:38:     at process.processTicksAndRejections (node:internal/process/task_queues:95:5)
2025-09-09T03:39:38: Feed error: TypeError: Class constructor ObjectId cannot be invoked without 'new'
2025-09-09T03:39:38:     at /Users/gautamkumar/ST/techreel/backend/src/routes/postRoutes.js:114:35
2025-09-09T03:39:38:     at Array.map (<anonymous>)
2025-09-09T03:39:38:     at /Users/gautamkumar/ST/techreel/backend/src/routes/postRoutes.js:114:8
2025-09-09T03:39:38:     at process.processTicksAndRejections (node:internal/process/task_queues:95:5)
2025-09-09T03:42:03: Feed error: TypeError: Class constructor ObjectId cannot be invoked without 'new'
2025-09-09T03:42:03:     at /Users/gautamkumar/ST/techreel/backend/src/routes/postRoutes.js:120:48
2025-09-09T03:42:03:     at process.processTicksAndRejections (node:internal/process/task_queues:95:5)
2025-09-09T03:42:03: Feed error: TypeError: Class constructor ObjectId cannot be invoked without 'new'
2025-09-09T03:42:03:     at /Users/gautamkumar/ST/techreel/backend/src/routes/postRoutes.js:120:48
2025-09-09T03:42:03:     at process.processTicksAndRejections (node:internal/process/task_queues:95:5)
2025-09-09T03:42:03: Feed error: TypeError: Class constructor ObjectId cannot be invoked without 'new'
2025-09-09T03:42:03:     at /Users/gautamkumar/ST/techreel/backend/src/routes/postRoutes.js:120:48
2025-09-09T03:42:03:     at process.processTicksAndRejections (node:internal/process/task_queues:95:5)
2025-09-09T03:42:52: Feed error: TypeError: Class constructor ObjectId cannot be invoked without 'new'
2025-09-09T03:42:52:     at /Users/gautamkumar/ST/techreel/backend/src/routes/postRoutes.js:120:48
2025-09-09T03:42:52:     at process.processTicksAndRejections (node:internal/process/task_queues:95:5)
2025-09-09T03:42:52: Feed error: TypeError: Class constructor ObjectId cannot be invoked without 'new'
2025-09-09T03:42:52:     at /Users/gautamkumar/ST/techreel/backend/src/routes/postRoutes.js:120:48
2025-09-09T03:42:52:     at process.processTicksAndRejections (node:internal/process/task_queues:95:5)
2025-09-09T03:42:52: Feed error: TypeError: Class constructor ObjectId cannot be invoked without 'new'
2025-09-09T03:42:52:     at /Users/gautamkumar/ST/techreel/backend/src/routes/postRoutes.js:120:48
2025-09-09T03:42:52:     at process.processTicksAndRejections (node:internal/process/task_queues:95:5)
2025-09-09T03:43:53: Feed error: TypeError: Class constructor ObjectId cannot be invoked without 'new'
2025-09-09T03:43:53:     at /Users/gautamkumar/ST/techreel/backend/src/routes/postRoutes.js:120:48
2025-09-09T03:43:53:     at process.processTicksAndRejections (node:internal/process/task_queues:95:5)
2025-09-09T03:43:53: Feed error: TypeError: Class constructor ObjectId cannot be invoked without 'new'
2025-09-09T03:43:53:     at /Users/gautamkumar/ST/techreel/backend/src/routes/postRoutes.js:120:48
2025-09-09T03:43:53:     at process.processTicksAndRejections (node:internal/process/task_queues:95:5)
2025-09-09T03:43:53: Feed error: TypeError: Class constructor ObjectId cannot be invoked without 'new'
2025-09-09T03:43:53:     at /Users/gautamkumar/ST/techreel/backend/src/routes/postRoutes.js:120:48
2025-09-09T03:43:53:     at process.processTicksAndRejections (node:internal/process/task_queues:95:5)
2025-09-09T03:45:44: Feed error: TypeError: Class constructor ObjectId cannot be invoked without 'new'
2025-09-09T03:45:44:     at /Users/gautamkumar/ST/techreel/backend/src/routes/postRoutes.js:120:48
2025-09-09T03:45:44:     at process.processTicksAndRejections (node:internal/process/task_queues:95:5)
2025-09-09T03:45:44: Feed error: TypeError: Class constructor ObjectId cannot be invoked without 'new'
2025-09-09T03:45:44:     at /Users/gautamkumar/ST/techreel/backend/src/routes/postRoutes.js:120:48
2025-09-09T03:45:44:     at process.processTicksAndRejections (node:internal/process/task_queues:95:5)
2025-09-09T03:45:44: Feed error: TypeError: Class constructor ObjectId cannot be invoked without 'new'
2025-09-09T03:45:44:     at /Users/gautamkumar/ST/techreel/backend/src/routes/postRoutes.js:120:48
2025-09-09T03:45:44:     at process.processTicksAndRejections (node:internal/process/task_queues:95:5)
2025-09-09T12:12:02: Like error: VersionError: No matching document found for id "68bcbd895167532f37bed0ad" version 12 modifiedPaths "likes"
2025-09-09T12:12:02:     at generateVersionError (/Users/gautamkumar/ST/techreel/backend/node_modules/mongoose/lib/model.js:465:10)
2025-09-09T12:12:02:     at model.save (/Users/gautamkumar/ST/techreel/backend/node_modules/mongoose/lib/model.js:522:28)
2025-09-09T12:12:02:     at /Users/gautamkumar/ST/techreel/backend/src/routes/postRoutes.js:67:16
2025-09-09T12:12:02:     at process.processTicksAndRejections (node:internal/process/task_queues:95:5) {
2025-09-09T12:12:02:   version: 12,
2025-09-09T12:12:02:   modifiedPaths: [ 'likes' ]
2025-09-09T12:12:02: }
2025-09-09T12:12:02: Like error: VersionError: No matching document found for id "68bcbd895167532f37bed0ad" version 12 modifiedPaths "likes"
2025-09-09T12:12:02:     at generateVersionError (/Users/gautamkumar/ST/techreel/backend/node_modules/mongoose/lib/model.js:465:10)
2025-09-09T12:12:02:     at model.save (/Users/gautamkumar/ST/techreel/backend/node_modules/mongoose/lib/model.js:522:28)
2025-09-09T12:12:02:     at /Users/gautamkumar/ST/techreel/backend/src/routes/postRoutes.js:67:16
2025-09-09T12:12:02:     at process.processTicksAndRejections (node:internal/process/task_queues:95:5) {
2025-09-09T12:12:02:   version: 12,
2025-09-09T12:12:02:   modifiedPaths: [ 'likes' ]
2025-09-09T12:12:02: }
2025-09-09T12:12:07: Like error: VersionError: No matching document found for id "68bcbd895167532f37bed0ad" version 13 modifiedPaths "likes"
2025-09-09T12:12:07:     at generateVersionError (/Users/gautamkumar/ST/techreel/backend/node_modules/mongoose/lib/model.js:465:10)
2025-09-09T12:12:07:     at model.save (/Users/gautamkumar/ST/techreel/backend/node_modules/mongoose/lib/model.js:522:28)
2025-09-09T12:12:07:     at /Users/gautamkumar/ST/techreel/backend/src/routes/postRoutes.js:67:16
2025-09-09T12:12:07:     at process.processTicksAndRejections (node:internal/process/task_queues:95:5) {
2025-09-09T12:12:07:   version: 13,
2025-09-09T12:12:07:   modifiedPaths: [ 'likes' ]
2025-09-09T12:12:07: }
2025-09-09T12:12:12: Like error: VersionError: No matching document found for id "68bcbd895167532f37bed0ad" version 14 modifiedPaths "likes"
2025-09-09T12:12:12:     at generateVersionError (/Users/gautamkumar/ST/techreel/backend/node_modules/mongoose/lib/model.js:465:10)
2025-09-09T12:12:12:     at model.save (/Users/gautamkumar/ST/techreel/backend/node_modules/mongoose/lib/model.js:522:28)
2025-09-09T12:12:12:     at /Users/gautamkumar/ST/techreel/backend/src/routes/postRoutes.js:67:16
2025-09-09T12:12:12:     at process.processTicksAndRejections (node:internal/process/task_queues:95:5) {
2025-09-09T12:12:12:   version: 14,
2025-09-09T12:12:12:   modifiedPaths: [ 'likes' ]
2025-09-09T12:12:12: }
2025-09-09T12:12:13: Like error: VersionError: No matching document found for id "68bcbd895167532f37bed0ad" version 14 modifiedPaths "likes"
2025-09-09T12:12:13:     at generateVersionError (/Users/gautamkumar/ST/techreel/backend/node_modules/mongoose/lib/model.js:465:10)
2025-09-09T12:12:13:     at model.save (/Users/gautamkumar/ST/techreel/backend/node_modules/mongoose/lib/model.js:522:28)
2025-09-09T12:12:13:     at /Users/gautamkumar/ST/techreel/backend/src/routes/postRoutes.js:67:16
2025-09-09T12:12:13:     at process.processTicksAndRejections (node:internal/process/task_queues:95:5) {
2025-09-09T12:12:13:   version: 14,
2025-09-09T12:12:13:   modifiedPaths: [ 'likes' ]
2025-09-09T12:12:13: }
2025-09-09T12:12:14: Like error: VersionError: No matching document found for id "68bcbd895167532f37bed0ad" version 14 modifiedPaths "likes"
2025-09-09T12:12:14:     at generateVersionError (/Users/gautamkumar/ST/techreel/backend/node_modules/mongoose/lib/model.js:465:10)
2025-09-09T12:12:14:     at model.save (/Users/gautamkumar/ST/techreel/backend/node_modules/mongoose/lib/model.js:522:28)
2025-09-09T12:12:14:     at /Users/gautamkumar/ST/techreel/backend/src/routes/postRoutes.js:67:16
2025-09-09T12:12:14:     at process.processTicksAndRejections (node:internal/process/task_queues:95:5) {
2025-09-09T12:12:14:   version: 14,
2025-09-09T12:12:14:   modifiedPaths: [ 'likes' ]
2025-09-09T12:12:14: }
2025-09-09T12:12:14: Like error: VersionError: No matching document found for id "68bcbd895167532f37bed0ad" version 14 modifiedPaths "likes"
2025-09-09T12:12:14:     at generateVersionError (/Users/gautamkumar/ST/techreel/backend/node_modules/mongoose/lib/model.js:465:10)
2025-09-09T12:12:14:     at model.save (/Users/gautamkumar/ST/techreel/backend/node_modules/mongoose/lib/model.js:522:28)
2025-09-09T12:12:14:     at /Users/gautamkumar/ST/techreel/backend/src/routes/postRoutes.js:67:16
2025-09-09T12:12:14:     at process.processTicksAndRejections (node:internal/process/task_queues:95:5) {
2025-09-09T12:12:14:   version: 14,
2025-09-09T12:12:14:   modifiedPaths: [ 'likes' ]
2025-09-09T12:12:14: }
2025-09-09T12:12:17: Like error: VersionError: No matching document found for id "68bcbd895167532f37bed0ad" version 14 modifiedPaths "likes"
2025-09-09T12:12:17:     at generateVersionError (/Users/gautamkumar/ST/techreel/backend/node_modules/mongoose/lib/model.js:465:10)
2025-09-09T12:12:17:     at model.save (/Users/gautamkumar/ST/techreel/backend/node_modules/mongoose/lib/model.js:522:28)
2025-09-09T12:12:17:     at /Users/gautamkumar/ST/techreel/backend/src/routes/postRoutes.js:67:16
2025-09-09T12:12:17:     at process.processTicksAndRejections (node:internal/process/task_queues:95:5) {
2025-09-09T12:12:17:   version: 14,
2025-09-09T12:12:17:   modifiedPaths: [ 'likes' ]
2025-09-09T12:12:17: }
2025-09-09T12:12:18: Like error: VersionError: No matching document found for id "68bcbd895167532f37bed0ad" version 15 modifiedPaths "likes"
2025-09-09T12:12:18:     at generateVersionError (/Users/gautamkumar/ST/techreel/backend/node_modules/mongoose/lib/model.js:465:10)
2025-09-09T12:12:18:     at model.save (/Users/gautamkumar/ST/techreel/backend/node_modules/mongoose/lib/model.js:522:28)
2025-09-09T12:12:18:     at /Users/gautamkumar/ST/techreel/backend/src/routes/postRoutes.js:67:16
2025-09-09T12:12:18:     at process.processTicksAndRejections (node:internal/process/task_queues:95:5) {
2025-09-09T12:12:18:   version: 15,
2025-09-09T12:12:18:   modifiedPaths: [ 'likes' ]
2025-09-09T12:12:18: }
2025-09-09T12:12:18: Like error: VersionError: No matching document found for id "68bcbd895167532f37bed0ad" version 15 modifiedPaths "likes"
2025-09-09T12:12:18:     at generateVersionError (/Users/gautamkumar/ST/techreel/backend/node_modules/mongoose/lib/model.js:465:10)
2025-09-09T12:12:18:     at model.save (/Users/gautamkumar/ST/techreel/backend/node_modules/mongoose/lib/model.js:522:28)
2025-09-09T12:12:18:     at /Users/gautamkumar/ST/techreel/backend/src/routes/postRoutes.js:67:16
2025-09-09T12:12:18:     at process.processTicksAndRejections (node:internal/process/task_queues:95:5) {
2025-09-09T12:12:18:   version: 15,
2025-09-09T12:12:18:   modifiedPaths: [ 'likes' ]
2025-09-09T12:12:18: }
2025-09-09T12:12:19: Like error: VersionError: No matching document found for id "68bcbd895167532f37bed0ad" version 15 modifiedPaths "likes"
2025-09-09T12:12:19:     at generateVersionError (/Users/gautamkumar/ST/techreel/backend/node_modules/mongoose/lib/model.js:465:10)
2025-09-09T12:12:19:     at model.save (/Users/gautamkumar/ST/techreel/backend/node_modules/mongoose/lib/model.js:522:28)
2025-09-09T12:12:19:     at /Users/gautamkumar/ST/techreel/backend/src/routes/postRoutes.js:67:16
2025-09-09T12:12:19:     at process.processTicksAndRejections (node:internal/process/task_queues:95:5) {
2025-09-09T12:12:19:   version: 15,
2025-09-09T12:12:19:   modifiedPaths: [ 'likes' ]
2025-09-09T12:12:19: }
2025-09-09T21:21:50: Feed error: TypeError: Class constructor ObjectId cannot be invoked without 'new'
2025-09-09T21:21:50:     at /Users/gautamkumar/ST/techreel/backend/src/routes/postRoutes.js:120:48
2025-09-09T21:21:50:     at process.processTicksAndRejections (node:internal/process/task_queues:95:5)
2025-09-09T21:21:50: Feed error: TypeError: Class constructor ObjectId cannot be invoked without 'new'
2025-09-09T21:21:50:     at /Users/gautamkumar/ST/techreel/backend/src/routes/postRoutes.js:120:48
2025-09-09T21:21:50:     at process.processTicksAndRejections (node:internal/process/task_queues:95:5)
2025-09-09T21:21:56: Feed error: TypeError: Class constructor ObjectId cannot be invoked without 'new'
2025-09-09T21:21:56:     at /Users/gautamkumar/ST/techreel/backend/src/routes/postRoutes.js:120:48
2025-09-09T21:21:56:     at process.processTicksAndRejections (node:internal/process/task_queues:95:5)
2025-09-09T21:21:56: Feed error: TypeError: Class constructor ObjectId cannot be invoked without 'new'
2025-09-09T21:21:56:     at /Users/gautamkumar/ST/techreel/backend/src/routes/postRoutes.js:120:48
2025-09-09T21:21:56:     at process.processTicksAndRejections (node:internal/process/task_queues:95:5)
2025-09-09T21:23:45: Feed error: TypeError: Class constructor ObjectId cannot be invoked without 'new'
2025-09-09T21:23:45:     at /Users/gautamkumar/ST/techreel/backend/src/routes/postRoutes.js:120:48
2025-09-09T21:23:45:     at process.processTicksAndRejections (node:internal/process/task_queues:95:5)
2025-09-09T21:23:45: Feed error: TypeError: Class constructor ObjectId cannot be invoked without 'new'
2025-09-09T21:23:45:     at /Users/gautamkumar/ST/techreel/backend/src/routes/postRoutes.js:120:48
2025-09-09T21:23:45:     at process.processTicksAndRejections (node:internal/process/task_queues:95:5)
2025-09-09T21:24:52: Feed error: TypeError: Class constructor ObjectId cannot be invoked without 'new'
2025-09-09T21:24:52:     at /Users/gautamkumar/ST/techreel/backend/src/routes/postRoutes.js:120:48
2025-09-09T21:24:52:     at process.processTicksAndRejections (node:internal/process/task_queues:95:5)
2025-09-09T21:24:53: Feed error: TypeError: Class constructor ObjectId cannot be invoked without 'new'
2025-09-09T21:24:53:     at /Users/gautamkumar/ST/techreel/backend/src/routes/postRoutes.js:120:48
2025-09-09T21:24:53:     at process.processTicksAndRejections (node:internal/process/task_queues:95:5)
2025-09-09T21:27:47: Feed error: TypeError: Class constructor ObjectId cannot be invoked without 'new'
2025-09-09T21:27:47:     at /Users/gautamkumar/ST/techreel/backend/src/routes/postRoutes.js:120:48
2025-09-09T21:27:47:     at process.processTicksAndRejections (node:internal/process/task_queues:95:5)
2025-09-09T21:27:47: Feed error: TypeError: Class constructor ObjectId cannot be invoked without 'new'
2025-09-09T21:27:47:     at /Users/gautamkumar/ST/techreel/backend/src/routes/postRoutes.js:120:48
2025-09-09T21:27:47:     at process.processTicksAndRejections (node:internal/process/task_queues:95:5)
2025-09-09T21:27:55: Feed error: TypeError: Class constructor ObjectId cannot be invoked without 'new'
2025-09-09T21:27:55:     at /Users/gautamkumar/ST/techreel/backend/src/routes/postRoutes.js:120:48
2025-09-09T21:27:55:     at process.processTicksAndRejections (node:internal/process/task_queues:95:5)
2025-09-09T21:27:55: Feed error: TypeError: Class constructor ObjectId cannot be invoked without 'new'
2025-09-09T21:27:55:     at /Users/gautamkumar/ST/techreel/backend/src/routes/postRoutes.js:120:48
2025-09-09T21:27:55:     at process.processTicksAndRejections (node:internal/process/task_queues:95:5)
2025-09-09T21:27:58: Feed error: TypeError: Class constructor ObjectId cannot be invoked without 'new'
2025-09-09T21:27:58:     at /Users/gautamkumar/ST/techreel/backend/src/routes/postRoutes.js:120:48
2025-09-09T21:27:58:     at process.processTicksAndRejections (node:internal/process/task_queues:95:5)
2025-09-09T21:27:59: Feed error: TypeError: Class constructor ObjectId cannot be invoked without 'new'
2025-09-09T21:27:59:     at /Users/gautamkumar/ST/techreel/backend/src/routes/postRoutes.js:120:48
2025-09-09T21:27:59:     at process.processTicksAndRejections (node:internal/process/task_queues:95:5)
2025-09-09T21:28:35: Feed error: TypeError: Class constructor ObjectId cannot be invoked without 'new'
2025-09-09T21:28:35:     at /Users/gautamkumar/ST/techreel/backend/src/routes/postRoutes.js:120:48
2025-09-09T21:28:35:     at process.processTicksAndRejections (node:internal/process/task_queues:95:5)
2025-09-09T21:28:36: Feed error: TypeError: Class constructor ObjectId cannot be invoked without 'new'
2025-09-09T21:28:36:     at /Users/gautamkumar/ST/techreel/backend/src/routes/postRoutes.js:120:48
2025-09-09T21:28:36:     at process.processTicksAndRejections (node:internal/process/task_queues:95:5)
2025-09-09T21:30:35: Feed error: TypeError: Class constructor ObjectId cannot be invoked without 'new'
2025-09-09T21:30:35:     at /Users/gautamkumar/ST/techreel/backend/src/routes/postRoutes.js:120:48
2025-09-09T21:30:35:     at process.processTicksAndRejections (node:internal/process/task_queues:95:5)
2025-09-09T21:30:35: Global feed error: TypeError: Class constructor ObjectId cannot be invoked without 'new'
2025-09-09T21:30:35:     at /Users/gautamkumar/ST/techreel/backend/src/routes/postRoutes.js:220:40
2025-09-09T21:30:35:     at Layer.handle [as handle_request] (/Users/gautamkumar/ST/techreel/backend/node_modules/express/lib/router/layer.js:95:5)
2025-09-09T21:30:35:     at next (/Users/gautamkumar/ST/techreel/backend/node_modules/express/lib/router/route.js:149:13)
2025-09-09T21:30:35:     at Route.dispatch (/Users/gautamkumar/ST/techreel/backend/node_modules/express/lib/router/route.js:119:3)
2025-09-09T21:30:35:     at Layer.handle [as handle_request] (/Users/gautamkumar/ST/techreel/backend/node_modules/express/lib/router/layer.js:95:5)
2025-09-09T21:30:35:     at /Users/gautamkumar/ST/techreel/backend/node_modules/express/lib/router/index.js:284:15
2025-09-09T21:30:35:     at Function.process_params (/Users/gautamkumar/ST/techreel/backend/node_modules/express/lib/router/index.js:346:12)
2025-09-09T21:30:35:     at next (/Users/gautamkumar/ST/techreel/backend/node_modules/express/lib/router/index.js:280:10)
2025-09-09T21:30:35:     at Function.handle (/Users/gautamkumar/ST/techreel/backend/node_modules/express/lib/router/index.js:175:3)
2025-09-09T21:30:35:     at router (/Users/gautamkumar/ST/techreel/backend/node_modules/express/lib/router/index.js:47:12)
2025-09-09T21:30:36: Feed error: TypeError: Class constructor ObjectId cannot be invoked without 'new'
2025-09-09T21:30:36:     at /Users/gautamkumar/ST/techreel/backend/src/routes/postRoutes.js:120:48
2025-09-09T21:30:36:     at process.processTicksAndRejections (node:internal/process/task_queues:95:5)
2025-09-09T21:30:36: Global feed error: TypeError: Class constructor ObjectId cannot be invoked without 'new'
2025-09-09T21:30:36:     at /Users/gautamkumar/ST/techreel/backend/src/routes/postRoutes.js:220:40
2025-09-09T21:30:36:     at Layer.handle [as handle_request] (/Users/gautamkumar/ST/techreel/backend/node_modules/express/lib/router/layer.js:95:5)
2025-09-09T21:30:36:     at next (/Users/gautamkumar/ST/techreel/backend/node_modules/express/lib/router/route.js:149:13)
2025-09-09T21:30:36:     at Route.dispatch (/Users/gautamkumar/ST/techreel/backend/node_modules/express/lib/router/route.js:119:3)
2025-09-09T21:30:36:     at Layer.handle [as handle_request] (/Users/gautamkumar/ST/techreel/backend/node_modules/express/lib/router/layer.js:95:5)
2025-09-09T21:30:36:     at /Users/gautamkumar/ST/techreel/backend/node_modules/express/lib/router/index.js:284:15
2025-09-09T21:30:36:     at Function.process_params (/Users/gautamkumar/ST/techreel/backend/node_modules/express/lib/router/index.js:346:12)
2025-09-09T21:30:36:     at next (/Users/gautamkumar/ST/techreel/backend/node_modules/express/lib/router/index.js:280:10)
2025-09-09T21:30:36:     at Function.handle (/Users/gautamkumar/ST/techreel/backend/node_modules/express/lib/router/index.js:175:3)
2025-09-09T21:30:36:     at router (/Users/gautamkumar/ST/techreel/backend/node_modules/express/lib/router/index.js:47:12)
2025-09-09T21:30:38: Feed error: TypeError: Class constructor ObjectId cannot be invoked without 'new'
2025-09-09T21:30:38:     at /Users/gautamkumar/ST/techreel/backend/src/routes/postRoutes.js:120:48
2025-09-09T21:30:38:     at process.processTicksAndRejections (node:internal/process/task_queues:95:5)
2025-09-09T21:30:38: Global feed error: TypeError: Class constructor ObjectId cannot be invoked without 'new'
2025-09-09T21:30:38:     at /Users/gautamkumar/ST/techreel/backend/src/routes/postRoutes.js:220:40
2025-09-09T21:30:38:     at Layer.handle [as handle_request] (/Users/gautamkumar/ST/techreel/backend/node_modules/express/lib/router/layer.js:95:5)
2025-09-09T21:30:38:     at next (/Users/gautamkumar/ST/techreel/backend/node_modules/express/lib/router/route.js:149:13)
2025-09-09T21:30:38:     at Route.dispatch (/Users/gautamkumar/ST/techreel/backend/node_modules/express/lib/router/route.js:119:3)
2025-09-09T21:30:38:     at Layer.handle [as handle_request] (/Users/gautamkumar/ST/techreel/backend/node_modules/express/lib/router/layer.js:95:5)
2025-09-09T21:30:38:     at /Users/gautamkumar/ST/techreel/backend/node_modules/express/lib/router/index.js:284:15
2025-09-09T21:30:38:     at Function.process_params (/Users/gautamkumar/ST/techreel/backend/node_modules/express/lib/router/index.js:346:12)
2025-09-09T21:30:38:     at next (/Users/gautamkumar/ST/techreel/backend/node_modules/express/lib/router/index.js:280:10)
2025-09-09T21:30:38:     at Function.handle (/Users/gautamkumar/ST/techreel/backend/node_modules/express/lib/router/index.js:175:3)
2025-09-09T21:30:38:     at router (/Users/gautamkumar/ST/techreel/backend/node_modules/express/lib/router/index.js:47:12)
2025-09-09T21:30:38: Feed error: TypeError: Class constructor ObjectId cannot be invoked without 'new'
2025-09-09T21:30:38:     at /Users/gautamkumar/ST/techreel/backend/src/routes/postRoutes.js:120:48
2025-09-09T21:30:38:     at process.processTicksAndRejections (node:internal/process/task_queues:95:5)
2025-09-09T21:30:38: Global feed error: TypeError: Class constructor ObjectId cannot be invoked without 'new'
2025-09-09T21:30:38:     at /Users/gautamkumar/ST/techreel/backend/src/routes/postRoutes.js:220:40
2025-09-09T21:30:38:     at Layer.handle [as handle_request] (/Users/gautamkumar/ST/techreel/backend/node_modules/express/lib/router/layer.js:95:5)
2025-09-09T21:30:38:     at next (/Users/gautamkumar/ST/techreel/backend/node_modules/express/lib/router/route.js:149:13)
2025-09-09T21:30:38:     at Route.dispatch (/Users/gautamkumar/ST/techreel/backend/node_modules/express/lib/router/route.js:119:3)
2025-09-09T21:30:38:     at Layer.handle [as handle_request] (/Users/gautamkumar/ST/techreel/backend/node_modules/express/lib/router/layer.js:95:5)
2025-09-09T21:30:38:     at /Users/gautamkumar/ST/techreel/backend/node_modules/express/lib/router/index.js:284:15
2025-09-09T21:30:38:     at Function.process_params (/Users/gautamkumar/ST/techreel/backend/node_modules/express/lib/router/index.js:346:12)
2025-09-09T21:30:38:     at next (/Users/gautamkumar/ST/techreel/backend/node_modules/express/lib/router/index.js:280:10)
2025-09-09T21:30:38:     at Function.handle (/Users/gautamkumar/ST/techreel/backend/node_modules/express/lib/router/index.js:175:3)
2025-09-09T21:30:38:     at router (/Users/gautamkumar/ST/techreel/backend/node_modules/express/lib/router/index.js:47:12)
2025-09-09T21:30:39: Feed error: TypeError: Class constructor ObjectId cannot be invoked without 'new'
2025-09-09T21:30:39:     at /Users/gautamkumar/ST/techreel/backend/src/routes/postRoutes.js:120:48
2025-09-09T21:30:39:     at process.processTicksAndRejections (node:internal/process/task_queues:95:5)
2025-09-09T21:30:41: Feed error: TypeError: Class constructor ObjectId cannot be invoked without 'new'
2025-09-09T21:30:41:     at /Users/gautamkumar/ST/techreel/backend/src/routes/postRoutes.js:120:48
2025-09-09T21:30:41:     at process.processTicksAndRejections (node:internal/process/task_queues:95:5)
2025-09-09T21:30:41: Feed error: TypeError: Class constructor ObjectId cannot be invoked without 'new'
2025-09-09T21:30:41:     at /Users/gautamkumar/ST/techreel/backend/src/routes/postRoutes.js:120:48
2025-09-09T21:30:41:     at process.processTicksAndRejections (node:internal/process/task_queues:95:5)
2025-09-09T21:30:43: Feed error: TypeError: Class constructor ObjectId cannot be invoked without 'new'
2025-09-09T21:30:43:     at /Users/gautamkumar/ST/techreel/backend/src/routes/postRoutes.js:120:48
2025-09-09T21:30:43:     at process.processTicksAndRejections (node:internal/process/task_queues:95:5)
2025-09-09T21:30:45: Feed error: TypeError: Class constructor ObjectId cannot be invoked without 'new'
2025-09-09T21:30:45:     at /Users/gautamkumar/ST/techreel/backend/src/routes/postRoutes.js:120:48
2025-09-09T21:30:45:     at process.processTicksAndRejections (node:internal/process/task_queues:95:5)
2025-09-09T21:30:46: Feed error: TypeError: Class constructor ObjectId cannot be invoked without 'new'
2025-09-09T21:30:46:     at /Users/gautamkumar/ST/techreel/backend/src/routes/postRoutes.js:120:48
2025-09-09T21:30:46:     at process.processTicksAndRejections (node:internal/process/task_queues:95:5)
2025-09-09T21:30:46: Feed error: TypeError: Class constructor ObjectId cannot be invoked without 'new'
2025-09-09T21:30:46:     at /Users/gautamkumar/ST/techreel/backend/src/routes/postRoutes.js:120:48
2025-09-09T21:30:46:     at process.processTicksAndRejections (node:internal/process/task_queues:95:5)
2025-09-09T21:30:47: Feed error: TypeError: Class constructor ObjectId cannot be invoked without 'new'
2025-09-09T21:30:47:     at /Users/gautamkumar/ST/techreel/backend/src/routes/postRoutes.js:120:48
2025-09-09T21:30:47:     at process.processTicksAndRejections (node:internal/process/task_queues:95:5)
2025-09-09T21:30:47: Feed error: TypeError: Class constructor ObjectId cannot be invoked without 'new'
2025-09-09T21:30:47:     at /Users/gautamkumar/ST/techreel/backend/src/routes/postRoutes.js:120:48
2025-09-09T21:30:47:     at process.processTicksAndRejections (node:internal/process/task_queues:95:5)
2025-09-09T21:30:50: Feed error: TypeError: Class constructor ObjectId cannot be invoked without 'new'
2025-09-09T21:30:50:     at /Users/gautamkumar/ST/techreel/backend/src/routes/postRoutes.js:120:48
2025-09-09T21:30:50:     at process.processTicksAndRejections (node:internal/process/task_queues:95:5)
2025-09-09T21:30:51: Feed error: TypeError: Class constructor ObjectId cannot be invoked without 'new'
2025-09-09T21:30:51:     at /Users/gautamkumar/ST/techreel/backend/src/routes/postRoutes.js:120:48
2025-09-09T21:30:51:     at process.processTicksAndRejections (node:internal/process/task_queues:95:5)
2025-09-09T21:30:51: Feed error: TypeError: Class constructor ObjectId cannot be invoked without 'new'
2025-09-09T21:30:51:     at /Users/gautamkumar/ST/techreel/backend/src/routes/postRoutes.js:120:48
2025-09-09T21:30:51:     at process.processTicksAndRejections (node:internal/process/task_queues:95:5)
2025-09-09T21:30:52: Feed error: TypeError: Class constructor ObjectId cannot be invoked without 'new'
2025-09-09T21:30:52:     at /Users/gautamkumar/ST/techreel/backend/src/routes/postRoutes.js:120:48
2025-09-09T21:30:52:     at process.processTicksAndRejections (node:internal/process/task_queues:95:5)
2025-09-09T21:30:52: Feed error: TypeError: Class constructor ObjectId cannot be invoked without 'new'
2025-09-09T21:30:52:     at /Users/gautamkumar/ST/techreel/backend/src/routes/postRoutes.js:120:48
2025-09-09T21:30:52:     at process.processTicksAndRejections (node:internal/process/task_queues:95:5)
2025-09-09T21:30:53: Feed error: TypeError: Class constructor ObjectId cannot be invoked without 'new'
2025-09-09T21:30:53:     at /Users/gautamkumar/ST/techreel/backend/src/routes/postRoutes.js:120:48
2025-09-09T21:30:53:     at process.processTicksAndRejections (node:internal/process/task_queues:95:5)
2025-09-09T21:30:54: Feed error: TypeError: Class constructor ObjectId cannot be invoked without 'new'
2025-09-09T21:30:54:     at /Users/gautamkumar/ST/techreel/backend/src/routes/postRoutes.js:120:48
2025-09-09T21:30:54:     at process.processTicksAndRejections (node:internal/process/task_queues:95:5)
2025-09-09T21:30:55: Feed error: TypeError: Class constructor ObjectId cannot be invoked without 'new'
2025-09-09T21:30:55:     at /Users/gautamkumar/ST/techreel/backend/src/routes/postRoutes.js:120:48
2025-09-09T21:30:55:     at process.processTicksAndRejections (node:internal/process/task_queues:95:5)
2025-09-09T21:30:55: Feed error: TypeError: Class constructor ObjectId cannot be invoked without 'new'
2025-09-09T21:30:55:     at /Users/gautamkumar/ST/techreel/backend/src/routes/postRoutes.js:120:48
2025-09-09T21:30:55:     at process.processTicksAndRejections (node:internal/process/task_queues:95:5)
2025-09-09T21:30:55: Global feed error: TypeError: Class constructor ObjectId cannot be invoked without 'new'
2025-09-09T21:30:55:     at /Users/gautamkumar/ST/techreel/backend/src/routes/postRoutes.js:220:40
2025-09-09T21:30:55:     at Layer.handle [as handle_request] (/Users/gautamkumar/ST/techreel/backend/node_modules/express/lib/router/layer.js:95:5)
2025-09-09T21:30:55:     at next (/Users/gautamkumar/ST/techreel/backend/node_modules/express/lib/router/route.js:149:13)
2025-09-09T21:30:55:     at Route.dispatch (/Users/gautamkumar/ST/techreel/backend/node_modules/express/lib/router/route.js:119:3)
2025-09-09T21:30:55:     at Layer.handle [as handle_request] (/Users/gautamkumar/ST/techreel/backend/node_modules/express/lib/router/layer.js:95:5)
2025-09-09T21:30:55:     at /Users/gautamkumar/ST/techreel/backend/node_modules/express/lib/router/index.js:284:15
2025-09-09T21:30:55:     at Function.process_params (/Users/gautamkumar/ST/techreel/backend/node_modules/express/lib/router/index.js:346:12)
2025-09-09T21:30:55:     at next (/Users/gautamkumar/ST/techreel/backend/node_modules/express/lib/router/index.js:280:10)
2025-09-09T21:30:55:     at Function.handle (/Users/gautamkumar/ST/techreel/backend/node_modules/express/lib/router/index.js:175:3)
2025-09-09T21:30:55:     at router (/Users/gautamkumar/ST/techreel/backend/node_modules/express/lib/router/index.js:47:12)
2025-09-09T21:30:56: Feed error: TypeError: Class constructor ObjectId cannot be invoked without 'new'
2025-09-09T21:30:56:     at /Users/gautamkumar/ST/techreel/backend/src/routes/postRoutes.js:120:48
2025-09-09T21:30:56:     at process.processTicksAndRejections (node:internal/process/task_queues:95:5)
2025-09-09T21:30:56: Global feed error: TypeError: Class constructor ObjectId cannot be invoked without 'new'
2025-09-09T21:30:56:     at /Users/gautamkumar/ST/techreel/backend/src/routes/postRoutes.js:220:40
2025-09-09T21:30:56:     at Layer.handle [as handle_request] (/Users/gautamkumar/ST/techreel/backend/node_modules/express/lib/router/layer.js:95:5)
2025-09-09T21:30:56:     at next (/Users/gautamkumar/ST/techreel/backend/node_modules/express/lib/router/route.js:149:13)
2025-09-09T21:30:56:     at Route.dispatch (/Users/gautamkumar/ST/techreel/backend/node_modules/express/lib/router/route.js:119:3)
2025-09-09T21:30:56:     at Layer.handle [as handle_request] (/Users/gautamkumar/ST/techreel/backend/node_modules/express/lib/router/layer.js:95:5)
2025-09-09T21:30:56:     at /Users/gautamkumar/ST/techreel/backend/node_modules/express/lib/router/index.js:284:15
2025-09-09T21:30:56:     at Function.process_params (/Users/gautamkumar/ST/techreel/backend/node_modules/express/lib/router/index.js:346:12)
2025-09-09T21:30:56:     at next (/Users/gautamkumar/ST/techreel/backend/node_modules/express/lib/router/index.js:280:10)
2025-09-09T21:30:56:     at Function.handle (/Users/gautamkumar/ST/techreel/backend/node_modules/express/lib/router/index.js:175:3)
2025-09-09T21:30:56:     at router (/Users/gautamkumar/ST/techreel/backend/node_modules/express/lib/router/index.js:47:12)
2025-09-09T21:30:57: Feed error: TypeError: Class constructor ObjectId cannot be invoked without 'new'
2025-09-09T21:30:57:     at /Users/gautamkumar/ST/techreel/backend/src/routes/postRoutes.js:120:48
2025-09-09T21:30:57:     at process.processTicksAndRejections (node:internal/process/task_queues:95:5)
2025-09-09T21:31:52: Feed error: TypeError: Class constructor ObjectId cannot be invoked without 'new'
2025-09-09T21:31:52:     at /Users/gautamkumar/ST/techreel/backend/src/routes/postRoutes.js:120:48
2025-09-09T21:31:52:     at process.processTicksAndRejections (node:internal/process/task_queues:95:5)
2025-09-09T21:31:52: Feed error: TypeError: Class constructor ObjectId cannot be invoked without 'new'
2025-09-09T21:31:52:     at /Users/gautamkumar/ST/techreel/backend/src/routes/postRoutes.js:120:48
2025-09-09T21:31:52:     at process.processTicksAndRejections (node:internal/process/task_queues:95:5)
2025-09-09T21:31:52: Global feed error: TypeError: Class constructor ObjectId cannot be invoked without 'new'
2025-09-09T21:31:52:     at /Users/gautamkumar/ST/techreel/backend/src/routes/postRoutes.js:220:40
2025-09-09T21:31:52:     at Layer.handle [as handle_request] (/Users/gautamkumar/ST/techreel/backend/node_modules/express/lib/router/layer.js:95:5)
2025-09-09T21:31:52:     at next (/Users/gautamkumar/ST/techreel/backend/node_modules/express/lib/router/route.js:149:13)
2025-09-09T21:31:52:     at Route.dispatch (/Users/gautamkumar/ST/techreel/backend/node_modules/express/lib/router/route.js:119:3)
2025-09-09T21:31:52:     at Layer.handle [as handle_request] (/Users/gautamkumar/ST/techreel/backend/node_modules/express/lib/router/layer.js:95:5)
2025-09-09T21:31:52:     at /Users/gautamkumar/ST/techreel/backend/node_modules/express/lib/router/index.js:284:15
2025-09-09T21:31:52:     at Function.process_params (/Users/gautamkumar/ST/techreel/backend/node_modules/express/lib/router/index.js:346:12)
2025-09-09T21:31:52:     at next (/Users/gautamkumar/ST/techreel/backend/node_modules/express/lib/router/index.js:280:10)
2025-09-09T21:31:52:     at Function.handle (/Users/gautamkumar/ST/techreel/backend/node_modules/express/lib/router/index.js:175:3)
2025-09-09T21:31:52:     at router (/Users/gautamkumar/ST/techreel/backend/node_modules/express/lib/router/index.js:47:12)
2025-09-09T21:31:52: Global feed error: TypeError: Class constructor ObjectId cannot be invoked without 'new'
2025-09-09T21:31:52:     at /Users/gautamkumar/ST/techreel/backend/src/routes/postRoutes.js:220:40
2025-09-09T21:31:52:     at Layer.handle [as handle_request] (/Users/gautamkumar/ST/techreel/backend/node_modules/express/lib/router/layer.js:95:5)
2025-09-09T21:31:52:     at next (/Users/gautamkumar/ST/techreel/backend/node_modules/express/lib/router/route.js:149:13)
2025-09-09T21:31:52:     at Route.dispatch (/Users/gautamkumar/ST/techreel/backend/node_modules/express/lib/router/route.js:119:3)
2025-09-09T21:31:52:     at Layer.handle [as handle_request] (/Users/gautamkumar/ST/techreel/backend/node_modules/express/lib/router/layer.js:95:5)
2025-09-09T21:31:52:     at /Users/gautamkumar/ST/techreel/backend/node_modules/express/lib/router/index.js:284:15
2025-09-09T21:31:52:     at Function.process_params (/Users/gautamkumar/ST/techreel/backend/node_modules/express/lib/router/index.js:346:12)
2025-09-09T21:31:52:     at next (/Users/gautamkumar/ST/techreel/backend/node_modules/express/lib/router/index.js:280:10)
2025-09-09T21:31:52:     at Function.handle (/Users/gautamkumar/ST/techreel/backend/node_modules/express/lib/router/index.js:175:3)
2025-09-09T21:31:52:     at router (/Users/gautamkumar/ST/techreel/backend/node_modules/express/lib/router/index.js:47:12)
2025-09-09T21:33:41: Feed error: TypeError: Class constructor ObjectId cannot be invoked without 'new'
2025-09-09T21:33:41:     at /Users/gautamkumar/ST/techreel/backend/src/routes/postRoutes.js:120:48
2025-09-09T21:33:41:     at process.processTicksAndRejections (node:internal/process/task_queues:95:5)
2025-09-09T21:33:41: Feed error: TypeError: Class constructor ObjectId cannot be invoked without 'new'
2025-09-09T21:33:41:     at /Users/gautamkumar/ST/techreel/backend/src/routes/postRoutes.js:120:48
2025-09-09T21:33:41:     at process.processTicksAndRejections (node:internal/process/task_queues:95:5)
2025-09-09T21:33:41: Global feed error: TypeError: Class constructor ObjectId cannot be invoked without 'new'
2025-09-09T21:33:41:     at /Users/gautamkumar/ST/techreel/backend/src/routes/postRoutes.js:220:40
2025-09-09T21:33:41:     at Layer.handle [as handle_request] (/Users/gautamkumar/ST/techreel/backend/node_modules/express/lib/router/layer.js:95:5)
2025-09-09T21:33:41:     at next (/Users/gautamkumar/ST/techreel/backend/node_modules/express/lib/router/route.js:149:13)
2025-09-09T21:33:41:     at Route.dispatch (/Users/gautamkumar/ST/techreel/backend/node_modules/express/lib/router/route.js:119:3)
2025-09-09T21:33:41:     at Layer.handle [as handle_request] (/Users/gautamkumar/ST/techreel/backend/node_modules/express/lib/router/layer.js:95:5)
2025-09-09T21:33:41:     at /Users/gautamkumar/ST/techreel/backend/node_modules/express/lib/router/index.js:284:15
2025-09-09T21:33:41:     at Function.process_params (/Users/gautamkumar/ST/techreel/backend/node_modules/express/lib/router/index.js:346:12)
2025-09-09T21:33:41:     at next (/Users/gautamkumar/ST/techreel/backend/node_modules/express/lib/router/index.js:280:10)
2025-09-09T21:33:41:     at Function.handle (/Users/gautamkumar/ST/techreel/backend/node_modules/express/lib/router/index.js:175:3)
2025-09-09T21:33:41:     at router (/Users/gautamkumar/ST/techreel/backend/node_modules/express/lib/router/index.js:47:12)
2025-09-09T21:33:41: Global feed error: TypeError: Class constructor ObjectId cannot be invoked without 'new'
2025-09-09T21:33:41:     at /Users/gautamkumar/ST/techreel/backend/src/routes/postRoutes.js:220:40
2025-09-09T21:33:41:     at Layer.handle [as handle_request] (/Users/gautamkumar/ST/techreel/backend/node_modules/express/lib/router/layer.js:95:5)
2025-09-09T21:33:41:     at next (/Users/gautamkumar/ST/techreel/backend/node_modules/express/lib/router/route.js:149:13)
2025-09-09T21:33:41:     at Route.dispatch (/Users/gautamkumar/ST/techreel/backend/node_modules/express/lib/router/route.js:119:3)
2025-09-09T21:33:41:     at Layer.handle [as handle_request] (/Users/gautamkumar/ST/techreel/backend/node_modules/express/lib/router/layer.js:95:5)
2025-09-09T21:33:41:     at /Users/gautamkumar/ST/techreel/backend/node_modules/express/lib/router/index.js:284:15
2025-09-09T21:33:41:     at Function.process_params (/Users/gautamkumar/ST/techreel/backend/node_modules/express/lib/router/index.js:346:12)
2025-09-09T21:33:41:     at next (/Users/gautamkumar/ST/techreel/backend/node_modules/express/lib/router/index.js:280:10)
2025-09-09T21:33:41:     at Function.handle (/Users/gautamkumar/ST/techreel/backend/node_modules/express/lib/router/index.js:175:3)
2025-09-09T21:33:41:     at router (/Users/gautamkumar/ST/techreel/backend/node_modules/express/lib/router/index.js:47:12)
2025-09-09T21:34:02: Global feed error: TypeError: Class constructor ObjectId cannot be invoked without 'new'
2025-09-09T21:34:02:     at /Users/gautamkumar/ST/techreel/backend/src/routes/postRoutes.js:220:40
2025-09-09T21:34:02:     at Layer.handle [as handle_request] (/Users/gautamkumar/ST/techreel/backend/node_modules/express/lib/router/layer.js:95:5)
2025-09-09T21:34:02:     at next (/Users/gautamkumar/ST/techreel/backend/node_modules/express/lib/router/route.js:149:13)
2025-09-09T21:34:02:     at Route.dispatch (/Users/gautamkumar/ST/techreel/backend/node_modules/express/lib/router/route.js:119:3)
2025-09-09T21:34:02:     at Layer.handle [as handle_request] (/Users/gautamkumar/ST/techreel/backend/node_modules/express/lib/router/layer.js:95:5)
2025-09-09T21:34:02:     at /Users/gautamkumar/ST/techreel/backend/node_modules/express/lib/router/index.js:284:15
2025-09-09T21:34:02:     at Function.process_params (/Users/gautamkumar/ST/techreel/backend/node_modules/express/lib/router/index.js:346:12)
2025-09-09T21:34:02:     at next (/Users/gautamkumar/ST/techreel/backend/node_modules/express/lib/router/index.js:280:10)
2025-09-09T21:34:02:     at Function.handle (/Users/gautamkumar/ST/techreel/backend/node_modules/express/lib/router/index.js:175:3)
2025-09-09T21:34:02:     at router (/Users/gautamkumar/ST/techreel/backend/node_modules/express/lib/router/index.js:47:12)
2025-09-09T21:34:03: Global feed error: TypeError: Class constructor ObjectId cannot be invoked without 'new'
2025-09-09T21:34:03:     at /Users/gautamkumar/ST/techreel/backend/src/routes/postRoutes.js:220:40
2025-09-09T21:34:03:     at Layer.handle [as handle_request] (/Users/gautamkumar/ST/techreel/backend/node_modules/express/lib/router/layer.js:95:5)
2025-09-09T21:34:03:     at next (/Users/gautamkumar/ST/techreel/backend/node_modules/express/lib/router/route.js:149:13)
2025-09-09T21:34:03:     at Route.dispatch (/Users/gautamkumar/ST/techreel/backend/node_modules/express/lib/router/route.js:119:3)
2025-09-09T21:34:03:     at Layer.handle [as handle_request] (/Users/gautamkumar/ST/techreel/backend/node_modules/express/lib/router/layer.js:95:5)
2025-09-09T21:34:03:     at /Users/gautamkumar/ST/techreel/backend/node_modules/express/lib/router/index.js:284:15
2025-09-09T21:34:03:     at Function.process_params (/Users/gautamkumar/ST/techreel/backend/node_modules/express/lib/router/index.js:346:12)
2025-09-09T21:34:03:     at next (/Users/gautamkumar/ST/techreel/backend/node_modules/express/lib/router/index.js:280:10)
2025-09-09T21:34:03:     at Function.handle (/Users/gautamkumar/ST/techreel/backend/node_modules/express/lib/router/index.js:175:3)
2025-09-09T21:34:03:     at router (/Users/gautamkumar/ST/techreel/backend/node_modules/express/lib/router/index.js:47:12)
2025-09-09T21:34:30: Feed error: TypeError: Class constructor ObjectId cannot be invoked without 'new'
2025-09-09T21:34:30:     at /Users/gautamkumar/ST/techreel/backend/src/routes/postRoutes.js:120:48
2025-09-09T21:34:30:     at process.processTicksAndRejections (node:internal/process/task_queues:95:5)
2025-09-09T21:34:30: Global feed error: TypeError: Class constructor ObjectId cannot be invoked without 'new'
2025-09-09T21:34:30:     at /Users/gautamkumar/ST/techreel/backend/src/routes/postRoutes.js:220:40
2025-09-09T21:34:30:     at Layer.handle [as handle_request] (/Users/gautamkumar/ST/techreel/backend/node_modules/express/lib/router/layer.js:95:5)
2025-09-09T21:34:30:     at next (/Users/gautamkumar/ST/techreel/backend/node_modules/express/lib/router/route.js:149:13)
2025-09-09T21:34:30:     at Route.dispatch (/Users/gautamkumar/ST/techreel/backend/node_modules/express/lib/router/route.js:119:3)
2025-09-09T21:34:30:     at Layer.handle [as handle_request] (/Users/gautamkumar/ST/techreel/backend/node_modules/express/lib/router/layer.js:95:5)
2025-09-09T21:34:30:     at /Users/gautamkumar/ST/techreel/backend/node_modules/express/lib/router/index.js:284:15
2025-09-09T21:34:30:     at Function.process_params (/Users/gautamkumar/ST/techreel/backend/node_modules/express/lib/router/index.js:346:12)
2025-09-09T21:34:30:     at next (/Users/gautamkumar/ST/techreel/backend/node_modules/express/lib/router/index.js:280:10)
2025-09-09T21:34:30:     at Function.handle (/Users/gautamkumar/ST/techreel/backend/node_modules/express/lib/router/index.js:175:3)
2025-09-09T21:34:30:     at router (/Users/gautamkumar/ST/techreel/backend/node_modules/express/lib/router/index.js:47:12)
2025-09-09T21:34:30: Feed error: TypeError: Class constructor ObjectId cannot be invoked without 'new'
2025-09-09T21:34:30:     at /Users/gautamkumar/ST/techreel/backend/src/routes/postRoutes.js:120:48
2025-09-09T21:34:30:     at process.processTicksAndRejections (node:internal/process/task_queues:95:5)
2025-09-09T21:34:30: Global feed error: TypeError: Class constructor ObjectId cannot be invoked without 'new'
2025-09-09T21:34:30:     at /Users/gautamkumar/ST/techreel/backend/src/routes/postRoutes.js:220:40
2025-09-09T21:34:30:     at Layer.handle [as handle_request] (/Users/gautamkumar/ST/techreel/backend/node_modules/express/lib/router/layer.js:95:5)
2025-09-09T21:34:30:     at next (/Users/gautamkumar/ST/techreel/backend/node_modules/express/lib/router/route.js:149:13)
2025-09-09T21:34:30:     at Route.dispatch (/Users/gautamkumar/ST/techreel/backend/node_modules/express/lib/router/route.js:119:3)
2025-09-09T21:34:30:     at Layer.handle [as handle_request] (/Users/gautamkumar/ST/techreel/backend/node_modules/express/lib/router/layer.js:95:5)
2025-09-09T21:34:30:     at /Users/gautamkumar/ST/techreel/backend/node_modules/express/lib/router/index.js:284:15
2025-09-09T21:34:30:     at Function.process_params (/Users/gautamkumar/ST/techreel/backend/node_modules/express/lib/router/index.js:346:12)
2025-09-09T21:34:30:     at next (/Users/gautamkumar/ST/techreel/backend/node_modules/express/lib/router/index.js:280:10)
2025-09-09T21:34:30:     at Function.handle (/Users/gautamkumar/ST/techreel/backend/node_modules/express/lib/router/index.js:175:3)
2025-09-09T21:34:30:     at router (/Users/gautamkumar/ST/techreel/backend/node_modules/express/lib/router/index.js:47:12)
2025-09-09T21:34:33: Global feed error: TypeError: Class constructor ObjectId cannot be invoked without 'new'
2025-09-09T21:34:33:     at /Users/gautamkumar/ST/techreel/backend/src/routes/postRoutes.js:220:40
2025-09-09T21:34:33:     at Layer.handle [as handle_request] (/Users/gautamkumar/ST/techreel/backend/node_modules/express/lib/router/layer.js:95:5)
2025-09-09T21:34:33:     at next (/Users/gautamkumar/ST/techreel/backend/node_modules/express/lib/router/route.js:149:13)
2025-09-09T21:34:33:     at Route.dispatch (/Users/gautamkumar/ST/techreel/backend/node_modules/express/lib/router/route.js:119:3)
2025-09-09T21:34:33:     at Layer.handle [as handle_request] (/Users/gautamkumar/ST/techreel/backend/node_modules/express/lib/router/layer.js:95:5)
2025-09-09T21:34:33:     at /Users/gautamkumar/ST/techreel/backend/node_modules/express/lib/router/index.js:284:15
2025-09-09T21:34:33:     at Function.process_params (/Users/gautamkumar/ST/techreel/backend/node_modules/express/lib/router/index.js:346:12)
2025-09-09T21:34:33:     at next (/Users/gautamkumar/ST/techreel/backend/node_modules/express/lib/router/index.js:280:10)
2025-09-09T21:34:33:     at Function.handle (/Users/gautamkumar/ST/techreel/backend/node_modules/express/lib/router/index.js:175:3)
2025-09-09T21:34:33:     at router (/Users/gautamkumar/ST/techreel/backend/node_modules/express/lib/router/index.js:47:12)
2025-09-09T21:34:33: Global feed error: TypeError: Class constructor ObjectId cannot be invoked without 'new'
2025-09-09T21:34:33:     at /Users/gautamkumar/ST/techreel/backend/src/routes/postRoutes.js:220:40
2025-09-09T21:34:33:     at Layer.handle [as handle_request] (/Users/gautamkumar/ST/techreel/backend/node_modules/express/lib/router/layer.js:95:5)
2025-09-09T21:34:33:     at next (/Users/gautamkumar/ST/techreel/backend/node_modules/express/lib/router/route.js:149:13)
2025-09-09T21:34:33:     at Route.dispatch (/Users/gautamkumar/ST/techreel/backend/node_modules/express/lib/router/route.js:119:3)
2025-09-09T21:34:33:     at Layer.handle [as handle_request] (/Users/gautamkumar/ST/techreel/backend/node_modules/express/lib/router/layer.js:95:5)
2025-09-09T21:34:33:     at /Users/gautamkumar/ST/techreel/backend/node_modules/express/lib/router/index.js:284:15
2025-09-09T21:34:33:     at Function.process_params (/Users/gautamkumar/ST/techreel/backend/node_modules/express/lib/router/index.js:346:12)
2025-09-09T21:34:33:     at next (/Users/gautamkumar/ST/techreel/backend/node_modules/express/lib/router/index.js:280:10)
2025-09-09T21:34:33:     at Function.handle (/Users/gautamkumar/ST/techreel/backend/node_modules/express/lib/router/index.js:175:3)
2025-09-09T21:34:33:     at router (/Users/gautamkumar/ST/techreel/backend/node_modules/express/lib/router/index.js:47:12)
2025-09-09T21:37:54: Global feed error: TypeError: Class constructor ObjectId cannot be invoked without 'new'
2025-09-09T21:37:54:     at /Users/gautamkumar/ST/techreel/backend/src/routes/postRoutes.js:220:40
2025-09-09T21:37:54:     at Layer.handle [as handle_request] (/Users/gautamkumar/ST/techreel/backend/node_modules/express/lib/router/layer.js:95:5)
2025-09-09T21:37:54:     at next (/Users/gautamkumar/ST/techreel/backend/node_modules/express/lib/router/route.js:149:13)
2025-09-09T21:37:54:     at Route.dispatch (/Users/gautamkumar/ST/techreel/backend/node_modules/express/lib/router/route.js:119:3)
2025-09-09T21:37:54:     at Layer.handle [as handle_request] (/Users/gautamkumar/ST/techreel/backend/node_modules/express/lib/router/layer.js:95:5)
2025-09-09T21:37:54:     at /Users/gautamkumar/ST/techreel/backend/node_modules/express/lib/router/index.js:284:15
2025-09-09T21:37:54:     at Function.process_params (/Users/gautamkumar/ST/techreel/backend/node_modules/express/lib/router/index.js:346:12)
2025-09-09T21:37:54:     at next (/Users/gautamkumar/ST/techreel/backend/node_modules/express/lib/router/index.js:280:10)
2025-09-09T21:37:54:     at Function.handle (/Users/gautamkumar/ST/techreel/backend/node_modules/express/lib/router/index.js:175:3)
2025-09-09T21:37:54:     at router (/Users/gautamkumar/ST/techreel/backend/node_modules/express/lib/router/index.js:47:12)
2025-09-09T21:37:54: Global feed error: TypeError: Class constructor ObjectId cannot be invoked without 'new'
2025-09-09T21:37:54:     at /Users/gautamkumar/ST/techreel/backend/src/routes/postRoutes.js:220:40
2025-09-09T21:37:54:     at Layer.handle [as handle_request] (/Users/gautamkumar/ST/techreel/backend/node_modules/express/lib/router/layer.js:95:5)
2025-09-09T21:37:54:     at next (/Users/gautamkumar/ST/techreel/backend/node_modules/express/lib/router/route.js:149:13)
2025-09-09T21:37:54:     at Route.dispatch (/Users/gautamkumar/ST/techreel/backend/node_modules/express/lib/router/route.js:119:3)
2025-09-09T21:37:54:     at Layer.handle [as handle_request] (/Users/gautamkumar/ST/techreel/backend/node_modules/express/lib/router/layer.js:95:5)
2025-09-09T21:37:54:     at /Users/gautamkumar/ST/techreel/backend/node_modules/express/lib/router/index.js:284:15
2025-09-09T21:37:54:     at Function.process_params (/Users/gautamkumar/ST/techreel/backend/node_modules/express/lib/router/index.js:346:12)
2025-09-09T21:37:54:     at next (/Users/gautamkumar/ST/techreel/backend/node_modules/express/lib/router/index.js:280:10)
2025-09-09T21:37:54:     at Function.handle (/Users/gautamkumar/ST/techreel/backend/node_modules/express/lib/router/index.js:175:3)
2025-09-09T21:37:54:     at router (/Users/gautamkumar/ST/techreel/backend/node_modules/express/lib/router/index.js:47:12)
2025-09-09T21:37:54: Feed error: TypeError: Class constructor ObjectId cannot be invoked without 'new'
2025-09-09T21:37:54:     at /Users/gautamkumar/ST/techreel/backend/src/routes/postRoutes.js:120:48
2025-09-09T21:37:54:     at process.processTicksAndRejections (node:internal/process/task_queues:95:5)
2025-09-09T21:37:54: Feed error: TypeError: Class constructor ObjectId cannot be invoked without 'new'
2025-09-09T21:37:54:     at /Users/gautamkumar/ST/techreel/backend/src/routes/postRoutes.js:120:48
2025-09-09T21:37:54:     at process.processTicksAndRejections (node:internal/process/task_queues:95:5)
2025-09-09T21:37:57: Global feed error: TypeError: Class constructor ObjectId cannot be invoked without 'new'
2025-09-09T21:37:57:     at /Users/gautamkumar/ST/techreel/backend/src/routes/postRoutes.js:220:40
2025-09-09T21:37:57:     at Layer.handle [as handle_request] (/Users/gautamkumar/ST/techreel/backend/node_modules/express/lib/router/layer.js:95:5)
2025-09-09T21:37:57:     at next (/Users/gautamkumar/ST/techreel/backend/node_modules/express/lib/router/route.js:149:13)
2025-09-09T21:37:57:     at Route.dispatch (/Users/gautamkumar/ST/techreel/backend/node_modules/express/lib/router/route.js:119:3)
2025-09-09T21:37:57:     at Layer.handle [as handle_request] (/Users/gautamkumar/ST/techreel/backend/node_modules/express/lib/router/layer.js:95:5)
2025-09-09T21:37:57:     at /Users/gautamkumar/ST/techreel/backend/node_modules/express/lib/router/index.js:284:15
2025-09-09T21:37:57:     at Function.process_params (/Users/gautamkumar/ST/techreel/backend/node_modules/express/lib/router/index.js:346:12)
2025-09-09T21:37:57:     at next (/Users/gautamkumar/ST/techreel/backend/node_modules/express/lib/router/index.js:280:10)
2025-09-09T21:37:57:     at Function.handle (/Users/gautamkumar/ST/techreel/backend/node_modules/express/lib/router/index.js:175:3)
2025-09-09T21:37:57:     at router (/Users/gautamkumar/ST/techreel/backend/node_modules/express/lib/router/index.js:47:12)
2025-09-09T21:37:57: Global feed error: TypeError: Class constructor ObjectId cannot be invoked without 'new'
2025-09-09T21:37:57:     at /Users/gautamkumar/ST/techreel/backend/src/routes/postRoutes.js:220:40
2025-09-09T21:37:57:     at Layer.handle [as handle_request] (/Users/gautamkumar/ST/techreel/backend/node_modules/express/lib/router/layer.js:95:5)
2025-09-09T21:37:57:     at next (/Users/gautamkumar/ST/techreel/backend/node_modules/express/lib/router/route.js:149:13)
2025-09-09T21:37:57:     at Route.dispatch (/Users/gautamkumar/ST/techreel/backend/node_modules/express/lib/router/route.js:119:3)
2025-09-09T21:37:57:     at Layer.handle [as handle_request] (/Users/gautamkumar/ST/techreel/backend/node_modules/express/lib/router/layer.js:95:5)
2025-09-09T21:37:57:     at /Users/gautamkumar/ST/techreel/backend/node_modules/express/lib/router/index.js:284:15
2025-09-09T21:37:57:     at Function.process_params (/Users/gautamkumar/ST/techreel/backend/node_modules/express/lib/router/index.js:346:12)
2025-09-09T21:37:57:     at next (/Users/gautamkumar/ST/techreel/backend/node_modules/express/lib/router/index.js:280:10)
2025-09-09T21:37:57:     at Function.handle (/Users/gautamkumar/ST/techreel/backend/node_modules/express/lib/router/index.js:175:3)
2025-09-09T21:37:57:     at router (/Users/gautamkumar/ST/techreel/backend/node_modules/express/lib/router/index.js:47:12)
2025-09-09T21:37:57: Feed error: TypeError: Class constructor ObjectId cannot be invoked without 'new'
2025-09-09T21:37:57:     at /Users/gautamkumar/ST/techreel/backend/src/routes/postRoutes.js:120:48
2025-09-09T21:37:57:     at process.processTicksAndRejections (node:internal/process/task_queues:95:5)
2025-09-09T21:37:57: Feed error: TypeError: Class constructor ObjectId cannot be invoked without 'new'
2025-09-09T21:37:57:     at /Users/gautamkumar/ST/techreel/backend/src/routes/postRoutes.js:120:48
2025-09-09T21:37:57:     at process.processTicksAndRejections (node:internal/process/task_queues:95:5)
2025-09-09T21:38:27: Global feed error: TypeError: Class constructor ObjectId cannot be invoked without 'new'
2025-09-09T21:38:27:     at /Users/gautamkumar/ST/techreel/backend/src/routes/postRoutes.js:220:40
2025-09-09T21:38:27:     at Layer.handle [as handle_request] (/Users/gautamkumar/ST/techreel/backend/node_modules/express/lib/router/layer.js:95:5)
2025-09-09T21:38:27:     at next (/Users/gautamkumar/ST/techreel/backend/node_modules/express/lib/router/route.js:149:13)
2025-09-09T21:38:27:     at Route.dispatch (/Users/gautamkumar/ST/techreel/backend/node_modules/express/lib/router/route.js:119:3)
2025-09-09T21:38:27:     at Layer.handle [as handle_request] (/Users/gautamkumar/ST/techreel/backend/node_modules/express/lib/router/layer.js:95:5)
2025-09-09T21:38:27:     at /Users/gautamkumar/ST/techreel/backend/node_modules/express/lib/router/index.js:284:15
2025-09-09T21:38:27:     at Function.process_params (/Users/gautamkumar/ST/techreel/backend/node_modules/express/lib/router/index.js:346:12)
2025-09-09T21:38:27:     at next (/Users/gautamkumar/ST/techreel/backend/node_modules/express/lib/router/index.js:280:10)
2025-09-09T21:38:27:     at Function.handle (/Users/gautamkumar/ST/techreel/backend/node_modules/express/lib/router/index.js:175:3)
2025-09-09T21:38:27:     at router (/Users/gautamkumar/ST/techreel/backend/node_modules/express/lib/router/index.js:47:12)
2025-09-09T21:38:27: Global feed error: TypeError: Class constructor ObjectId cannot be invoked without 'new'
2025-09-09T21:38:27:     at /Users/gautamkumar/ST/techreel/backend/src/routes/postRoutes.js:220:40
2025-09-09T21:38:27:     at Layer.handle [as handle_request] (/Users/gautamkumar/ST/techreel/backend/node_modules/express/lib/router/layer.js:95:5)
2025-09-09T21:38:27:     at next (/Users/gautamkumar/ST/techreel/backend/node_modules/express/lib/router/route.js:149:13)
2025-09-09T21:38:27:     at Route.dispatch (/Users/gautamkumar/ST/techreel/backend/node_modules/express/lib/router/route.js:119:3)
2025-09-09T21:38:27:     at Layer.handle [as handle_request] (/Users/gautamkumar/ST/techreel/backend/node_modules/express/lib/router/layer.js:95:5)
2025-09-09T21:38:27:     at /Users/gautamkumar/ST/techreel/backend/node_modules/express/lib/router/index.js:284:15
2025-09-09T21:38:27:     at Function.process_params (/Users/gautamkumar/ST/techreel/backend/node_modules/express/lib/router/index.js:346:12)
2025-09-09T21:38:27:     at next (/Users/gautamkumar/ST/techreel/backend/node_modules/express/lib/router/index.js:280:10)
2025-09-09T21:38:27:     at Function.handle (/Users/gautamkumar/ST/techreel/backend/node_modules/express/lib/router/index.js:175:3)
2025-09-09T21:38:27:     at router (/Users/gautamkumar/ST/techreel/backend/node_modules/express/lib/router/index.js:47:12)
2025-09-09T21:38:27: Feed error: TypeError: Class constructor ObjectId cannot be invoked without 'new'
2025-09-09T21:38:27:     at /Users/gautamkumar/ST/techreel/backend/src/routes/postRoutes.js:120:48
2025-09-09T21:38:27:     at process.processTicksAndRejections (node:internal/process/task_queues:95:5)
2025-09-09T21:38:27: Feed error: TypeError: Class constructor ObjectId cannot be invoked without 'new'
2025-09-09T21:38:27:     at /Users/gautamkumar/ST/techreel/backend/src/routes/postRoutes.js:120:48
2025-09-09T21:38:27:     at process.processTicksAndRejections (node:internal/process/task_queues:95:5)
2025-09-09T21:38:53: Global feed error: TypeError: Class constructor ObjectId cannot be invoked without 'new'
2025-09-09T21:38:53:     at /Users/gautamkumar/ST/techreel/backend/src/routes/postRoutes.js:220:40
2025-09-09T21:38:53:     at Layer.handle [as handle_request] (/Users/gautamkumar/ST/techreel/backend/node_modules/express/lib/router/layer.js:95:5)
2025-09-09T21:38:53:     at next (/Users/gautamkumar/ST/techreel/backend/node_modules/express/lib/router/route.js:149:13)
2025-09-09T21:38:53:     at Route.dispatch (/Users/gautamkumar/ST/techreel/backend/node_modules/express/lib/router/route.js:119:3)
2025-09-09T21:38:53:     at Layer.handle [as handle_request] (/Users/gautamkumar/ST/techreel/backend/node_modules/express/lib/router/layer.js:95:5)
2025-09-09T21:38:53:     at /Users/gautamkumar/ST/techreel/backend/node_modules/express/lib/router/index.js:284:15
2025-09-09T21:38:53:     at Function.process_params (/Users/gautamkumar/ST/techreel/backend/node_modules/express/lib/router/index.js:346:12)
2025-09-09T21:38:53:     at next (/Users/gautamkumar/ST/techreel/backend/node_modules/express/lib/router/index.js:280:10)
2025-09-09T21:38:53:     at Function.handle (/Users/gautamkumar/ST/techreel/backend/node_modules/express/lib/router/index.js:175:3)
2025-09-09T21:38:53:     at router (/Users/gautamkumar/ST/techreel/backend/node_modules/express/lib/router/index.js:47:12)
2025-09-09T21:38:53: Global feed error: TypeError: Class constructor ObjectId cannot be invoked without 'new'
2025-09-09T21:38:53:     at /Users/gautamkumar/ST/techreel/backend/src/routes/postRoutes.js:220:40
2025-09-09T21:38:53:     at Layer.handle [as handle_request] (/Users/gautamkumar/ST/techreel/backend/node_modules/express/lib/router/layer.js:95:5)
2025-09-09T21:38:53:     at next (/Users/gautamkumar/ST/techreel/backend/node_modules/express/lib/router/route.js:149:13)
2025-09-09T21:38:53:     at Route.dispatch (/Users/gautamkumar/ST/techreel/backend/node_modules/express/lib/router/route.js:119:3)
2025-09-09T21:38:53:     at Layer.handle [as handle_request] (/Users/gautamkumar/ST/techreel/backend/node_modules/express/lib/router/layer.js:95:5)
2025-09-09T21:38:53:     at /Users/gautamkumar/ST/techreel/backend/node_modules/express/lib/router/index.js:284:15
2025-09-09T21:38:53:     at Function.process_params (/Users/gautamkumar/ST/techreel/backend/node_modules/express/lib/router/index.js:346:12)
2025-09-09T21:38:53:     at next (/Users/gautamkumar/ST/techreel/backend/node_modules/express/lib/router/index.js:280:10)
2025-09-09T21:38:53:     at Function.handle (/Users/gautamkumar/ST/techreel/backend/node_modules/express/lib/router/index.js:175:3)
2025-09-09T21:38:53:     at router (/Users/gautamkumar/ST/techreel/backend/node_modules/express/lib/router/index.js:47:12)
2025-09-09T21:38:53: Feed error: TypeError: Class constructor ObjectId cannot be invoked without 'new'
2025-09-09T21:38:53:     at /Users/gautamkumar/ST/techreel/backend/src/routes/postRoutes.js:120:48
2025-09-09T21:38:53:     at process.processTicksAndRejections (node:internal/process/task_queues:95:5)
2025-09-09T21:38:53: Feed error: TypeError: Class constructor ObjectId cannot be invoked without 'new'
2025-09-09T21:38:53:     at /Users/gautamkumar/ST/techreel/backend/src/routes/postRoutes.js:120:48
2025-09-09T21:38:53:     at process.processTicksAndRejections (node:internal/process/task_queues:95:5)
2025-09-09T21:39:18: Global feed error: TypeError: Class constructor ObjectId cannot be invoked without 'new'
2025-09-09T21:39:18:     at /Users/gautamkumar/ST/techreel/backend/src/routes/postRoutes.js:220:40
2025-09-09T21:39:18:     at Layer.handle [as handle_request] (/Users/gautamkumar/ST/techreel/backend/node_modules/express/lib/router/layer.js:95:5)
2025-09-09T21:39:18:     at next (/Users/gautamkumar/ST/techreel/backend/node_modules/express/lib/router/route.js:149:13)
2025-09-09T21:39:18:     at Route.dispatch (/Users/gautamkumar/ST/techreel/backend/node_modules/express/lib/router/route.js:119:3)
2025-09-09T21:39:18:     at Layer.handle [as handle_request] (/Users/gautamkumar/ST/techreel/backend/node_modules/express/lib/router/layer.js:95:5)
2025-09-09T21:39:18:     at /Users/gautamkumar/ST/techreel/backend/node_modules/express/lib/router/index.js:284:15
2025-09-09T21:39:18:     at Function.process_params (/Users/gautamkumar/ST/techreel/backend/node_modules/express/lib/router/index.js:346:12)
2025-09-09T21:39:18:     at next (/Users/gautamkumar/ST/techreel/backend/node_modules/express/lib/router/index.js:280:10)
2025-09-09T21:39:18:     at Function.handle (/Users/gautamkumar/ST/techreel/backend/node_modules/express/lib/router/index.js:175:3)
2025-09-09T21:39:18:     at router (/Users/gautamkumar/ST/techreel/backend/node_modules/express/lib/router/index.js:47:12)
2025-09-09T21:39:18: Global feed error: TypeError: Class constructor ObjectId cannot be invoked without 'new'
2025-09-09T21:39:18:     at /Users/gautamkumar/ST/techreel/backend/src/routes/postRoutes.js:220:40
2025-09-09T21:39:18:     at Layer.handle [as handle_request] (/Users/gautamkumar/ST/techreel/backend/node_modules/express/lib/router/layer.js:95:5)
2025-09-09T21:39:18:     at next (/Users/gautamkumar/ST/techreel/backend/node_modules/express/lib/router/route.js:149:13)
2025-09-09T21:39:18:     at Route.dispatch (/Users/gautamkumar/ST/techreel/backend/node_modules/express/lib/router/route.js:119:3)
2025-09-09T21:39:18:     at Layer.handle [as handle_request] (/Users/gautamkumar/ST/techreel/backend/node_modules/express/lib/router/layer.js:95:5)
2025-09-09T21:39:18:     at /Users/gautamkumar/ST/techreel/backend/node_modules/express/lib/router/index.js:284:15
2025-09-09T21:39:18:     at Function.process_params (/Users/gautamkumar/ST/techreel/backend/node_modules/express/lib/router/index.js:346:12)
2025-09-09T21:39:18:     at next (/Users/gautamkumar/ST/techreel/backend/node_modules/express/lib/router/index.js:280:10)
2025-09-09T21:39:18:     at Function.handle (/Users/gautamkumar/ST/techreel/backend/node_modules/express/lib/router/index.js:175:3)
2025-09-09T21:39:18:     at router (/Users/gautamkumar/ST/techreel/backend/node_modules/express/lib/router/index.js:47:12)
2025-09-09T21:39:18: Feed error: TypeError: Class constructor ObjectId cannot be invoked without 'new'
2025-09-09T21:39:18:     at /Users/gautamkumar/ST/techreel/backend/src/routes/postRoutes.js:120:48
2025-09-09T21:39:18:     at process.processTicksAndRejections (node:internal/process/task_queues:95:5)
2025-09-09T21:39:18: Feed error: TypeError: Class constructor ObjectId cannot be invoked without 'new'
2025-09-09T21:39:18:     at /Users/gautamkumar/ST/techreel/backend/src/routes/postRoutes.js:120:48
2025-09-09T21:39:18:     at process.processTicksAndRejections (node:internal/process/task_queues:95:5)
2025-09-09T21:39:27: Global feed error: TypeError: Class constructor ObjectId cannot be invoked without 'new'
2025-09-09T21:39:27:     at /Users/gautamkumar/ST/techreel/backend/src/routes/postRoutes.js:220:40
2025-09-09T21:39:27:     at Layer.handle [as handle_request] (/Users/gautamkumar/ST/techreel/backend/node_modules/express/lib/router/layer.js:95:5)
2025-09-09T21:39:27:     at next (/Users/gautamkumar/ST/techreel/backend/node_modules/express/lib/router/route.js:149:13)
2025-09-09T21:39:27:     at Route.dispatch (/Users/gautamkumar/ST/techreel/backend/node_modules/express/lib/router/route.js:119:3)
2025-09-09T21:39:27:     at Layer.handle [as handle_request] (/Users/gautamkumar/ST/techreel/backend/node_modules/express/lib/router/layer.js:95:5)
2025-09-09T21:39:27:     at /Users/gautamkumar/ST/techreel/backend/node_modules/express/lib/router/index.js:284:15
2025-09-09T21:39:27:     at Function.process_params (/Users/gautamkumar/ST/techreel/backend/node_modules/express/lib/router/index.js:346:12)
2025-09-09T21:39:27:     at next (/Users/gautamkumar/ST/techreel/backend/node_modules/express/lib/router/index.js:280:10)
2025-09-09T21:39:27:     at Function.handle (/Users/gautamkumar/ST/techreel/backend/node_modules/express/lib/router/index.js:175:3)
2025-09-09T21:39:27:     at router (/Users/gautamkumar/ST/techreel/backend/node_modules/express/lib/router/index.js:47:12)
2025-09-09T21:39:27: Global feed error: TypeError: Class constructor ObjectId cannot be invoked without 'new'
2025-09-09T21:39:27:     at /Users/gautamkumar/ST/techreel/backend/src/routes/postRoutes.js:220:40
2025-09-09T21:39:27:     at Layer.handle [as handle_request] (/Users/gautamkumar/ST/techreel/backend/node_modules/express/lib/router/layer.js:95:5)
2025-09-09T21:39:27:     at next (/Users/gautamkumar/ST/techreel/backend/node_modules/express/lib/router/route.js:149:13)
2025-09-09T21:39:27:     at Route.dispatch (/Users/gautamkumar/ST/techreel/backend/node_modules/express/lib/router/route.js:119:3)
2025-09-09T21:39:27:     at Layer.handle [as handle_request] (/Users/gautamkumar/ST/techreel/backend/node_modules/express/lib/router/layer.js:95:5)
2025-09-09T21:39:27:     at /Users/gautamkumar/ST/techreel/backend/node_modules/express/lib/router/index.js:284:15
2025-09-09T21:39:27:     at Function.process_params (/Users/gautamkumar/ST/techreel/backend/node_modules/express/lib/router/index.js:346:12)
2025-09-09T21:39:27:     at next (/Users/gautamkumar/ST/techreel/backend/node_modules/express/lib/router/index.js:280:10)
2025-09-09T21:39:27:     at Function.handle (/Users/gautamkumar/ST/techreel/backend/node_modules/express/lib/router/index.js:175:3)
2025-09-09T21:39:27:     at router (/Users/gautamkumar/ST/techreel/backend/node_modules/express/lib/router/index.js:47:12)
2025-09-09T21:39:27: Feed error: TypeError: Class constructor ObjectId cannot be invoked without 'new'
2025-09-09T21:39:27:     at /Users/gautamkumar/ST/techreel/backend/src/routes/postRoutes.js:120:48
2025-09-09T21:39:27:     at process.processTicksAndRejections (node:internal/process/task_queues:95:5)
2025-09-09T21:39:27: Feed error: TypeError: Class constructor ObjectId cannot be invoked without 'new'
2025-09-09T21:39:27:     at /Users/gautamkumar/ST/techreel/backend/src/routes/postRoutes.js:120:48
2025-09-09T21:39:27:     at process.processTicksAndRejections (node:internal/process/task_queues:95:5)
2025-09-09T21:39:38: Global feed error: TypeError: Class constructor ObjectId cannot be invoked without 'new'
2025-09-09T21:39:38:     at /Users/gautamkumar/ST/techreel/backend/src/routes/postRoutes.js:220:40
2025-09-09T21:39:38:     at Layer.handle [as handle_request] (/Users/gautamkumar/ST/techreel/backend/node_modules/express/lib/router/layer.js:95:5)
2025-09-09T21:39:38:     at next (/Users/gautamkumar/ST/techreel/backend/node_modules/express/lib/router/route.js:149:13)
2025-09-09T21:39:38:     at Route.dispatch (/Users/gautamkumar/ST/techreel/backend/node_modules/express/lib/router/route.js:119:3)
2025-09-09T21:39:38:     at Layer.handle [as handle_request] (/Users/gautamkumar/ST/techreel/backend/node_modules/express/lib/router/layer.js:95:5)
2025-09-09T21:39:38:     at /Users/gautamkumar/ST/techreel/backend/node_modules/express/lib/router/index.js:284:15
2025-09-09T21:39:38:     at Function.process_params (/Users/gautamkumar/ST/techreel/backend/node_modules/express/lib/router/index.js:346:12)
2025-09-09T21:39:38:     at next (/Users/gautamkumar/ST/techreel/backend/node_modules/express/lib/router/index.js:280:10)
2025-09-09T21:39:38:     at Function.handle (/Users/gautamkumar/ST/techreel/backend/node_modules/express/lib/router/index.js:175:3)
2025-09-09T21:39:38:     at router (/Users/gautamkumar/ST/techreel/backend/node_modules/express/lib/router/index.js:47:12)
2025-09-09T21:39:38: Global feed error: TypeError: Class constructor ObjectId cannot be invoked without 'new'
2025-09-09T21:39:38:     at /Users/gautamkumar/ST/techreel/backend/src/routes/postRoutes.js:220:40
2025-09-09T21:39:38:     at Layer.handle [as handle_request] (/Users/gautamkumar/ST/techreel/backend/node_modules/express/lib/router/layer.js:95:5)
2025-09-09T21:39:38:     at next (/Users/gautamkumar/ST/techreel/backend/node_modules/express/lib/router/route.js:149:13)
2025-09-09T21:39:38:     at Route.dispatch (/Users/gautamkumar/ST/techreel/backend/node_modules/express/lib/router/route.js:119:3)
2025-09-09T21:39:38:     at Layer.handle [as handle_request] (/Users/gautamkumar/ST/techreel/backend/node_modules/express/lib/router/layer.js:95:5)
2025-09-09T21:39:38:     at /Users/gautamkumar/ST/techreel/backend/node_modules/express/lib/router/index.js:284:15
2025-09-09T21:39:38:     at Function.process_params (/Users/gautamkumar/ST/techreel/backend/node_modules/express/lib/router/index.js:346:12)
2025-09-09T21:39:38:     at next (/Users/gautamkumar/ST/techreel/backend/node_modules/express/lib/router/index.js:280:10)
2025-09-09T21:39:38:     at Function.handle (/Users/gautamkumar/ST/techreel/backend/node_modules/express/lib/router/index.js:175:3)
2025-09-09T21:39:38:     at router (/Users/gautamkumar/ST/techreel/backend/node_modules/express/lib/router/index.js:47:12)
2025-09-09T21:39:38: Feed error: TypeError: Class constructor ObjectId cannot be invoked without 'new'
2025-09-09T21:39:38:     at /Users/gautamkumar/ST/techreel/backend/src/routes/postRoutes.js:120:48
2025-09-09T21:39:38:     at process.processTicksAndRejections (node:internal/process/task_queues:95:5)
2025-09-09T21:39:38: Feed error: TypeError: Class constructor ObjectId cannot be invoked without 'new'
2025-09-09T21:39:38:     at /Users/gautamkumar/ST/techreel/backend/src/routes/postRoutes.js:120:48
2025-09-09T21:39:38:     at process.processTicksAndRejections (node:internal/process/task_queues:95:5)
2025-09-09T21:40:51: Global feed error: TypeError: Class constructor ObjectId cannot be invoked without 'new'
2025-09-09T21:40:51:     at /Users/gautamkumar/ST/techreel/backend/src/routes/postRoutes.js:220:40
2025-09-09T21:40:51:     at Layer.handle [as handle_request] (/Users/gautamkumar/ST/techreel/backend/node_modules/express/lib/router/layer.js:95:5)
2025-09-09T21:40:51:     at next (/Users/gautamkumar/ST/techreel/backend/node_modules/express/lib/router/route.js:149:13)
2025-09-09T21:40:51:     at Route.dispatch (/Users/gautamkumar/ST/techreel/backend/node_modules/express/lib/router/route.js:119:3)
2025-09-09T21:40:51:     at Layer.handle [as handle_request] (/Users/gautamkumar/ST/techreel/backend/node_modules/express/lib/router/layer.js:95:5)
2025-09-09T21:40:51:     at /Users/gautamkumar/ST/techreel/backend/node_modules/express/lib/router/index.js:284:15
2025-09-09T21:40:51:     at Function.process_params (/Users/gautamkumar/ST/techreel/backend/node_modules/express/lib/router/index.js:346:12)
2025-09-09T21:40:51:     at next (/Users/gautamkumar/ST/techreel/backend/node_modules/express/lib/router/index.js:280:10)
2025-09-09T21:40:51:     at Function.handle (/Users/gautamkumar/ST/techreel/backend/node_modules/express/lib/router/index.js:175:3)
2025-09-09T21:40:51:     at router (/Users/gautamkumar/ST/techreel/backend/node_modules/express/lib/router/index.js:47:12)
2025-09-09T21:40:51: Global feed error: TypeError: Class constructor ObjectId cannot be invoked without 'new'
2025-09-09T21:40:51:     at /Users/gautamkumar/ST/techreel/backend/src/routes/postRoutes.js:220:40
2025-09-09T21:40:51:     at Layer.handle [as handle_request] (/Users/gautamkumar/ST/techreel/backend/node_modules/express/lib/router/layer.js:95:5)
2025-09-09T21:40:51:     at next (/Users/gautamkumar/ST/techreel/backend/node_modules/express/lib/router/route.js:149:13)
2025-09-09T21:40:51:     at Route.dispatch (/Users/gautamkumar/ST/techreel/backend/node_modules/express/lib/router/route.js:119:3)
2025-09-09T21:40:51:     at Layer.handle [as handle_request] (/Users/gautamkumar/ST/techreel/backend/node_modules/express/lib/router/layer.js:95:5)
2025-09-09T21:40:51:     at /Users/gautamkumar/ST/techreel/backend/node_modules/express/lib/router/index.js:284:15
2025-09-09T21:40:51:     at Function.process_params (/Users/gautamkumar/ST/techreel/backend/node_modules/express/lib/router/index.js:346:12)
2025-09-09T21:40:51:     at next (/Users/gautamkumar/ST/techreel/backend/node_modules/express/lib/router/index.js:280:10)
2025-09-09T21:40:51:     at Function.handle (/Users/gautamkumar/ST/techreel/backend/node_modules/express/lib/router/index.js:175:3)
2025-09-09T21:40:51:     at router (/Users/gautamkumar/ST/techreel/backend/node_modules/express/lib/router/index.js:47:12)
2025-09-09T21:40:51: Feed error: TypeError: Class constructor ObjectId cannot be invoked without 'new'
2025-09-09T21:40:51:     at /Users/gautamkumar/ST/techreel/backend/src/routes/postRoutes.js:120:48
2025-09-09T21:40:51:     at process.processTicksAndRejections (node:internal/process/task_queues:95:5)
2025-09-09T21:40:51: Feed error: TypeError: Class constructor ObjectId cannot be invoked without 'new'
2025-09-09T21:40:51:     at /Users/gautamkumar/ST/techreel/backend/src/routes/postRoutes.js:120:48
2025-09-09T21:40:51:     at process.processTicksAndRejections (node:internal/process/task_queues:95:5)
2025-09-09T21:41:10: Global feed error: TypeError: Class constructor ObjectId cannot be invoked without 'new'
2025-09-09T21:41:10:     at /Users/gautamkumar/ST/techreel/backend/src/routes/postRoutes.js:220:40
2025-09-09T21:41:10:     at Layer.handle [as handle_request] (/Users/gautamkumar/ST/techreel/backend/node_modules/express/lib/router/layer.js:95:5)
2025-09-09T21:41:10:     at next (/Users/gautamkumar/ST/techreel/backend/node_modules/express/lib/router/route.js:149:13)
2025-09-09T21:41:10:     at Route.dispatch (/Users/gautamkumar/ST/techreel/backend/node_modules/express/lib/router/route.js:119:3)
2025-09-09T21:41:10:     at Layer.handle [as handle_request] (/Users/gautamkumar/ST/techreel/backend/node_modules/express/lib/router/layer.js:95:5)
2025-09-09T21:41:10:     at /Users/gautamkumar/ST/techreel/backend/node_modules/express/lib/router/index.js:284:15
2025-09-09T21:41:10:     at Function.process_params (/Users/gautamkumar/ST/techreel/backend/node_modules/express/lib/router/index.js:346:12)
2025-09-09T21:41:10:     at next (/Users/gautamkumar/ST/techreel/backend/node_modules/express/lib/router/index.js:280:10)
2025-09-09T21:41:10:     at Function.handle (/Users/gautamkumar/ST/techreel/backend/node_modules/express/lib/router/index.js:175:3)
2025-09-09T21:41:10:     at router (/Users/gautamkumar/ST/techreel/backend/node_modules/express/lib/router/index.js:47:12)
2025-09-09T21:41:10: Global feed error: TypeError: Class constructor ObjectId cannot be invoked without 'new'
2025-09-09T21:41:10:     at /Users/gautamkumar/ST/techreel/backend/src/routes/postRoutes.js:220:40
2025-09-09T21:41:10:     at Layer.handle [as handle_request] (/Users/gautamkumar/ST/techreel/backend/node_modules/express/lib/router/layer.js:95:5)
2025-09-09T21:41:10:     at next (/Users/gautamkumar/ST/techreel/backend/node_modules/express/lib/router/route.js:149:13)
2025-09-09T21:41:10:     at Route.dispatch (/Users/gautamkumar/ST/techreel/backend/node_modules/express/lib/router/route.js:119:3)
2025-09-09T21:41:10:     at Layer.handle [as handle_request] (/Users/gautamkumar/ST/techreel/backend/node_modules/express/lib/router/layer.js:95:5)
2025-09-09T21:41:10:     at /Users/gautamkumar/ST/techreel/backend/node_modules/express/lib/router/index.js:284:15
2025-09-09T21:41:10:     at Function.process_params (/Users/gautamkumar/ST/techreel/backend/node_modules/express/lib/router/index.js:346:12)
2025-09-09T21:41:10:     at next (/Users/gautamkumar/ST/techreel/backend/node_modules/express/lib/router/index.js:280:10)
2025-09-09T21:41:10:     at Function.handle (/Users/gautamkumar/ST/techreel/backend/node_modules/express/lib/router/index.js:175:3)
2025-09-09T21:41:10:     at router (/Users/gautamkumar/ST/techreel/backend/node_modules/express/lib/router/index.js:47:12)
2025-09-09T21:41:11: Feed error: TypeError: Class constructor ObjectId cannot be invoked without 'new'
2025-09-09T21:41:11:     at /Users/gautamkumar/ST/techreel/backend/src/routes/postRoutes.js:120:48
2025-09-09T21:41:11:     at process.processTicksAndRejections (node:internal/process/task_queues:95:5)
2025-09-09T21:41:11: Feed error: TypeError: Class constructor ObjectId cannot be invoked without 'new'
2025-09-09T21:41:11:     at /Users/gautamkumar/ST/techreel/backend/src/routes/postRoutes.js:120:48
2025-09-09T21:41:11:     at process.processTicksAndRejections (node:internal/process/task_queues:95:5)
2025-09-09T21:41:51: Global feed error: TypeError: Class constructor ObjectId cannot be invoked without 'new'
2025-09-09T21:41:51:     at /Users/gautamkumar/ST/techreel/backend/src/routes/postRoutes.js:220:40
2025-09-09T21:41:51:     at Layer.handle [as handle_request] (/Users/gautamkumar/ST/techreel/backend/node_modules/express/lib/router/layer.js:95:5)
2025-09-09T21:41:51:     at next (/Users/gautamkumar/ST/techreel/backend/node_modules/express/lib/router/route.js:149:13)
2025-09-09T21:41:51:     at Route.dispatch (/Users/gautamkumar/ST/techreel/backend/node_modules/express/lib/router/route.js:119:3)
2025-09-09T21:41:51:     at Layer.handle [as handle_request] (/Users/gautamkumar/ST/techreel/backend/node_modules/express/lib/router/layer.js:95:5)
2025-09-09T21:41:51:     at /Users/gautamkumar/ST/techreel/backend/node_modules/express/lib/router/index.js:284:15
2025-09-09T21:41:51:     at Function.process_params (/Users/gautamkumar/ST/techreel/backend/node_modules/express/lib/router/index.js:346:12)
2025-09-09T21:41:51:     at next (/Users/gautamkumar/ST/techreel/backend/node_modules/express/lib/router/index.js:280:10)
2025-09-09T21:41:51:     at Function.handle (/Users/gautamkumar/ST/techreel/backend/node_modules/express/lib/router/index.js:175:3)
2025-09-09T21:41:51:     at router (/Users/gautamkumar/ST/techreel/backend/node_modules/express/lib/router/index.js:47:12)
2025-09-09T21:41:51: Global feed error: TypeError: Class constructor ObjectId cannot be invoked without 'new'
2025-09-09T21:41:51:     at /Users/gautamkumar/ST/techreel/backend/src/routes/postRoutes.js:220:40
2025-09-09T21:41:51:     at Layer.handle [as handle_request] (/Users/gautamkumar/ST/techreel/backend/node_modules/express/lib/router/layer.js:95:5)
2025-09-09T21:41:51:     at next (/Users/gautamkumar/ST/techreel/backend/node_modules/express/lib/router/route.js:149:13)
2025-09-09T21:41:51:     at Route.dispatch (/Users/gautamkumar/ST/techreel/backend/node_modules/express/lib/router/route.js:119:3)
2025-09-09T21:41:51:     at Layer.handle [as handle_request] (/Users/gautamkumar/ST/techreel/backend/node_modules/express/lib/router/layer.js:95:5)
2025-09-09T21:41:51:     at /Users/gautamkumar/ST/techreel/backend/node_modules/express/lib/router/index.js:284:15
2025-09-09T21:41:51:     at Function.process_params (/Users/gautamkumar/ST/techreel/backend/node_modules/express/lib/router/index.js:346:12)
2025-09-09T21:41:51:     at next (/Users/gautamkumar/ST/techreel/backend/node_modules/express/lib/router/index.js:280:10)
2025-09-09T21:41:51:     at Function.handle (/Users/gautamkumar/ST/techreel/backend/node_modules/express/lib/router/index.js:175:3)
2025-09-09T21:41:51:     at router (/Users/gautamkumar/ST/techreel/backend/node_modules/express/lib/router/index.js:47:12)
2025-09-09T21:41:51: Feed error: TypeError: Class constructor ObjectId cannot be invoked without 'new'
2025-09-09T21:41:51:     at /Users/gautamkumar/ST/techreel/backend/src/routes/postRoutes.js:120:48
2025-09-09T21:41:51:     at process.processTicksAndRejections (node:internal/process/task_queues:95:5)
2025-09-09T21:41:51: Feed error: TypeError: Class constructor ObjectId cannot be invoked without 'new'
2025-09-09T21:41:51:     at /Users/gautamkumar/ST/techreel/backend/src/routes/postRoutes.js:120:48
2025-09-09T21:41:51:     at process.processTicksAndRejections (node:internal/process/task_queues:95:5)
2025-09-09T21:42:06: Global feed error: TypeError: Class constructor ObjectId cannot be invoked without 'new'
2025-09-09T21:42:06:     at /Users/gautamkumar/ST/techreel/backend/src/routes/postRoutes.js:220:40
2025-09-09T21:42:06:     at Layer.handle [as handle_request] (/Users/gautamkumar/ST/techreel/backend/node_modules/express/lib/router/layer.js:95:5)
2025-09-09T21:42:06:     at next (/Users/gautamkumar/ST/techreel/backend/node_modules/express/lib/router/route.js:149:13)
2025-09-09T21:42:06:     at Route.dispatch (/Users/gautamkumar/ST/techreel/backend/node_modules/express/lib/router/route.js:119:3)
2025-09-09T21:42:06:     at Layer.handle [as handle_request] (/Users/gautamkumar/ST/techreel/backend/node_modules/express/lib/router/layer.js:95:5)
2025-09-09T21:42:06:     at /Users/gautamkumar/ST/techreel/backend/node_modules/express/lib/router/index.js:284:15
2025-09-09T21:42:06:     at Function.process_params (/Users/gautamkumar/ST/techreel/backend/node_modules/express/lib/router/index.js:346:12)
2025-09-09T21:42:06:     at next (/Users/gautamkumar/ST/techreel/backend/node_modules/express/lib/router/index.js:280:10)
2025-09-09T21:42:06:     at Function.handle (/Users/gautamkumar/ST/techreel/backend/node_modules/express/lib/router/index.js:175:3)
2025-09-09T21:42:06:     at router (/Users/gautamkumar/ST/techreel/backend/node_modules/express/lib/router/index.js:47:12)
2025-09-09T21:42:06: Global feed error: TypeError: Class constructor ObjectId cannot be invoked without 'new'
2025-09-09T21:42:06:     at /Users/gautamkumar/ST/techreel/backend/src/routes/postRoutes.js:220:40
2025-09-09T21:42:06:     at Layer.handle [as handle_request] (/Users/gautamkumar/ST/techreel/backend/node_modules/express/lib/router/layer.js:95:5)
2025-09-09T21:42:06:     at next (/Users/gautamkumar/ST/techreel/backend/node_modules/express/lib/router/route.js:149:13)
2025-09-09T21:42:06:     at Route.dispatch (/Users/gautamkumar/ST/techreel/backend/node_modules/express/lib/router/route.js:119:3)
2025-09-09T21:42:06:     at Layer.handle [as handle_request] (/Users/gautamkumar/ST/techreel/backend/node_modules/express/lib/router/layer.js:95:5)
2025-09-09T21:42:06:     at /Users/gautamkumar/ST/techreel/backend/node_modules/express/lib/router/index.js:284:15
2025-09-09T21:42:06:     at Function.process_params (/Users/gautamkumar/ST/techreel/backend/node_modules/express/lib/router/index.js:346:12)
2025-09-09T21:42:06:     at next (/Users/gautamkumar/ST/techreel/backend/node_modules/express/lib/router/index.js:280:10)
2025-09-09T21:42:06:     at Function.handle (/Users/gautamkumar/ST/techreel/backend/node_modules/express/lib/router/index.js:175:3)
2025-09-09T21:42:06:     at router (/Users/gautamkumar/ST/techreel/backend/node_modules/express/lib/router/index.js:47:12)
2025-09-09T21:42:06: Feed error: TypeError: Class constructor ObjectId cannot be invoked without 'new'
2025-09-09T21:42:06:     at /Users/gautamkumar/ST/techreel/backend/src/routes/postRoutes.js:120:48
2025-09-09T21:42:06:     at process.processTicksAndRejections (node:internal/process/task_queues:95:5)
2025-09-09T21:42:06: Feed error: TypeError: Class constructor ObjectId cannot be invoked without 'new'
2025-09-09T21:42:06:     at /Users/gautamkumar/ST/techreel/backend/src/routes/postRoutes.js:120:48
2025-09-09T21:42:06:     at process.processTicksAndRejections (node:internal/process/task_queues:95:5)
2025-09-09T21:45:39: Global feed error: TypeError: Class constructor ObjectId cannot be invoked without 'new'
2025-09-09T21:45:39:     at /Users/gautamkumar/ST/techreel/backend/src/routes/postRoutes.js:220:40
2025-09-09T21:45:39:     at Layer.handle [as handle_request] (/Users/gautamkumar/ST/techreel/backend/node_modules/express/lib/router/layer.js:95:5)
2025-09-09T21:45:39:     at next (/Users/gautamkumar/ST/techreel/backend/node_modules/express/lib/router/route.js:149:13)
2025-09-09T21:45:39:     at Route.dispatch (/Users/gautamkumar/ST/techreel/backend/node_modules/express/lib/router/route.js:119:3)
2025-09-09T21:45:39:     at Layer.handle [as handle_request] (/Users/gautamkumar/ST/techreel/backend/node_modules/express/lib/router/layer.js:95:5)
2025-09-09T21:45:39:     at /Users/gautamkumar/ST/techreel/backend/node_modules/express/lib/router/index.js:284:15
2025-09-09T21:45:39:     at Function.process_params (/Users/gautamkumar/ST/techreel/backend/node_modules/express/lib/router/index.js:346:12)
2025-09-09T21:45:39:     at next (/Users/gautamkumar/ST/techreel/backend/node_modules/express/lib/router/index.js:280:10)
2025-09-09T21:45:39:     at Function.handle (/Users/gautamkumar/ST/techreel/backend/node_modules/express/lib/router/index.js:175:3)
2025-09-09T21:45:39:     at router (/Users/gautamkumar/ST/techreel/backend/node_modules/express/lib/router/index.js:47:12)
2025-09-09T21:45:39: Feed error: TypeError: Class constructor ObjectId cannot be invoked without 'new'
2025-09-09T21:45:39:     at /Users/gautamkumar/ST/techreel/backend/src/routes/postRoutes.js:120:48
2025-09-09T21:45:39:     at process.processTicksAndRejections (node:internal/process/task_queues:95:5)
2025-09-09T21:45:42: Global feed error: TypeError: Class constructor ObjectId cannot be invoked without 'new'
2025-09-09T21:45:42:     at /Users/gautamkumar/ST/techreel/backend/src/routes/postRoutes.js:220:40
2025-09-09T21:45:42:     at Layer.handle [as handle_request] (/Users/gautamkumar/ST/techreel/backend/node_modules/express/lib/router/layer.js:95:5)
2025-09-09T21:45:42:     at next (/Users/gautamkumar/ST/techreel/backend/node_modules/express/lib/router/route.js:149:13)
2025-09-09T21:45:42:     at Route.dispatch (/Users/gautamkumar/ST/techreel/backend/node_modules/express/lib/router/route.js:119:3)
2025-09-09T21:45:42:     at Layer.handle [as handle_request] (/Users/gautamkumar/ST/techreel/backend/node_modules/express/lib/router/layer.js:95:5)
2025-09-09T21:45:42:     at /Users/gautamkumar/ST/techreel/backend/node_modules/express/lib/router/index.js:284:15
2025-09-09T21:45:42:     at Function.process_params (/Users/gautamkumar/ST/techreel/backend/node_modules/express/lib/router/index.js:346:12)
2025-09-09T21:45:42:     at next (/Users/gautamkumar/ST/techreel/backend/node_modules/express/lib/router/index.js:280:10)
2025-09-09T21:45:42:     at Function.handle (/Users/gautamkumar/ST/techreel/backend/node_modules/express/lib/router/index.js:175:3)
2025-09-09T21:45:42:     at router (/Users/gautamkumar/ST/techreel/backend/node_modules/express/lib/router/index.js:47:12)
2025-09-09T21:45:42: Global feed error: TypeError: Class constructor ObjectId cannot be invoked without 'new'
2025-09-09T21:45:42:     at /Users/gautamkumar/ST/techreel/backend/src/routes/postRoutes.js:220:40
2025-09-09T21:45:42:     at Layer.handle [as handle_request] (/Users/gautamkumar/ST/techreel/backend/node_modules/express/lib/router/layer.js:95:5)
2025-09-09T21:45:42:     at next (/Users/gautamkumar/ST/techreel/backend/node_modules/express/lib/router/route.js:149:13)
2025-09-09T21:45:42:     at Route.dispatch (/Users/gautamkumar/ST/techreel/backend/node_modules/express/lib/router/route.js:119:3)
2025-09-09T21:45:42:     at Layer.handle [as handle_request] (/Users/gautamkumar/ST/techreel/backend/node_modules/express/lib/router/layer.js:95:5)
2025-09-09T21:45:42:     at /Users/gautamkumar/ST/techreel/backend/node_modules/express/lib/router/index.js:284:15
2025-09-09T21:45:42:     at Function.process_params (/Users/gautamkumar/ST/techreel/backend/node_modules/express/lib/router/index.js:346:12)
2025-09-09T21:45:42:     at next (/Users/gautamkumar/ST/techreel/backend/node_modules/express/lib/router/index.js:280:10)
2025-09-09T21:45:42:     at Function.handle (/Users/gautamkumar/ST/techreel/backend/node_modules/express/lib/router/index.js:175:3)
2025-09-09T21:45:42:     at router (/Users/gautamkumar/ST/techreel/backend/node_modules/express/lib/router/index.js:47:12)
2025-09-09T21:45:42: Feed error: TypeError: Class constructor ObjectId cannot be invoked without 'new'
2025-09-09T21:45:42:     at /Users/gautamkumar/ST/techreel/backend/src/routes/postRoutes.js:120:48
2025-09-09T21:45:42:     at process.processTicksAndRejections (node:internal/process/task_queues:95:5)
2025-09-09T21:45:42: Feed error: TypeError: Class constructor ObjectId cannot be invoked without 'new'
2025-09-09T21:45:42:     at /Users/gautamkumar/ST/techreel/backend/src/routes/postRoutes.js:120:48
2025-09-09T21:45:42:     at process.processTicksAndRejections (node:internal/process/task_queues:95:5)
2025-09-09T21:46:25: Global feed error: TypeError: Class constructor ObjectId cannot be invoked without 'new'
2025-09-09T21:46:25:     at /Users/gautamkumar/ST/techreel/backend/src/routes/postRoutes.js:220:40
2025-09-09T21:46:25:     at Layer.handle [as handle_request] (/Users/gautamkumar/ST/techreel/backend/node_modules/express/lib/router/layer.js:95:5)
2025-09-09T21:46:25:     at next (/Users/gautamkumar/ST/techreel/backend/node_modules/express/lib/router/route.js:149:13)
2025-09-09T21:46:25:     at Route.dispatch (/Users/gautamkumar/ST/techreel/backend/node_modules/express/lib/router/route.js:119:3)
2025-09-09T21:46:25:     at Layer.handle [as handle_request] (/Users/gautamkumar/ST/techreel/backend/node_modules/express/lib/router/layer.js:95:5)
2025-09-09T21:46:25:     at /Users/gautamkumar/ST/techreel/backend/node_modules/express/lib/router/index.js:284:15
2025-09-09T21:46:25:     at Function.process_params (/Users/gautamkumar/ST/techreel/backend/node_modules/express/lib/router/index.js:346:12)
2025-09-09T21:46:25:     at next (/Users/gautamkumar/ST/techreel/backend/node_modules/express/lib/router/index.js:280:10)
2025-09-09T21:46:25:     at Function.handle (/Users/gautamkumar/ST/techreel/backend/node_modules/express/lib/router/index.js:175:3)
2025-09-09T21:46:25:     at router (/Users/gautamkumar/ST/techreel/backend/node_modules/express/lib/router/index.js:47:12)
2025-09-09T21:46:25: Global feed error: TypeError: Class constructor ObjectId cannot be invoked without 'new'
2025-09-09T21:46:25:     at /Users/gautamkumar/ST/techreel/backend/src/routes/postRoutes.js:220:40
2025-09-09T21:46:25:     at Layer.handle [as handle_request] (/Users/gautamkumar/ST/techreel/backend/node_modules/express/lib/router/layer.js:95:5)
2025-09-09T21:46:25:     at next (/Users/gautamkumar/ST/techreel/backend/node_modules/express/lib/router/route.js:149:13)
2025-09-09T21:46:25:     at Route.dispatch (/Users/gautamkumar/ST/techreel/backend/node_modules/express/lib/router/route.js:119:3)
2025-09-09T21:46:25:     at Layer.handle [as handle_request] (/Users/gautamkumar/ST/techreel/backend/node_modules/express/lib/router/layer.js:95:5)
2025-09-09T21:46:25:     at /Users/gautamkumar/ST/techreel/backend/node_modules/express/lib/router/index.js:284:15
2025-09-09T21:46:25:     at Function.process_params (/Users/gautamkumar/ST/techreel/backend/node_modules/express/lib/router/index.js:346:12)
2025-09-09T21:46:25:     at next (/Users/gautamkumar/ST/techreel/backend/node_modules/express/lib/router/index.js:280:10)
2025-09-09T21:46:25:     at Function.handle (/Users/gautamkumar/ST/techreel/backend/node_modules/express/lib/router/index.js:175:3)
2025-09-09T21:46:25:     at router (/Users/gautamkumar/ST/techreel/backend/node_modules/express/lib/router/index.js:47:12)
2025-09-09T21:46:25: Feed error: TypeError: Class constructor ObjectId cannot be invoked without 'new'
2025-09-09T21:46:25:     at /Users/gautamkumar/ST/techreel/backend/src/routes/postRoutes.js:120:48
2025-09-09T21:46:25:     at process.processTicksAndRejections (node:internal/process/task_queues:95:5)
2025-09-09T21:46:25: Feed error: TypeError: Class constructor ObjectId cannot be invoked without 'new'
2025-09-09T21:46:25:     at /Users/gautamkumar/ST/techreel/backend/src/routes/postRoutes.js:120:48
2025-09-09T21:46:25:     at process.processTicksAndRejections (node:internal/process/task_queues:95:5)
2025-09-09T21:46:54: Global feed error: TypeError: Class constructor ObjectId cannot be invoked without 'new'
2025-09-09T21:46:54:     at /Users/gautamkumar/ST/techreel/backend/src/routes/postRoutes.js:220:40
2025-09-09T21:46:54:     at Layer.handle [as handle_request] (/Users/gautamkumar/ST/techreel/backend/node_modules/express/lib/router/layer.js:95:5)
2025-09-09T21:46:54:     at next (/Users/gautamkumar/ST/techreel/backend/node_modules/express/lib/router/route.js:149:13)
2025-09-09T21:46:54:     at Route.dispatch (/Users/gautamkumar/ST/techreel/backend/node_modules/express/lib/router/route.js:119:3)
2025-09-09T21:46:54:     at Layer.handle [as handle_request] (/Users/gautamkumar/ST/techreel/backend/node_modules/express/lib/router/layer.js:95:5)
2025-09-09T21:46:54:     at /Users/gautamkumar/ST/techreel/backend/node_modules/express/lib/router/index.js:284:15
2025-09-09T21:46:54:     at Function.process_params (/Users/gautamkumar/ST/techreel/backend/node_modules/express/lib/router/index.js:346:12)
2025-09-09T21:46:54:     at next (/Users/gautamkumar/ST/techreel/backend/node_modules/express/lib/router/index.js:280:10)
2025-09-09T21:46:54:     at Function.handle (/Users/gautamkumar/ST/techreel/backend/node_modules/express/lib/router/index.js:175:3)
2025-09-09T21:46:54:     at router (/Users/gautamkumar/ST/techreel/backend/node_modules/express/lib/router/index.js:47:12)
2025-09-09T21:46:54: Global feed error: TypeError: Class constructor ObjectId cannot be invoked without 'new'
2025-09-09T21:46:54:     at /Users/gautamkumar/ST/techreel/backend/src/routes/postRoutes.js:220:40
2025-09-09T21:46:54:     at Layer.handle [as handle_request] (/Users/gautamkumar/ST/techreel/backend/node_modules/express/lib/router/layer.js:95:5)
2025-09-09T21:46:54:     at next (/Users/gautamkumar/ST/techreel/backend/node_modules/express/lib/router/route.js:149:13)
2025-09-09T21:46:54:     at Route.dispatch (/Users/gautamkumar/ST/techreel/backend/node_modules/express/lib/router/route.js:119:3)
2025-09-09T21:46:54:     at Layer.handle [as handle_request] (/Users/gautamkumar/ST/techreel/backend/node_modules/express/lib/router/layer.js:95:5)
2025-09-09T21:46:54:     at /Users/gautamkumar/ST/techreel/backend/node_modules/express/lib/router/index.js:284:15
2025-09-09T21:46:54:     at Function.process_params (/Users/gautamkumar/ST/techreel/backend/node_modules/express/lib/router/index.js:346:12)
2025-09-09T21:46:54:     at next (/Users/gautamkumar/ST/techreel/backend/node_modules/express/lib/router/index.js:280:10)
2025-09-09T21:46:54:     at Function.handle (/Users/gautamkumar/ST/techreel/backend/node_modules/express/lib/router/index.js:175:3)
2025-09-09T21:46:54:     at router (/Users/gautamkumar/ST/techreel/backend/node_modules/express/lib/router/index.js:47:12)
2025-09-09T21:46:54: Feed error: TypeError: Class constructor ObjectId cannot be invoked without 'new'
2025-09-09T21:46:54:     at /Users/gautamkumar/ST/techreel/backend/src/routes/postRoutes.js:120:48
2025-09-09T21:46:54:     at process.processTicksAndRejections (node:internal/process/task_queues:95:5)
2025-09-09T21:46:54: Feed error: TypeError: Class constructor ObjectId cannot be invoked without 'new'
2025-09-09T21:46:54:     at /Users/gautamkumar/ST/techreel/backend/src/routes/postRoutes.js:120:48
2025-09-09T21:46:54:     at process.processTicksAndRejections (node:internal/process/task_queues:95:5)
2025-09-09T21:53:36: Global feed error: TypeError: Class constructor ObjectId cannot be invoked without 'new'
2025-09-09T21:53:36:     at /Users/gautamkumar/ST/techreel/backend/src/routes/postRoutes.js:220:40
2025-09-09T21:53:36:     at Layer.handle [as handle_request] (/Users/gautamkumar/ST/techreel/backend/node_modules/express/lib/router/layer.js:95:5)
2025-09-09T21:53:36:     at next (/Users/gautamkumar/ST/techreel/backend/node_modules/express/lib/router/route.js:149:13)
2025-09-09T21:53:36:     at Route.dispatch (/Users/gautamkumar/ST/techreel/backend/node_modules/express/lib/router/route.js:119:3)
2025-09-09T21:53:36:     at Layer.handle [as handle_request] (/Users/gautamkumar/ST/techreel/backend/node_modules/express/lib/router/layer.js:95:5)
2025-09-09T21:53:36:     at /Users/gautamkumar/ST/techreel/backend/node_modules/express/lib/router/index.js:284:15
2025-09-09T21:53:36:     at Function.process_params (/Users/gautamkumar/ST/techreel/backend/node_modules/express/lib/router/index.js:346:12)
2025-09-09T21:53:36:     at next (/Users/gautamkumar/ST/techreel/backend/node_modules/express/lib/router/index.js:280:10)
2025-09-09T21:53:36:     at Function.handle (/Users/gautamkumar/ST/techreel/backend/node_modules/express/lib/router/index.js:175:3)
2025-09-09T21:53:36:     at router (/Users/gautamkumar/ST/techreel/backend/node_modules/express/lib/router/index.js:47:12)
2025-09-09T21:53:36: Global feed error: TypeError: Class constructor ObjectId cannot be invoked without 'new'
2025-09-09T21:53:36:     at /Users/gautamkumar/ST/techreel/backend/src/routes/postRoutes.js:220:40
2025-09-09T21:53:36:     at Layer.handle [as handle_request] (/Users/gautamkumar/ST/techreel/backend/node_modules/express/lib/router/layer.js:95:5)
2025-09-09T21:53:36:     at next (/Users/gautamkumar/ST/techreel/backend/node_modules/express/lib/router/route.js:149:13)
2025-09-09T21:53:36:     at Route.dispatch (/Users/gautamkumar/ST/techreel/backend/node_modules/express/lib/router/route.js:119:3)
2025-09-09T21:53:36:     at Layer.handle [as handle_request] (/Users/gautamkumar/ST/techreel/backend/node_modules/express/lib/router/layer.js:95:5)
2025-09-09T21:53:36:     at /Users/gautamkumar/ST/techreel/backend/node_modules/express/lib/router/index.js:284:15
2025-09-09T21:53:36:     at Function.process_params (/Users/gautamkumar/ST/techreel/backend/node_modules/express/lib/router/index.js:346:12)
2025-09-09T21:53:36:     at next (/Users/gautamkumar/ST/techreel/backend/node_modules/express/lib/router/index.js:280:10)
2025-09-09T21:53:36:     at Function.handle (/Users/gautamkumar/ST/techreel/backend/node_modules/express/lib/router/index.js:175:3)
2025-09-09T21:53:36:     at router (/Users/gautamkumar/ST/techreel/backend/node_modules/express/lib/router/index.js:47:12)
2025-09-09T21:53:36: Feed error: TypeError: Class constructor ObjectId cannot be invoked without 'new'
2025-09-09T21:53:36:     at /Users/gautamkumar/ST/techreel/backend/src/routes/postRoutes.js:120:48
2025-09-09T21:53:36:     at process.processTicksAndRejections (node:internal/process/task_queues:95:5)
2025-09-09T21:53:36: Feed error: TypeError: Class constructor ObjectId cannot be invoked without 'new'
2025-09-09T21:53:36:     at /Users/gautamkumar/ST/techreel/backend/src/routes/postRoutes.js:120:48
2025-09-09T21:53:36:     at process.processTicksAndRejections (node:internal/process/task_queues:95:5)
2025-09-09T21:54:15: Global feed error: TypeError: Class constructor ObjectId cannot be invoked without 'new'
2025-09-09T21:54:15:     at /Users/gautamkumar/ST/techreel/backend/src/routes/postRoutes.js:220:40
2025-09-09T21:54:15:     at Layer.handle [as handle_request] (/Users/gautamkumar/ST/techreel/backend/node_modules/express/lib/router/layer.js:95:5)
2025-09-09T21:54:15:     at next (/Users/gautamkumar/ST/techreel/backend/node_modules/express/lib/router/route.js:149:13)
2025-09-09T21:54:15:     at Route.dispatch (/Users/gautamkumar/ST/techreel/backend/node_modules/express/lib/router/route.js:119:3)
2025-09-09T21:54:15:     at Layer.handle [as handle_request] (/Users/gautamkumar/ST/techreel/backend/node_modules/express/lib/router/layer.js:95:5)
2025-09-09T21:54:15:     at /Users/gautamkumar/ST/techreel/backend/node_modules/express/lib/router/index.js:284:15
2025-09-09T21:54:15:     at Function.process_params (/Users/gautamkumar/ST/techreel/backend/node_modules/express/lib/router/index.js:346:12)
2025-09-09T21:54:15:     at next (/Users/gautamkumar/ST/techreel/backend/node_modules/express/lib/router/index.js:280:10)
2025-09-09T21:54:15:     at Function.handle (/Users/gautamkumar/ST/techreel/backend/node_modules/express/lib/router/index.js:175:3)
2025-09-09T21:54:15:     at router (/Users/gautamkumar/ST/techreel/backend/node_modules/express/lib/router/index.js:47:12)
2025-09-09T21:54:15: Global feed error: TypeError: Class constructor ObjectId cannot be invoked without 'new'
2025-09-09T21:54:15:     at /Users/gautamkumar/ST/techreel/backend/src/routes/postRoutes.js:220:40
2025-09-09T21:54:15:     at Layer.handle [as handle_request] (/Users/gautamkumar/ST/techreel/backend/node_modules/express/lib/router/layer.js:95:5)
2025-09-09T21:54:15:     at next (/Users/gautamkumar/ST/techreel/backend/node_modules/express/lib/router/route.js:149:13)
2025-09-09T21:54:15:     at Route.dispatch (/Users/gautamkumar/ST/techreel/backend/node_modules/express/lib/router/route.js:119:3)
2025-09-09T21:54:15:     at Layer.handle [as handle_request] (/Users/gautamkumar/ST/techreel/backend/node_modules/express/lib/router/layer.js:95:5)
2025-09-09T21:54:15:     at /Users/gautamkumar/ST/techreel/backend/node_modules/express/lib/router/index.js:284:15
2025-09-09T21:54:15:     at Function.process_params (/Users/gautamkumar/ST/techreel/backend/node_modules/express/lib/router/index.js:346:12)
2025-09-09T21:54:15:     at next (/Users/gautamkumar/ST/techreel/backend/node_modules/express/lib/router/index.js:280:10)
2025-09-09T21:54:15:     at Function.handle (/Users/gautamkumar/ST/techreel/backend/node_modules/express/lib/router/index.js:175:3)
2025-09-09T21:54:15:     at router (/Users/gautamkumar/ST/techreel/backend/node_modules/express/lib/router/index.js:47:12)
2025-09-09T21:54:15: Feed error: TypeError: Class constructor ObjectId cannot be invoked without 'new'
2025-09-09T21:54:15:     at /Users/gautamkumar/ST/techreel/backend/src/routes/postRoutes.js:120:48
2025-09-09T21:54:15:     at process.processTicksAndRejections (node:internal/process/task_queues:95:5)
2025-09-09T21:54:15: Feed error: TypeError: Class constructor ObjectId cannot be invoked without 'new'
2025-09-09T21:54:15:     at /Users/gautamkumar/ST/techreel/backend/src/routes/postRoutes.js:120:48
2025-09-09T21:54:15:     at process.processTicksAndRejections (node:internal/process/task_queues:95:5)
2025-09-09T21:58:56: Global feed error: TypeError: Class constructor ObjectId cannot be invoked without 'new'
2025-09-09T21:58:56:     at /Users/gautamkumar/ST/techreel/backend/src/routes/postRoutes.js:220:40
2025-09-09T21:58:56:     at Layer.handle [as handle_request] (/Users/gautamkumar/ST/techreel/backend/node_modules/express/lib/router/layer.js:95:5)
2025-09-09T21:58:56:     at next (/Users/gautamkumar/ST/techreel/backend/node_modules/express/lib/router/route.js:149:13)
2025-09-09T21:58:56:     at Route.dispatch (/Users/gautamkumar/ST/techreel/backend/node_modules/express/lib/router/route.js:119:3)
2025-09-09T21:58:56:     at Layer.handle [as handle_request] (/Users/gautamkumar/ST/techreel/backend/node_modules/express/lib/router/layer.js:95:5)
2025-09-09T21:58:56:     at /Users/gautamkumar/ST/techreel/backend/node_modules/express/lib/router/index.js:284:15
2025-09-09T21:58:56:     at Function.process_params (/Users/gautamkumar/ST/techreel/backend/node_modules/express/lib/router/index.js:346:12)
2025-09-09T21:58:56:     at next (/Users/gautamkumar/ST/techreel/backend/node_modules/express/lib/router/index.js:280:10)
2025-09-09T21:58:56:     at Function.handle (/Users/gautamkumar/ST/techreel/backend/node_modules/express/lib/router/index.js:175:3)
2025-09-09T21:58:56:     at router (/Users/gautamkumar/ST/techreel/backend/node_modules/express/lib/router/index.js:47:12)
2025-09-09T21:58:56: Feed error: TypeError: Class constructor ObjectId cannot be invoked without 'new'
2025-09-09T21:58:56:     at /Users/gautamkumar/ST/techreel/backend/src/routes/postRoutes.js:120:48
2025-09-09T21:58:56:     at process.processTicksAndRejections (node:internal/process/task_queues:95:5)
2025-09-09T21:59:24: Global feed error: TypeError: Class constructor ObjectId cannot be invoked without 'new'
2025-09-09T21:59:24:     at /Users/gautamkumar/ST/techreel/backend/src/routes/postRoutes.js:220:40
2025-09-09T21:59:24:     at Layer.handle [as handle_request] (/Users/gautamkumar/ST/techreel/backend/node_modules/express/lib/router/layer.js:95:5)
2025-09-09T21:59:24:     at next (/Users/gautamkumar/ST/techreel/backend/node_modules/express/lib/router/route.js:149:13)
2025-09-09T21:59:24:     at Route.dispatch (/Users/gautamkumar/ST/techreel/backend/node_modules/express/lib/router/route.js:119:3)
2025-09-09T21:59:24:     at Layer.handle [as handle_request] (/Users/gautamkumar/ST/techreel/backend/node_modules/express/lib/router/layer.js:95:5)
2025-09-09T21:59:24:     at /Users/gautamkumar/ST/techreel/backend/node_modules/express/lib/router/index.js:284:15
2025-09-09T21:59:24:     at Function.process_params (/Users/gautamkumar/ST/techreel/backend/node_modules/express/lib/router/index.js:346:12)
2025-09-09T21:59:24:     at next (/Users/gautamkumar/ST/techreel/backend/node_modules/express/lib/router/index.js:280:10)
2025-09-09T21:59:24:     at Function.handle (/Users/gautamkumar/ST/techreel/backend/node_modules/express/lib/router/index.js:175:3)
2025-09-09T21:59:24:     at router (/Users/gautamkumar/ST/techreel/backend/node_modules/express/lib/router/index.js:47:12)
2025-09-09T21:59:24: Global feed error: TypeError: Class constructor ObjectId cannot be invoked without 'new'
2025-09-09T21:59:24:     at /Users/gautamkumar/ST/techreel/backend/src/routes/postRoutes.js:220:40
2025-09-09T21:59:24:     at Layer.handle [as handle_request] (/Users/gautamkumar/ST/techreel/backend/node_modules/express/lib/router/layer.js:95:5)
2025-09-09T21:59:24:     at next (/Users/gautamkumar/ST/techreel/backend/node_modules/express/lib/router/route.js:149:13)
2025-09-09T21:59:24:     at Route.dispatch (/Users/gautamkumar/ST/techreel/backend/node_modules/express/lib/router/route.js:119:3)
2025-09-09T21:59:24:     at Layer.handle [as handle_request] (/Users/gautamkumar/ST/techreel/backend/node_modules/express/lib/router/layer.js:95:5)
2025-09-09T21:59:24:     at /Users/gautamkumar/ST/techreel/backend/node_modules/express/lib/router/index.js:284:15
2025-09-09T21:59:24:     at Function.process_params (/Users/gautamkumar/ST/techreel/backend/node_modules/express/lib/router/index.js:346:12)
2025-09-09T21:59:24:     at next (/Users/gautamkumar/ST/techreel/backend/node_modules/express/lib/router/index.js:280:10)
2025-09-09T21:59:24:     at Function.handle (/Users/gautamkumar/ST/techreel/backend/node_modules/express/lib/router/index.js:175:3)
2025-09-09T21:59:24:     at router (/Users/gautamkumar/ST/techreel/backend/node_modules/express/lib/router/index.js:47:12)
2025-09-09T21:59:24: Feed error: TypeError: Class constructor ObjectId cannot be invoked without 'new'
2025-09-09T21:59:24:     at /Users/gautamkumar/ST/techreel/backend/src/routes/postRoutes.js:120:48
2025-09-09T21:59:24:     at process.processTicksAndRejections (node:internal/process/task_queues:95:5)
2025-09-09T21:59:24: Feed error: TypeError: Class constructor ObjectId cannot be invoked without 'new'
2025-09-09T21:59:24:     at /Users/gautamkumar/ST/techreel/backend/src/routes/postRoutes.js:120:48
2025-09-09T21:59:24:     at process.processTicksAndRejections (node:internal/process/task_queues:95:5)
2025-09-09T22:00:41: Global feed error: TypeError: Class constructor ObjectId cannot be invoked without 'new'
2025-09-09T22:00:41:     at /Users/gautamkumar/ST/techreel/backend/src/routes/postRoutes.js:220:40
2025-09-09T22:00:41:     at Layer.handle [as handle_request] (/Users/gautamkumar/ST/techreel/backend/node_modules/express/lib/router/layer.js:95:5)
2025-09-09T22:00:41:     at next (/Users/gautamkumar/ST/techreel/backend/node_modules/express/lib/router/route.js:149:13)
2025-09-09T22:00:41:     at Route.dispatch (/Users/gautamkumar/ST/techreel/backend/node_modules/express/lib/router/route.js:119:3)
2025-09-09T22:00:41:     at Layer.handle [as handle_request] (/Users/gautamkumar/ST/techreel/backend/node_modules/express/lib/router/layer.js:95:5)
2025-09-09T22:00:41:     at /Users/gautamkumar/ST/techreel/backend/node_modules/express/lib/router/index.js:284:15
2025-09-09T22:00:41:     at Function.process_params (/Users/gautamkumar/ST/techreel/backend/node_modules/express/lib/router/index.js:346:12)
2025-09-09T22:00:41:     at next (/Users/gautamkumar/ST/techreel/backend/node_modules/express/lib/router/index.js:280:10)
2025-09-09T22:00:41:     at Function.handle (/Users/gautamkumar/ST/techreel/backend/node_modules/express/lib/router/index.js:175:3)
2025-09-09T22:00:41:     at router (/Users/gautamkumar/ST/techreel/backend/node_modules/express/lib/router/index.js:47:12)
2025-09-09T22:00:41: Global feed error: TypeError: Class constructor ObjectId cannot be invoked without 'new'
2025-09-09T22:00:41:     at /Users/gautamkumar/ST/techreel/backend/src/routes/postRoutes.js:220:40
2025-09-09T22:00:41:     at Layer.handle [as handle_request] (/Users/gautamkumar/ST/techreel/backend/node_modules/express/lib/router/layer.js:95:5)
2025-09-09T22:00:41:     at next (/Users/gautamkumar/ST/techreel/backend/node_modules/express/lib/router/route.js:149:13)
2025-09-09T22:00:41:     at Route.dispatch (/Users/gautamkumar/ST/techreel/backend/node_modules/express/lib/router/route.js:119:3)
2025-09-09T22:00:41:     at Layer.handle [as handle_request] (/Users/gautamkumar/ST/techreel/backend/node_modules/express/lib/router/layer.js:95:5)
2025-09-09T22:00:41:     at /Users/gautamkumar/ST/techreel/backend/node_modules/express/lib/router/index.js:284:15
2025-09-09T22:00:41:     at Function.process_params (/Users/gautamkumar/ST/techreel/backend/node_modules/express/lib/router/index.js:346:12)
2025-09-09T22:00:41:     at next (/Users/gautamkumar/ST/techreel/backend/node_modules/express/lib/router/index.js:280:10)
2025-09-09T22:00:41:     at Function.handle (/Users/gautamkumar/ST/techreel/backend/node_modules/express/lib/router/index.js:175:3)
2025-09-09T22:00:41:     at router (/Users/gautamkumar/ST/techreel/backend/node_modules/express/lib/router/index.js:47:12)
2025-09-09T22:00:41: Feed error: TypeError: Class constructor ObjectId cannot be invoked without 'new'
2025-09-09T22:00:41:     at /Users/gautamkumar/ST/techreel/backend/src/routes/postRoutes.js:120:48
2025-09-09T22:00:41:     at process.processTicksAndRejections (node:internal/process/task_queues:95:5)
2025-09-09T22:00:41: Feed error: TypeError: Class constructor ObjectId cannot be invoked without 'new'
2025-09-09T22:00:41:     at /Users/gautamkumar/ST/techreel/backend/src/routes/postRoutes.js:120:48
2025-09-09T22:00:41:     at process.processTicksAndRejections (node:internal/process/task_queues:95:5)
2025-09-09T22:01:39: Global feed error: TypeError: Class constructor ObjectId cannot be invoked without 'new'
2025-09-09T22:01:39:     at /Users/gautamkumar/ST/techreel/backend/src/routes/postRoutes.js:220:40
2025-09-09T22:01:39:     at Layer.handle [as handle_request] (/Users/gautamkumar/ST/techreel/backend/node_modules/express/lib/router/layer.js:95:5)
2025-09-09T22:01:39:     at next (/Users/gautamkumar/ST/techreel/backend/node_modules/express/lib/router/route.js:149:13)
2025-09-09T22:01:39:     at Route.dispatch (/Users/gautamkumar/ST/techreel/backend/node_modules/express/lib/router/route.js:119:3)
2025-09-09T22:01:39:     at Layer.handle [as handle_request] (/Users/gautamkumar/ST/techreel/backend/node_modules/express/lib/router/layer.js:95:5)
2025-09-09T22:01:39:     at /Users/gautamkumar/ST/techreel/backend/node_modules/express/lib/router/index.js:284:15
2025-09-09T22:01:39:     at Function.process_params (/Users/gautamkumar/ST/techreel/backend/node_modules/express/lib/router/index.js:346:12)
2025-09-09T22:01:39:     at next (/Users/gautamkumar/ST/techreel/backend/node_modules/express/lib/router/index.js:280:10)
2025-09-09T22:01:39:     at Function.handle (/Users/gautamkumar/ST/techreel/backend/node_modules/express/lib/router/index.js:175:3)
2025-09-09T22:01:39:     at router (/Users/gautamkumar/ST/techreel/backend/node_modules/express/lib/router/index.js:47:12)
2025-09-09T22:01:39: Global feed error: TypeError: Class constructor ObjectId cannot be invoked without 'new'
2025-09-09T22:01:39:     at /Users/gautamkumar/ST/techreel/backend/src/routes/postRoutes.js:220:40
2025-09-09T22:01:39:     at Layer.handle [as handle_request] (/Users/gautamkumar/ST/techreel/backend/node_modules/express/lib/router/layer.js:95:5)
2025-09-09T22:01:39:     at next (/Users/gautamkumar/ST/techreel/backend/node_modules/express/lib/router/route.js:149:13)
2025-09-09T22:01:39:     at Route.dispatch (/Users/gautamkumar/ST/techreel/backend/node_modules/express/lib/router/route.js:119:3)
2025-09-09T22:01:39:     at Layer.handle [as handle_request] (/Users/gautamkumar/ST/techreel/backend/node_modules/express/lib/router/layer.js:95:5)
2025-09-09T22:01:39:     at /Users/gautamkumar/ST/techreel/backend/node_modules/express/lib/router/index.js:284:15
2025-09-09T22:01:39:     at Function.process_params (/Users/gautamkumar/ST/techreel/backend/node_modules/express/lib/router/index.js:346:12)
2025-09-09T22:01:39:     at next (/Users/gautamkumar/ST/techreel/backend/node_modules/express/lib/router/index.js:280:10)
2025-09-09T22:01:39:     at Function.handle (/Users/gautamkumar/ST/techreel/backend/node_modules/express/lib/router/index.js:175:3)
2025-09-09T22:01:39:     at router (/Users/gautamkumar/ST/techreel/backend/node_modules/express/lib/router/index.js:47:12)
2025-09-09T22:01:39: Feed error: TypeError: Class constructor ObjectId cannot be invoked without 'new'
2025-09-09T22:01:39:     at /Users/gautamkumar/ST/techreel/backend/src/routes/postRoutes.js:120:48
2025-09-09T22:01:39:     at process.processTicksAndRejections (node:internal/process/task_queues:95:5)
2025-09-09T22:01:39: Feed error: TypeError: Class constructor ObjectId cannot be invoked without 'new'
2025-09-09T22:01:39:     at /Users/gautamkumar/ST/techreel/backend/src/routes/postRoutes.js:120:48
2025-09-09T22:01:39:     at process.processTicksAndRejections (node:internal/process/task_queues:95:5)
2025-09-09T22:01:56: Global feed error: TypeError: Class constructor ObjectId cannot be invoked without 'new'
2025-09-09T22:01:56:     at /Users/gautamkumar/ST/techreel/backend/src/routes/postRoutes.js:220:40
2025-09-09T22:01:56:     at Layer.handle [as handle_request] (/Users/gautamkumar/ST/techreel/backend/node_modules/express/lib/router/layer.js:95:5)
2025-09-09T22:01:56:     at next (/Users/gautamkumar/ST/techreel/backend/node_modules/express/lib/router/route.js:149:13)
2025-09-09T22:01:56:     at Route.dispatch (/Users/gautamkumar/ST/techreel/backend/node_modules/express/lib/router/route.js:119:3)
2025-09-09T22:01:56:     at Layer.handle [as handle_request] (/Users/gautamkumar/ST/techreel/backend/node_modules/express/lib/router/layer.js:95:5)
2025-09-09T22:01:56:     at /Users/gautamkumar/ST/techreel/backend/node_modules/express/lib/router/index.js:284:15
2025-09-09T22:01:56:     at Function.process_params (/Users/gautamkumar/ST/techreel/backend/node_modules/express/lib/router/index.js:346:12)
2025-09-09T22:01:56:     at next (/Users/gautamkumar/ST/techreel/backend/node_modules/express/lib/router/index.js:280:10)
2025-09-09T22:01:56:     at Function.handle (/Users/gautamkumar/ST/techreel/backend/node_modules/express/lib/router/index.js:175:3)
2025-09-09T22:01:56:     at router (/Users/gautamkumar/ST/techreel/backend/node_modules/express/lib/router/index.js:47:12)
2025-09-09T22:01:56: Global feed error: TypeError: Class constructor ObjectId cannot be invoked without 'new'
2025-09-09T22:01:56:     at /Users/gautamkumar/ST/techreel/backend/src/routes/postRoutes.js:220:40
2025-09-09T22:01:56:     at Layer.handle [as handle_request] (/Users/gautamkumar/ST/techreel/backend/node_modules/express/lib/router/layer.js:95:5)
2025-09-09T22:01:56:     at next (/Users/gautamkumar/ST/techreel/backend/node_modules/express/lib/router/route.js:149:13)
2025-09-09T22:01:56:     at Route.dispatch (/Users/gautamkumar/ST/techreel/backend/node_modules/express/lib/router/route.js:119:3)
2025-09-09T22:01:56:     at Layer.handle [as handle_request] (/Users/gautamkumar/ST/techreel/backend/node_modules/express/lib/router/layer.js:95:5)
2025-09-09T22:01:56:     at /Users/gautamkumar/ST/techreel/backend/node_modules/express/lib/router/index.js:284:15
2025-09-09T22:01:56:     at Function.process_params (/Users/gautamkumar/ST/techreel/backend/node_modules/express/lib/router/index.js:346:12)
2025-09-09T22:01:56:     at next (/Users/gautamkumar/ST/techreel/backend/node_modules/express/lib/router/index.js:280:10)
2025-09-09T22:01:56:     at Function.handle (/Users/gautamkumar/ST/techreel/backend/node_modules/express/lib/router/index.js:175:3)
2025-09-09T22:01:56:     at router (/Users/gautamkumar/ST/techreel/backend/node_modules/express/lib/router/index.js:47:12)
2025-09-09T22:01:56: Feed error: TypeError: Class constructor ObjectId cannot be invoked without 'new'
2025-09-09T22:01:56:     at /Users/gautamkumar/ST/techreel/backend/src/routes/postRoutes.js:120:48
2025-09-09T22:01:56:     at process.processTicksAndRejections (node:internal/process/task_queues:95:5)
2025-09-09T22:01:56: Feed error: TypeError: Class constructor ObjectId cannot be invoked without 'new'
2025-09-09T22:01:56:     at /Users/gautamkumar/ST/techreel/backend/src/routes/postRoutes.js:120:48
2025-09-09T22:01:56:     at process.processTicksAndRejections (node:internal/process/task_queues:95:5)
2025-09-09T22:08:05: Global feed error: TypeError: Class constructor ObjectId cannot be invoked without 'new'
2025-09-09T22:08:05:     at /Users/gautamkumar/ST/techreel/backend/src/routes/postRoutes.js:220:40
2025-09-09T22:08:05:     at Layer.handle [as handle_request] (/Users/gautamkumar/ST/techreel/backend/node_modules/express/lib/router/layer.js:95:5)
2025-09-09T22:08:05:     at next (/Users/gautamkumar/ST/techreel/backend/node_modules/express/lib/router/route.js:149:13)
2025-09-09T22:08:05:     at Route.dispatch (/Users/gautamkumar/ST/techreel/backend/node_modules/express/lib/router/route.js:119:3)
2025-09-09T22:08:05:     at Layer.handle [as handle_request] (/Users/gautamkumar/ST/techreel/backend/node_modules/express/lib/router/layer.js:95:5)
2025-09-09T22:08:05:     at /Users/gautamkumar/ST/techreel/backend/node_modules/express/lib/router/index.js:284:15
2025-09-09T22:08:05:     at Function.process_params (/Users/gautamkumar/ST/techreel/backend/node_modules/express/lib/router/index.js:346:12)
2025-09-09T22:08:05:     at next (/Users/gautamkumar/ST/techreel/backend/node_modules/express/lib/router/index.js:280:10)
2025-09-09T22:08:05:     at Function.handle (/Users/gautamkumar/ST/techreel/backend/node_modules/express/lib/router/index.js:175:3)
2025-09-09T22:08:05:     at router (/Users/gautamkumar/ST/techreel/backend/node_modules/express/lib/router/index.js:47:12)
2025-09-09T22:08:05: Global feed error: TypeError: Class constructor ObjectId cannot be invoked without 'new'
2025-09-09T22:08:05:     at /Users/gautamkumar/ST/techreel/backend/src/routes/postRoutes.js:220:40
2025-09-09T22:08:05:     at Layer.handle [as handle_request] (/Users/gautamkumar/ST/techreel/backend/node_modules/express/lib/router/layer.js:95:5)
2025-09-09T22:08:05:     at next (/Users/gautamkumar/ST/techreel/backend/node_modules/express/lib/router/route.js:149:13)
2025-09-09T22:08:05:     at Route.dispatch (/Users/gautamkumar/ST/techreel/backend/node_modules/express/lib/router/route.js:119:3)
2025-09-09T22:08:05:     at Layer.handle [as handle_request] (/Users/gautamkumar/ST/techreel/backend/node_modules/express/lib/router/layer.js:95:5)
2025-09-09T22:08:05:     at /Users/gautamkumar/ST/techreel/backend/node_modules/express/lib/router/index.js:284:15
2025-09-09T22:08:05:     at Function.process_params (/Users/gautamkumar/ST/techreel/backend/node_modules/express/lib/router/index.js:346:12)
2025-09-09T22:08:05:     at next (/Users/gautamkumar/ST/techreel/backend/node_modules/express/lib/router/index.js:280:10)
2025-09-09T22:08:05:     at Function.handle (/Users/gautamkumar/ST/techreel/backend/node_modules/express/lib/router/index.js:175:3)
2025-09-09T22:08:05:     at router (/Users/gautamkumar/ST/techreel/backend/node_modules/express/lib/router/index.js:47:12)
2025-09-09T22:08:05: Feed error: TypeError: Class constructor ObjectId cannot be invoked without 'new'
2025-09-09T22:08:05:     at /Users/gautamkumar/ST/techreel/backend/src/routes/postRoutes.js:120:48
2025-09-09T22:08:05:     at process.processTicksAndRejections (node:internal/process/task_queues:95:5)
2025-09-09T22:08:05: Feed error: TypeError: Class constructor ObjectId cannot be invoked without 'new'
2025-09-09T22:08:05:     at /Users/gautamkumar/ST/techreel/backend/src/routes/postRoutes.js:120:48
2025-09-09T22:08:05:     at process.processTicksAndRejections (node:internal/process/task_queues:95:5)
2025-09-09T22:12:24: Global feed error: TypeError: Class constructor ObjectId cannot be invoked without 'new'
2025-09-09T22:12:24:     at /Users/gautamkumar/ST/techreel/backend/src/routes/postRoutes.js:220:40
2025-09-09T22:12:24:     at Layer.handle [as handle_request] (/Users/gautamkumar/ST/techreel/backend/node_modules/express/lib/router/layer.js:95:5)
2025-09-09T22:12:24:     at next (/Users/gautamkumar/ST/techreel/backend/node_modules/express/lib/router/route.js:149:13)
2025-09-09T22:12:24:     at Route.dispatch (/Users/gautamkumar/ST/techreel/backend/node_modules/express/lib/router/route.js:119:3)
2025-09-09T22:12:24:     at Layer.handle [as handle_request] (/Users/gautamkumar/ST/techreel/backend/node_modules/express/lib/router/layer.js:95:5)
2025-09-09T22:12:24:     at /Users/gautamkumar/ST/techreel/backend/node_modules/express/lib/router/index.js:284:15
2025-09-09T22:12:24:     at Function.process_params (/Users/gautamkumar/ST/techreel/backend/node_modules/express/lib/router/index.js:346:12)
2025-09-09T22:12:24:     at next (/Users/gautamkumar/ST/techreel/backend/node_modules/express/lib/router/index.js:280:10)
2025-09-09T22:12:24:     at Function.handle (/Users/gautamkumar/ST/techreel/backend/node_modules/express/lib/router/index.js:175:3)
2025-09-09T22:12:24:     at router (/Users/gautamkumar/ST/techreel/backend/node_modules/express/lib/router/index.js:47:12)
2025-09-09T22:12:24: Global feed error: TypeError: Class constructor ObjectId cannot be invoked without 'new'
2025-09-09T22:12:24:     at /Users/gautamkumar/ST/techreel/backend/src/routes/postRoutes.js:220:40
2025-09-09T22:12:24:     at Layer.handle [as handle_request] (/Users/gautamkumar/ST/techreel/backend/node_modules/express/lib/router/layer.js:95:5)
2025-09-09T22:12:24:     at next (/Users/gautamkumar/ST/techreel/backend/node_modules/express/lib/router/route.js:149:13)
2025-09-09T22:12:24:     at Route.dispatch (/Users/gautamkumar/ST/techreel/backend/node_modules/express/lib/router/route.js:119:3)
2025-09-09T22:12:24:     at Layer.handle [as handle_request] (/Users/gautamkumar/ST/techreel/backend/node_modules/express/lib/router/layer.js:95:5)
2025-09-09T22:12:24:     at /Users/gautamkumar/ST/techreel/backend/node_modules/express/lib/router/index.js:284:15
2025-09-09T22:12:24:     at Function.process_params (/Users/gautamkumar/ST/techreel/backend/node_modules/express/lib/router/index.js:346:12)
2025-09-09T22:12:24:     at next (/Users/gautamkumar/ST/techreel/backend/node_modules/express/lib/router/index.js:280:10)
2025-09-09T22:12:24:     at Function.handle (/Users/gautamkumar/ST/techreel/backend/node_modules/express/lib/router/index.js:175:3)
2025-09-09T22:12:24:     at router (/Users/gautamkumar/ST/techreel/backend/node_modules/express/lib/router/index.js:47:12)
2025-09-09T22:12:24: Feed error: TypeError: Class constructor ObjectId cannot be invoked without 'new'
2025-09-09T22:12:24:     at /Users/gautamkumar/ST/techreel/backend/src/routes/postRoutes.js:120:48
2025-09-09T22:12:24:     at process.processTicksAndRejections (node:internal/process/task_queues:95:5)
2025-09-09T22:12:24: Feed error: TypeError: Class constructor ObjectId cannot be invoked without 'new'
2025-09-09T22:12:24:     at /Users/gautamkumar/ST/techreel/backend/src/routes/postRoutes.js:120:48
2025-09-09T22:12:24:     at process.processTicksAndRejections (node:internal/process/task_queues:95:5)
2025-09-09T22:12:35: Global feed error: TypeError: Class constructor ObjectId cannot be invoked without 'new'
2025-09-09T22:12:35:     at /Users/gautamkumar/ST/techreel/backend/src/routes/postRoutes.js:220:40
2025-09-09T22:12:35:     at Layer.handle [as handle_request] (/Users/gautamkumar/ST/techreel/backend/node_modules/express/lib/router/layer.js:95:5)
2025-09-09T22:12:35:     at next (/Users/gautamkumar/ST/techreel/backend/node_modules/express/lib/router/route.js:149:13)
2025-09-09T22:12:35:     at Route.dispatch (/Users/gautamkumar/ST/techreel/backend/node_modules/express/lib/router/route.js:119:3)
2025-09-09T22:12:35:     at Layer.handle [as handle_request] (/Users/gautamkumar/ST/techreel/backend/node_modules/express/lib/router/layer.js:95:5)
2025-09-09T22:12:35:     at /Users/gautamkumar/ST/techreel/backend/node_modules/express/lib/router/index.js:284:15
2025-09-09T22:12:35:     at Function.process_params (/Users/gautamkumar/ST/techreel/backend/node_modules/express/lib/router/index.js:346:12)
2025-09-09T22:12:35:     at next (/Users/gautamkumar/ST/techreel/backend/node_modules/express/lib/router/index.js:280:10)
2025-09-09T22:12:35:     at Function.handle (/Users/gautamkumar/ST/techreel/backend/node_modules/express/lib/router/index.js:175:3)
2025-09-09T22:12:35:     at router (/Users/gautamkumar/ST/techreel/backend/node_modules/express/lib/router/index.js:47:12)
2025-09-09T22:12:35: Global feed error: TypeError: Class constructor ObjectId cannot be invoked without 'new'
2025-09-09T22:12:35:     at /Users/gautamkumar/ST/techreel/backend/src/routes/postRoutes.js:220:40
2025-09-09T22:12:35:     at Layer.handle [as handle_request] (/Users/gautamkumar/ST/techreel/backend/node_modules/express/lib/router/layer.js:95:5)
2025-09-09T22:12:35:     at next (/Users/gautamkumar/ST/techreel/backend/node_modules/express/lib/router/route.js:149:13)
2025-09-09T22:12:35:     at Route.dispatch (/Users/gautamkumar/ST/techreel/backend/node_modules/express/lib/router/route.js:119:3)
2025-09-09T22:12:35:     at Layer.handle [as handle_request] (/Users/gautamkumar/ST/techreel/backend/node_modules/express/lib/router/layer.js:95:5)
2025-09-09T22:12:35:     at /Users/gautamkumar/ST/techreel/backend/node_modules/express/lib/router/index.js:284:15
2025-09-09T22:12:35:     at Function.process_params (/Users/gautamkumar/ST/techreel/backend/node_modules/express/lib/router/index.js:346:12)
2025-09-09T22:12:35:     at next (/Users/gautamkumar/ST/techreel/backend/node_modules/express/lib/router/index.js:280:10)
2025-09-09T22:12:35:     at Function.handle (/Users/gautamkumar/ST/techreel/backend/node_modules/express/lib/router/index.js:175:3)
2025-09-09T22:12:35:     at router (/Users/gautamkumar/ST/techreel/backend/node_modules/express/lib/router/index.js:47:12)
2025-09-09T22:12:36: Feed error: TypeError: Class constructor ObjectId cannot be invoked without 'new'
2025-09-09T22:12:36:     at /Users/gautamkumar/ST/techreel/backend/src/routes/postRoutes.js:120:48
2025-09-09T22:12:36:     at process.processTicksAndRejections (node:internal/process/task_queues:95:5)
2025-09-09T22:12:36: Feed error: TypeError: Class constructor ObjectId cannot be invoked without 'new'
2025-09-09T22:12:36:     at /Users/gautamkumar/ST/techreel/backend/src/routes/postRoutes.js:120:48
2025-09-09T22:12:36:     at process.processTicksAndRejections (node:internal/process/task_queues:95:5)
2025-09-09T22:12:48: Global feed error: TypeError: Class constructor ObjectId cannot be invoked without 'new'
2025-09-09T22:12:48:     at /Users/gautamkumar/ST/techreel/backend/src/routes/postRoutes.js:220:40
2025-09-09T22:12:48:     at Layer.handle [as handle_request] (/Users/gautamkumar/ST/techreel/backend/node_modules/express/lib/router/layer.js:95:5)
2025-09-09T22:12:48:     at next (/Users/gautamkumar/ST/techreel/backend/node_modules/express/lib/router/route.js:149:13)
2025-09-09T22:12:48:     at Route.dispatch (/Users/gautamkumar/ST/techreel/backend/node_modules/express/lib/router/route.js:119:3)
2025-09-09T22:12:48:     at Layer.handle [as handle_request] (/Users/gautamkumar/ST/techreel/backend/node_modules/express/lib/router/layer.js:95:5)
2025-09-09T22:12:48:     at /Users/gautamkumar/ST/techreel/backend/node_modules/express/lib/router/index.js:284:15
2025-09-09T22:12:48:     at Function.process_params (/Users/gautamkumar/ST/techreel/backend/node_modules/express/lib/router/index.js:346:12)
2025-09-09T22:12:48:     at next (/Users/gautamkumar/ST/techreel/backend/node_modules/express/lib/router/index.js:280:10)
2025-09-09T22:12:48:     at Function.handle (/Users/gautamkumar/ST/techreel/backend/node_modules/express/lib/router/index.js:175:3)
2025-09-09T22:12:48:     at router (/Users/gautamkumar/ST/techreel/backend/node_modules/express/lib/router/index.js:47:12)
2025-09-09T22:12:48: Global feed error: TypeError: Class constructor ObjectId cannot be invoked without 'new'
2025-09-09T22:12:48:     at /Users/gautamkumar/ST/techreel/backend/src/routes/postRoutes.js:220:40
2025-09-09T22:12:48:     at Layer.handle [as handle_request] (/Users/gautamkumar/ST/techreel/backend/node_modules/express/lib/router/layer.js:95:5)
2025-09-09T22:12:48:     at next (/Users/gautamkumar/ST/techreel/backend/node_modules/express/lib/router/route.js:149:13)
2025-09-09T22:12:48:     at Route.dispatch (/Users/gautamkumar/ST/techreel/backend/node_modules/express/lib/router/route.js:119:3)
2025-09-09T22:12:48:     at Layer.handle [as handle_request] (/Users/gautamkumar/ST/techreel/backend/node_modules/express/lib/router/layer.js:95:5)
2025-09-09T22:12:48:     at /Users/gautamkumar/ST/techreel/backend/node_modules/express/lib/router/index.js:284:15
2025-09-09T22:12:48:     at Function.process_params (/Users/gautamkumar/ST/techreel/backend/node_modules/express/lib/router/index.js:346:12)
2025-09-09T22:12:48:     at next (/Users/gautamkumar/ST/techreel/backend/node_modules/express/lib/router/index.js:280:10)
2025-09-09T22:12:48:     at Function.handle (/Users/gautamkumar/ST/techreel/backend/node_modules/express/lib/router/index.js:175:3)
2025-09-09T22:12:48:     at router (/Users/gautamkumar/ST/techreel/backend/node_modules/express/lib/router/index.js:47:12)
2025-09-09T22:12:48: Feed error: TypeError: Class constructor ObjectId cannot be invoked without 'new'
2025-09-09T22:12:48:     at /Users/gautamkumar/ST/techreel/backend/src/routes/postRoutes.js:120:48
2025-09-09T22:12:48:     at process.processTicksAndRejections (node:internal/process/task_queues:95:5)
2025-09-09T22:12:48: Feed error: TypeError: Class constructor ObjectId cannot be invoked without 'new'
2025-09-09T22:12:48:     at /Users/gautamkumar/ST/techreel/backend/src/routes/postRoutes.js:120:48
2025-09-09T22:12:48:     at process.processTicksAndRejections (node:internal/process/task_queues:95:5)
2025-09-09T22:12:55: Global feed error: TypeError: Class constructor ObjectId cannot be invoked without 'new'
2025-09-09T22:12:55:     at /Users/gautamkumar/ST/techreel/backend/src/routes/postRoutes.js:220:40
2025-09-09T22:12:55:     at Layer.handle [as handle_request] (/Users/gautamkumar/ST/techreel/backend/node_modules/express/lib/router/layer.js:95:5)
2025-09-09T22:12:55:     at next (/Users/gautamkumar/ST/techreel/backend/node_modules/express/lib/router/route.js:149:13)
2025-09-09T22:12:55:     at Route.dispatch (/Users/gautamkumar/ST/techreel/backend/node_modules/express/lib/router/route.js:119:3)
2025-09-09T22:12:55:     at Layer.handle [as handle_request] (/Users/gautamkumar/ST/techreel/backend/node_modules/express/lib/router/layer.js:95:5)
2025-09-09T22:12:55:     at /Users/gautamkumar/ST/techreel/backend/node_modules/express/lib/router/index.js:284:15
2025-09-09T22:12:55:     at Function.process_params (/Users/gautamkumar/ST/techreel/backend/node_modules/express/lib/router/index.js:346:12)
2025-09-09T22:12:55:     at next (/Users/gautamkumar/ST/techreel/backend/node_modules/express/lib/router/index.js:280:10)
2025-09-09T22:12:55:     at Function.handle (/Users/gautamkumar/ST/techreel/backend/node_modules/express/lib/router/index.js:175:3)
2025-09-09T22:12:55:     at router (/Users/gautamkumar/ST/techreel/backend/node_modules/express/lib/router/index.js:47:12)
2025-09-09T22:12:55: Global feed error: TypeError: Class constructor ObjectId cannot be invoked without 'new'
2025-09-09T22:12:55:     at /Users/gautamkumar/ST/techreel/backend/src/routes/postRoutes.js:220:40
2025-09-09T22:12:55:     at Layer.handle [as handle_request] (/Users/gautamkumar/ST/techreel/backend/node_modules/express/lib/router/layer.js:95:5)
2025-09-09T22:12:55:     at next (/Users/gautamkumar/ST/techreel/backend/node_modules/express/lib/router/route.js:149:13)
2025-09-09T22:12:55:     at Route.dispatch (/Users/gautamkumar/ST/techreel/backend/node_modules/express/lib/router/route.js:119:3)
2025-09-09T22:12:55:     at Layer.handle [as handle_request] (/Users/gautamkumar/ST/techreel/backend/node_modules/express/lib/router/layer.js:95:5)
2025-09-09T22:12:55:     at /Users/gautamkumar/ST/techreel/backend/node_modules/express/lib/router/index.js:284:15
2025-09-09T22:12:55:     at Function.process_params (/Users/gautamkumar/ST/techreel/backend/node_modules/express/lib/router/index.js:346:12)
2025-09-09T22:12:55:     at next (/Users/gautamkumar/ST/techreel/backend/node_modules/express/lib/router/index.js:280:10)
2025-09-09T22:12:55:     at Function.handle (/Users/gautamkumar/ST/techreel/backend/node_modules/express/lib/router/index.js:175:3)
2025-09-09T22:12:55:     at router (/Users/gautamkumar/ST/techreel/backend/node_modules/express/lib/router/index.js:47:12)
2025-09-09T22:12:55: Feed error: TypeError: Class constructor ObjectId cannot be invoked without 'new'
2025-09-09T22:12:55:     at /Users/gautamkumar/ST/techreel/backend/src/routes/postRoutes.js:120:48
2025-09-09T22:12:55:     at process.processTicksAndRejections (node:internal/process/task_queues:95:5)
2025-09-09T22:12:55: Feed error: TypeError: Class constructor ObjectId cannot be invoked without 'new'
2025-09-09T22:12:55:     at /Users/gautamkumar/ST/techreel/backend/src/routes/postRoutes.js:120:48
2025-09-09T22:12:55:     at process.processTicksAndRejections (node:internal/process/task_queues:95:5)
2025-09-10T12:35:15: Global feed error: TypeError: Class constructor ObjectId cannot be invoked without 'new'
2025-09-10T12:35:15:     at /Users/gautamkumar/ST/techreel/backend/src/routes/postRoutes.js:220:40
2025-09-10T12:35:15:     at Layer.handle [as handle_request] (/Users/gautamkumar/ST/techreel/backend/node_modules/express/lib/router/layer.js:95:5)
2025-09-10T12:35:15:     at next (/Users/gautamkumar/ST/techreel/backend/node_modules/express/lib/router/route.js:149:13)
2025-09-10T12:35:15:     at Route.dispatch (/Users/gautamkumar/ST/techreel/backend/node_modules/express/lib/router/route.js:119:3)
2025-09-10T12:35:15:     at Layer.handle [as handle_request] (/Users/gautamkumar/ST/techreel/backend/node_modules/express/lib/router/layer.js:95:5)
2025-09-10T12:35:15:     at /Users/gautamkumar/ST/techreel/backend/node_modules/express/lib/router/index.js:284:15
2025-09-10T12:35:15:     at Function.process_params (/Users/gautamkumar/ST/techreel/backend/node_modules/express/lib/router/index.js:346:12)
2025-09-10T12:35:15:     at next (/Users/gautamkumar/ST/techreel/backend/node_modules/express/lib/router/index.js:280:10)
2025-09-10T12:35:15:     at Function.handle (/Users/gautamkumar/ST/techreel/backend/node_modules/express/lib/router/index.js:175:3)
2025-09-10T12:35:15:     at router (/Users/gautamkumar/ST/techreel/backend/node_modules/express/lib/router/index.js:47:12)
2025-09-10T12:35:15: Global feed error: TypeError: Class constructor ObjectId cannot be invoked without 'new'
2025-09-10T12:35:15:     at /Users/gautamkumar/ST/techreel/backend/src/routes/postRoutes.js:220:40
2025-09-10T12:35:15:     at Layer.handle [as handle_request] (/Users/gautamkumar/ST/techreel/backend/node_modules/express/lib/router/layer.js:95:5)
2025-09-10T12:35:15:     at next (/Users/gautamkumar/ST/techreel/backend/node_modules/express/lib/router/route.js:149:13)
2025-09-10T12:35:15:     at Route.dispatch (/Users/gautamkumar/ST/techreel/backend/node_modules/express/lib/router/route.js:119:3)
2025-09-10T12:35:15:     at Layer.handle [as handle_request] (/Users/gautamkumar/ST/techreel/backend/node_modules/express/lib/router/layer.js:95:5)
2025-09-10T12:35:15:     at /Users/gautamkumar/ST/techreel/backend/node_modules/express/lib/router/index.js:284:15
2025-09-10T12:35:15:     at Function.process_params (/Users/gautamkumar/ST/techreel/backend/node_modules/express/lib/router/index.js:346:12)
2025-09-10T12:35:15:     at next (/Users/gautamkumar/ST/techreel/backend/node_modules/express/lib/router/index.js:280:10)
2025-09-10T12:35:15:     at Function.handle (/Users/gautamkumar/ST/techreel/backend/node_modules/express/lib/router/index.js:175:3)
2025-09-10T12:35:15:     at router (/Users/gautamkumar/ST/techreel/backend/node_modules/express/lib/router/index.js:47:12)
2025-09-10T12:35:15: Feed error: TypeError: Class constructor ObjectId cannot be invoked without 'new'
2025-09-10T12:35:15:     at /Users/gautamkumar/ST/techreel/backend/src/routes/postRoutes.js:120:48
2025-09-10T12:35:15:     at process.processTicksAndRejections (node:internal/process/task_queues:95:5)
2025-09-10T12:35:15: Feed error: TypeError: Class constructor ObjectId cannot be invoked without 'new'
2025-09-10T12:35:15:     at /Users/gautamkumar/ST/techreel/backend/src/routes/postRoutes.js:120:48
2025-09-10T12:35:15:     at process.processTicksAndRejections (node:internal/process/task_queues:95:5)
2025-09-11T02:19:21: Global feed error: TypeError: Class constructor ObjectId cannot be invoked without 'new'
2025-09-11T02:19:21:     at /Users/gautamkumar/ST/techreel/backend/src/routes/postRoutes.js:220:40
2025-09-11T02:19:21:     at Layer.handle [as handle_request] (/Users/gautamkumar/ST/techreel/backend/node_modules/express/lib/router/layer.js:95:5)
2025-09-11T02:19:21:     at next (/Users/gautamkumar/ST/techreel/backend/node_modules/express/lib/router/route.js:149:13)
2025-09-11T02:19:21:     at Route.dispatch (/Users/gautamkumar/ST/techreel/backend/node_modules/express/lib/router/route.js:119:3)
2025-09-11T02:19:21:     at Layer.handle [as handle_request] (/Users/gautamkumar/ST/techreel/backend/node_modules/express/lib/router/layer.js:95:5)
2025-09-11T02:19:21:     at /Users/gautamkumar/ST/techreel/backend/node_modules/express/lib/router/index.js:284:15
2025-09-11T02:19:21:     at Function.process_params (/Users/gautamkumar/ST/techreel/backend/node_modules/express/lib/router/index.js:346:12)
2025-09-11T02:19:21:     at next (/Users/gautamkumar/ST/techreel/backend/node_modules/express/lib/router/index.js:280:10)
2025-09-11T02:19:21:     at Function.handle (/Users/gautamkumar/ST/techreel/backend/node_modules/express/lib/router/index.js:175:3)
2025-09-11T02:19:21:     at router (/Users/gautamkumar/ST/techreel/backend/node_modules/express/lib/router/index.js:47:12)
2025-09-11T02:19:21: Global feed error: TypeError: Class constructor ObjectId cannot be invoked without 'new'
2025-09-11T02:19:21:     at /Users/gautamkumar/ST/techreel/backend/src/routes/postRoutes.js:220:40
2025-09-11T02:19:21:     at Layer.handle [as handle_request] (/Users/gautamkumar/ST/techreel/backend/node_modules/express/lib/router/layer.js:95:5)
2025-09-11T02:19:21:     at next (/Users/gautamkumar/ST/techreel/backend/node_modules/express/lib/router/route.js:149:13)
2025-09-11T02:19:21:     at Route.dispatch (/Users/gautamkumar/ST/techreel/backend/node_modules/express/lib/router/route.js:119:3)
2025-09-11T02:19:21:     at Layer.handle [as handle_request] (/Users/gautamkumar/ST/techreel/backend/node_modules/express/lib/router/layer.js:95:5)
2025-09-11T02:19:21:     at /Users/gautamkumar/ST/techreel/backend/node_modules/express/lib/router/index.js:284:15
2025-09-11T02:19:21:     at Function.process_params (/Users/gautamkumar/ST/techreel/backend/node_modules/express/lib/router/index.js:346:12)
2025-09-11T02:19:21:     at next (/Users/gautamkumar/ST/techreel/backend/node_modules/express/lib/router/index.js:280:10)
2025-09-11T02:19:21:     at Function.handle (/Users/gautamkumar/ST/techreel/backend/node_modules/express/lib/router/index.js:175:3)
2025-09-11T02:19:21:     at router (/Users/gautamkumar/ST/techreel/backend/node_modules/express/lib/router/index.js:47:12)
2025-09-11T02:19:22: Feed error: TypeError: Class constructor ObjectId cannot be invoked without 'new'
2025-09-11T02:19:22:     at /Users/gautamkumar/ST/techreel/backend/src/routes/postRoutes.js:120:48
2025-09-11T02:19:22:     at process.processTicksAndRejections (node:internal/process/task_queues:95:5)
2025-09-11T02:19:23: Feed error: TypeError: Class constructor ObjectId cannot be invoked without 'new'
2025-09-11T02:19:23:     at /Users/gautamkumar/ST/techreel/backend/src/routes/postRoutes.js:120:48
2025-09-11T02:19:23:     at process.processTicksAndRejections (node:internal/process/task_queues:95:5)
2025-09-11T02:19:53: Global feed error: TypeError: Class constructor ObjectId cannot be invoked without 'new'
2025-09-11T02:19:53:     at /Users/gautamkumar/ST/techreel/backend/src/routes/postRoutes.js:220:40
2025-09-11T02:19:53:     at Layer.handle [as handle_request] (/Users/gautamkumar/ST/techreel/backend/node_modules/express/lib/router/layer.js:95:5)
2025-09-11T02:19:53:     at next (/Users/gautamkumar/ST/techreel/backend/node_modules/express/lib/router/route.js:149:13)
2025-09-11T02:19:53:     at Route.dispatch (/Users/gautamkumar/ST/techreel/backend/node_modules/express/lib/router/route.js:119:3)
2025-09-11T02:19:53:     at Layer.handle [as handle_request] (/Users/gautamkumar/ST/techreel/backend/node_modules/express/lib/router/layer.js:95:5)
2025-09-11T02:19:53:     at /Users/gautamkumar/ST/techreel/backend/node_modules/express/lib/router/index.js:284:15
2025-09-11T02:19:53:     at Function.process_params (/Users/gautamkumar/ST/techreel/backend/node_modules/express/lib/router/index.js:346:12)
2025-09-11T02:19:53:     at next (/Users/gautamkumar/ST/techreel/backend/node_modules/express/lib/router/index.js:280:10)
2025-09-11T02:19:53:     at Function.handle (/Users/gautamkumar/ST/techreel/backend/node_modules/express/lib/router/index.js:175:3)
2025-09-11T02:19:53:     at router (/Users/gautamkumar/ST/techreel/backend/node_modules/express/lib/router/index.js:47:12)
2025-09-11T02:19:53: Global feed error: TypeError: Class constructor ObjectId cannot be invoked without 'new'
2025-09-11T02:19:53:     at /Users/gautamkumar/ST/techreel/backend/src/routes/postRoutes.js:220:40
2025-09-11T02:19:53:     at Layer.handle [as handle_request] (/Users/gautamkumar/ST/techreel/backend/node_modules/express/lib/router/layer.js:95:5)
2025-09-11T02:19:53:     at next (/Users/gautamkumar/ST/techreel/backend/node_modules/express/lib/router/route.js:149:13)
2025-09-11T02:19:53:     at Route.dispatch (/Users/gautamkumar/ST/techreel/backend/node_modules/express/lib/router/route.js:119:3)
2025-09-11T02:19:53:     at Layer.handle [as handle_request] (/Users/gautamkumar/ST/techreel/backend/node_modules/express/lib/router/layer.js:95:5)
2025-09-11T02:19:53:     at /Users/gautamkumar/ST/techreel/backend/node_modules/express/lib/router/index.js:284:15
2025-09-11T02:19:53:     at Function.process_params (/Users/gautamkumar/ST/techreel/backend/node_modules/express/lib/router/index.js:346:12)
2025-09-11T02:19:53:     at next (/Users/gautamkumar/ST/techreel/backend/node_modules/express/lib/router/index.js:280:10)
2025-09-11T02:19:53:     at Function.handle (/Users/gautamkumar/ST/techreel/backend/node_modules/express/lib/router/index.js:175:3)
2025-09-11T02:19:53:     at router (/Users/gautamkumar/ST/techreel/backend/node_modules/express/lib/router/index.js:47:12)
2025-09-11T02:19:53: Feed error: TypeError: Class constructor ObjectId cannot be invoked without 'new'
2025-09-11T02:19:53:     at /Users/gautamkumar/ST/techreel/backend/src/routes/postRoutes.js:120:48
2025-09-11T02:19:53:     at process.processTicksAndRejections (node:internal/process/task_queues:95:5)
2025-09-11T02:19:53: Feed error: TypeError: Class constructor ObjectId cannot be invoked without 'new'
2025-09-11T02:19:53:     at /Users/gautamkumar/ST/techreel/backend/src/routes/postRoutes.js:120:48
2025-09-11T02:19:53:     at process.processTicksAndRejections (node:internal/process/task_queues:95:5)
2025-09-11T03:51:34: Global feed error: TypeError: Class constructor ObjectId cannot be invoked without 'new'
2025-09-11T03:51:34:     at /Users/gautamkumar/ST/techreel/backend/src/routes/postRoutes.js:220:40
2025-09-11T03:51:34:     at Layer.handle [as handle_request] (/Users/gautamkumar/ST/techreel/backend/node_modules/express/lib/router/layer.js:95:5)
2025-09-11T03:51:34:     at next (/Users/gautamkumar/ST/techreel/backend/node_modules/express/lib/router/route.js:149:13)
2025-09-11T03:51:34:     at Route.dispatch (/Users/gautamkumar/ST/techreel/backend/node_modules/express/lib/router/route.js:119:3)
2025-09-11T03:51:34:     at Layer.handle [as handle_request] (/Users/gautamkumar/ST/techreel/backend/node_modules/express/lib/router/layer.js:95:5)
2025-09-11T03:51:34:     at /Users/gautamkumar/ST/techreel/backend/node_modules/express/lib/router/index.js:284:15
2025-09-11T03:51:34:     at Function.process_params (/Users/gautamkumar/ST/techreel/backend/node_modules/express/lib/router/index.js:346:12)
2025-09-11T03:51:34:     at next (/Users/gautamkumar/ST/techreel/backend/node_modules/express/lib/router/index.js:280:10)
2025-09-11T03:51:34:     at Function.handle (/Users/gautamkumar/ST/techreel/backend/node_modules/express/lib/router/index.js:175:3)
2025-09-11T03:51:34:     at router (/Users/gautamkumar/ST/techreel/backend/node_modules/express/lib/router/index.js:47:12)
2025-09-11T03:51:34: Feed error: TypeError: Class constructor ObjectId cannot be invoked without 'new'
2025-09-11T03:51:34:     at /Users/gautamkumar/ST/techreel/backend/src/routes/postRoutes.js:120:48
2025-09-11T03:51:34:     at process.processTicksAndRejections (node:internal/process/task_queues:95:5)
2025-09-11T03:55:46: Global feed error: TypeError: Class constructor ObjectId cannot be invoked without 'new'
2025-09-11T03:55:46:     at /Users/gautamkumar/ST/techreel/backend/src/routes/postRoutes.js:220:40
2025-09-11T03:55:46:     at Layer.handle [as handle_request] (/Users/gautamkumar/ST/techreel/backend/node_modules/express/lib/router/layer.js:95:5)
2025-09-11T03:55:46:     at next (/Users/gautamkumar/ST/techreel/backend/node_modules/express/lib/router/route.js:149:13)
2025-09-11T03:55:46:     at Route.dispatch (/Users/gautamkumar/ST/techreel/backend/node_modules/express/lib/router/route.js:119:3)
2025-09-11T03:55:46:     at Layer.handle [as handle_request] (/Users/gautamkumar/ST/techreel/backend/node_modules/express/lib/router/layer.js:95:5)
2025-09-11T03:55:46:     at /Users/gautamkumar/ST/techreel/backend/node_modules/express/lib/router/index.js:284:15
2025-09-11T03:55:46:     at Function.process_params (/Users/gautamkumar/ST/techreel/backend/node_modules/express/lib/router/index.js:346:12)
2025-09-11T03:55:46:     at next (/Users/gautamkumar/ST/techreel/backend/node_modules/express/lib/router/index.js:280:10)
2025-09-11T03:55:46:     at Function.handle (/Users/gautamkumar/ST/techreel/backend/node_modules/express/lib/router/index.js:175:3)
2025-09-11T03:55:46:     at router (/Users/gautamkumar/ST/techreel/backend/node_modules/express/lib/router/index.js:47:12)
2025-09-11T03:55:46: Feed error: TypeError: Class constructor ObjectId cannot be invoked without 'new'
2025-09-11T03:55:46:     at /Users/gautamkumar/ST/techreel/backend/src/routes/postRoutes.js:120:48
2025-09-11T03:55:46:     at process.processTicksAndRejections (node:internal/process/task_queues:95:5)
2025-09-11T03:55:54: Global feed error: TypeError: Class constructor ObjectId cannot be invoked without 'new'
2025-09-11T03:55:54:     at /Users/gautamkumar/ST/techreel/backend/src/routes/postRoutes.js:220:40
2025-09-11T03:55:54:     at Layer.handle [as handle_request] (/Users/gautamkumar/ST/techreel/backend/node_modules/express/lib/router/layer.js:95:5)
2025-09-11T03:55:54:     at next (/Users/gautamkumar/ST/techreel/backend/node_modules/express/lib/router/route.js:149:13)
2025-09-11T03:55:54:     at Route.dispatch (/Users/gautamkumar/ST/techreel/backend/node_modules/express/lib/router/route.js:119:3)
2025-09-11T03:55:54:     at Layer.handle [as handle_request] (/Users/gautamkumar/ST/techreel/backend/node_modules/express/lib/router/layer.js:95:5)
2025-09-11T03:55:54:     at /Users/gautamkumar/ST/techreel/backend/node_modules/express/lib/router/index.js:284:15
2025-09-11T03:55:54:     at Function.process_params (/Users/gautamkumar/ST/techreel/backend/node_modules/express/lib/router/index.js:346:12)
2025-09-11T03:55:54:     at next (/Users/gautamkumar/ST/techreel/backend/node_modules/express/lib/router/index.js:280:10)
2025-09-11T03:55:54:     at Function.handle (/Users/gautamkumar/ST/techreel/backend/node_modules/express/lib/router/index.js:175:3)
2025-09-11T03:55:54:     at router (/Users/gautamkumar/ST/techreel/backend/node_modules/express/lib/router/index.js:47:12)
2025-09-11T03:55:54: Feed error: TypeError: Class constructor ObjectId cannot be invoked without 'new'
2025-09-11T03:55:54:     at /Users/gautamkumar/ST/techreel/backend/src/routes/postRoutes.js:120:48
2025-09-11T03:55:54:     at process.processTicksAndRejections (node:internal/process/task_queues:95:5)
2025-09-11T04:05:24: Global feed error: TypeError: Class constructor ObjectId cannot be invoked without 'new'
2025-09-11T04:05:24:     at /Users/gautamkumar/ST/techreel/backend/src/routes/postRoutes.js:220:40
2025-09-11T04:05:24:     at Layer.handle [as handle_request] (/Users/gautamkumar/ST/techreel/backend/node_modules/express/lib/router/layer.js:95:5)
2025-09-11T04:05:24:     at next (/Users/gautamkumar/ST/techreel/backend/node_modules/express/lib/router/route.js:149:13)
2025-09-11T04:05:24:     at Route.dispatch (/Users/gautamkumar/ST/techreel/backend/node_modules/express/lib/router/route.js:119:3)
2025-09-11T04:05:24:     at Layer.handle [as handle_request] (/Users/gautamkumar/ST/techreel/backend/node_modules/express/lib/router/layer.js:95:5)
2025-09-11T04:05:24:     at /Users/gautamkumar/ST/techreel/backend/node_modules/express/lib/router/index.js:284:15
2025-09-11T04:05:24:     at Function.process_params (/Users/gautamkumar/ST/techreel/backend/node_modules/express/lib/router/index.js:346:12)
2025-09-11T04:05:24:     at next (/Users/gautamkumar/ST/techreel/backend/node_modules/express/lib/router/index.js:280:10)
2025-09-11T04:05:24:     at Function.handle (/Users/gautamkumar/ST/techreel/backend/node_modules/express/lib/router/index.js:175:3)
2025-09-11T04:05:24:     at router (/Users/gautamkumar/ST/techreel/backend/node_modules/express/lib/router/index.js:47:12)
2025-09-11T04:05:24: Feed error: TypeError: Class constructor ObjectId cannot be invoked without 'new'
2025-09-11T04:05:24:     at /Users/gautamkumar/ST/techreel/backend/src/routes/postRoutes.js:120:48
2025-09-11T04:05:24:     at process.processTicksAndRejections (node:internal/process/task_queues:95:5)
2025-09-11T04:09:56: Global feed error: TypeError: Class constructor ObjectId cannot be invoked without 'new'
2025-09-11T04:09:56:     at /Users/gautamkumar/ST/techreel/backend/src/routes/postRoutes.js:220:40
2025-09-11T04:09:56:     at Layer.handle [as handle_request] (/Users/gautamkumar/ST/techreel/backend/node_modules/express/lib/router/layer.js:95:5)
2025-09-11T04:09:56:     at next (/Users/gautamkumar/ST/techreel/backend/node_modules/express/lib/router/route.js:149:13)
2025-09-11T04:09:56:     at Route.dispatch (/Users/gautamkumar/ST/techreel/backend/node_modules/express/lib/router/route.js:119:3)
2025-09-11T04:09:56:     at Layer.handle [as handle_request] (/Users/gautamkumar/ST/techreel/backend/node_modules/express/lib/router/layer.js:95:5)
2025-09-11T04:09:56:     at /Users/gautamkumar/ST/techreel/backend/node_modules/express/lib/router/index.js:284:15
2025-09-11T04:09:56:     at Function.process_params (/Users/gautamkumar/ST/techreel/backend/node_modules/express/lib/router/index.js:346:12)
2025-09-11T04:09:56:     at next (/Users/gautamkumar/ST/techreel/backend/node_modules/express/lib/router/index.js:280:10)
2025-09-11T04:09:56:     at Function.handle (/Users/gautamkumar/ST/techreel/backend/node_modules/express/lib/router/index.js:175:3)
2025-09-11T04:09:56:     at router (/Users/gautamkumar/ST/techreel/backend/node_modules/express/lib/router/index.js:47:12)
2025-09-11T04:09:56: Feed error: TypeError: Class constructor ObjectId cannot be invoked without 'new'
2025-09-11T04:09:56:     at /Users/gautamkumar/ST/techreel/backend/src/routes/postRoutes.js:120:48
2025-09-11T04:09:56:     at process.processTicksAndRejections (node:internal/process/task_queues:95:5)
2025-09-11T04:12:06: Global feed error: TypeError: Class constructor ObjectId cannot be invoked without 'new'
2025-09-11T04:12:06:     at /Users/gautamkumar/ST/techreel/backend/src/routes/postRoutes.js:220:40
2025-09-11T04:12:06:     at Layer.handle [as handle_request] (/Users/gautamkumar/ST/techreel/backend/node_modules/express/lib/router/layer.js:95:5)
2025-09-11T04:12:06:     at next (/Users/gautamkumar/ST/techreel/backend/node_modules/express/lib/router/route.js:149:13)
2025-09-11T04:12:06:     at Route.dispatch (/Users/gautamkumar/ST/techreel/backend/node_modules/express/lib/router/route.js:119:3)
2025-09-11T04:12:06:     at Layer.handle [as handle_request] (/Users/gautamkumar/ST/techreel/backend/node_modules/express/lib/router/layer.js:95:5)
2025-09-11T04:12:06:     at /Users/gautamkumar/ST/techreel/backend/node_modules/express/lib/router/index.js:284:15
2025-09-11T04:12:06:     at Function.process_params (/Users/gautamkumar/ST/techreel/backend/node_modules/express/lib/router/index.js:346:12)
2025-09-11T04:12:06:     at next (/Users/gautamkumar/ST/techreel/backend/node_modules/express/lib/router/index.js:280:10)
2025-09-11T04:12:06:     at Function.handle (/Users/gautamkumar/ST/techreel/backend/node_modules/express/lib/router/index.js:175:3)
2025-09-11T04:12:06:     at router (/Users/gautamkumar/ST/techreel/backend/node_modules/express/lib/router/index.js:47:12)
2025-09-11T04:12:06: Feed error: TypeError: Class constructor ObjectId cannot be invoked without 'new'
2025-09-11T04:12:06:     at /Users/gautamkumar/ST/techreel/backend/src/routes/postRoutes.js:120:48
2025-09-11T04:12:06:     at process.processTicksAndRejections (node:internal/process/task_queues:95:5)
2025-09-11T04:21:00: Global feed error: TypeError: Class constructor ObjectId cannot be invoked without 'new'
2025-09-11T04:21:00:     at /Users/gautamkumar/ST/techreel/backend/src/routes/postRoutes.js:220:40
2025-09-11T04:21:00:     at Layer.handle [as handle_request] (/Users/gautamkumar/ST/techreel/backend/node_modules/express/lib/router/layer.js:95:5)
2025-09-11T04:21:00:     at next (/Users/gautamkumar/ST/techreel/backend/node_modules/express/lib/router/route.js:149:13)
2025-09-11T04:21:00:     at Route.dispatch (/Users/gautamkumar/ST/techreel/backend/node_modules/express/lib/router/route.js:119:3)
2025-09-11T04:21:00:     at Layer.handle [as handle_request] (/Users/gautamkumar/ST/techreel/backend/node_modules/express/lib/router/layer.js:95:5)
2025-09-11T04:21:00:     at /Users/gautamkumar/ST/techreel/backend/node_modules/express/lib/router/index.js:284:15
2025-09-11T04:21:00:     at Function.process_params (/Users/gautamkumar/ST/techreel/backend/node_modules/express/lib/router/index.js:346:12)
2025-09-11T04:21:00:     at next (/Users/gautamkumar/ST/techreel/backend/node_modules/express/lib/router/index.js:280:10)
2025-09-11T04:21:00:     at Function.handle (/Users/gautamkumar/ST/techreel/backend/node_modules/express/lib/router/index.js:175:3)
2025-09-11T04:21:00:     at router (/Users/gautamkumar/ST/techreel/backend/node_modules/express/lib/router/index.js:47:12)
2025-09-11T04:21:00: Feed error: TypeError: Class constructor ObjectId cannot be invoked without 'new'
2025-09-11T04:21:00:     at /Users/gautamkumar/ST/techreel/backend/src/routes/postRoutes.js:120:48
2025-09-11T04:21:00:     at process.processTicksAndRejections (node:internal/process/task_queues:95:5)
2025-09-11T04:21:48: Global feed error: TypeError: Class constructor ObjectId cannot be invoked without 'new'
2025-09-11T04:21:48:     at /Users/gautamkumar/ST/techreel/backend/src/routes/postRoutes.js:220:40
2025-09-11T04:21:48:     at Layer.handle [as handle_request] (/Users/gautamkumar/ST/techreel/backend/node_modules/express/lib/router/layer.js:95:5)
2025-09-11T04:21:48:     at next (/Users/gautamkumar/ST/techreel/backend/node_modules/express/lib/router/route.js:149:13)
2025-09-11T04:21:48:     at Route.dispatch (/Users/gautamkumar/ST/techreel/backend/node_modules/express/lib/router/route.js:119:3)
2025-09-11T04:21:48:     at Layer.handle [as handle_request] (/Users/gautamkumar/ST/techreel/backend/node_modules/express/lib/router/layer.js:95:5)
2025-09-11T04:21:48:     at /Users/gautamkumar/ST/techreel/backend/node_modules/express/lib/router/index.js:284:15
2025-09-11T04:21:48:     at Function.process_params (/Users/gautamkumar/ST/techreel/backend/node_modules/express/lib/router/index.js:346:12)
2025-09-11T04:21:48:     at next (/Users/gautamkumar/ST/techreel/backend/node_modules/express/lib/router/index.js:280:10)
2025-09-11T04:21:48:     at Function.handle (/Users/gautamkumar/ST/techreel/backend/node_modules/express/lib/router/index.js:175:3)
2025-09-11T04:21:48:     at router (/Users/gautamkumar/ST/techreel/backend/node_modules/express/lib/router/index.js:47:12)
2025-09-11T04:21:48: Feed error: TypeError: Class constructor ObjectId cannot be invoked without 'new'
2025-09-11T04:21:48:     at /Users/gautamkumar/ST/techreel/backend/src/routes/postRoutes.js:120:48
2025-09-11T04:21:48:     at process.processTicksAndRejections (node:internal/process/task_queues:95:5)
2025-09-11T04:21:58: Global feed error: TypeError: Class constructor ObjectId cannot be invoked without 'new'
2025-09-11T04:21:58:     at /Users/gautamkumar/ST/techreel/backend/src/routes/postRoutes.js:220:40
2025-09-11T04:21:58:     at Layer.handle [as handle_request] (/Users/gautamkumar/ST/techreel/backend/node_modules/express/lib/router/layer.js:95:5)
2025-09-11T04:21:58:     at next (/Users/gautamkumar/ST/techreel/backend/node_modules/express/lib/router/route.js:149:13)
2025-09-11T04:21:58:     at Route.dispatch (/Users/gautamkumar/ST/techreel/backend/node_modules/express/lib/router/route.js:119:3)
2025-09-11T04:21:58:     at Layer.handle [as handle_request] (/Users/gautamkumar/ST/techreel/backend/node_modules/express/lib/router/layer.js:95:5)
2025-09-11T04:21:58:     at /Users/gautamkumar/ST/techreel/backend/node_modules/express/lib/router/index.js:284:15
2025-09-11T04:21:58:     at Function.process_params (/Users/gautamkumar/ST/techreel/backend/node_modules/express/lib/router/index.js:346:12)
2025-09-11T04:21:58:     at next (/Users/gautamkumar/ST/techreel/backend/node_modules/express/lib/router/index.js:280:10)
2025-09-11T04:21:58:     at Function.handle (/Users/gautamkumar/ST/techreel/backend/node_modules/express/lib/router/index.js:175:3)
2025-09-11T04:21:58:     at router (/Users/gautamkumar/ST/techreel/backend/node_modules/express/lib/router/index.js:47:12)
2025-09-11T04:21:58: Feed error: TypeError: Class constructor ObjectId cannot be invoked without 'new'
2025-09-11T04:21:58:     at /Users/gautamkumar/ST/techreel/backend/src/routes/postRoutes.js:120:48
2025-09-11T04:21:58:     at process.processTicksAndRejections (node:internal/process/task_queues:95:5)
2025-09-11T04:22:37: Global feed error: TypeError: Class constructor ObjectId cannot be invoked without 'new'
2025-09-11T04:22:37:     at /Users/gautamkumar/ST/techreel/backend/src/routes/postRoutes.js:220:40
2025-09-11T04:22:37:     at Layer.handle [as handle_request] (/Users/gautamkumar/ST/techreel/backend/node_modules/express/lib/router/layer.js:95:5)
2025-09-11T04:22:37:     at next (/Users/gautamkumar/ST/techreel/backend/node_modules/express/lib/router/route.js:149:13)
2025-09-11T04:22:37:     at Route.dispatch (/Users/gautamkumar/ST/techreel/backend/node_modules/express/lib/router/route.js:119:3)
2025-09-11T04:22:37:     at Layer.handle [as handle_request] (/Users/gautamkumar/ST/techreel/backend/node_modules/express/lib/router/layer.js:95:5)
2025-09-11T04:22:37:     at /Users/gautamkumar/ST/techreel/backend/node_modules/express/lib/router/index.js:284:15
2025-09-11T04:22:37:     at Function.process_params (/Users/gautamkumar/ST/techreel/backend/node_modules/express/lib/router/index.js:346:12)
2025-09-11T04:22:37:     at next (/Users/gautamkumar/ST/techreel/backend/node_modules/express/lib/router/index.js:280:10)
2025-09-11T04:22:37:     at Function.handle (/Users/gautamkumar/ST/techreel/backend/node_modules/express/lib/router/index.js:175:3)
2025-09-11T04:22:37:     at router (/Users/gautamkumar/ST/techreel/backend/node_modules/express/lib/router/index.js:47:12)
2025-09-11T04:22:38: Feed error: TypeError: Class constructor ObjectId cannot be invoked without 'new'
2025-09-11T04:22:38:     at /Users/gautamkumar/ST/techreel/backend/src/routes/postRoutes.js:120:48
2025-09-11T04:22:38:     at process.processTicksAndRejections (node:internal/process/task_queues:95:5)
2025-09-11T04:23:02: Global feed error: TypeError: Class constructor ObjectId cannot be invoked without 'new'
2025-09-11T04:23:02:     at /Users/gautamkumar/ST/techreel/backend/src/routes/postRoutes.js:220:40
2025-09-11T04:23:02:     at Layer.handle [as handle_request] (/Users/gautamkumar/ST/techreel/backend/node_modules/express/lib/router/layer.js:95:5)
2025-09-11T04:23:02:     at next (/Users/gautamkumar/ST/techreel/backend/node_modules/express/lib/router/route.js:149:13)
2025-09-11T04:23:02:     at Route.dispatch (/Users/gautamkumar/ST/techreel/backend/node_modules/express/lib/router/route.js:119:3)
2025-09-11T04:23:02:     at Layer.handle [as handle_request] (/Users/gautamkumar/ST/techreel/backend/node_modules/express/lib/router/layer.js:95:5)
2025-09-11T04:23:02:     at /Users/gautamkumar/ST/techreel/backend/node_modules/express/lib/router/index.js:284:15
2025-09-11T04:23:02:     at Function.process_params (/Users/gautamkumar/ST/techreel/backend/node_modules/express/lib/router/index.js:346:12)
2025-09-11T04:23:02:     at next (/Users/gautamkumar/ST/techreel/backend/node_modules/express/lib/router/index.js:280:10)
2025-09-11T04:23:02:     at Function.handle (/Users/gautamkumar/ST/techreel/backend/node_modules/express/lib/router/index.js:175:3)
2025-09-11T04:23:02:     at router (/Users/gautamkumar/ST/techreel/backend/node_modules/express/lib/router/index.js:47:12)
2025-09-11T04:23:02: Feed error: TypeError: Class constructor ObjectId cannot be invoked without 'new'
2025-09-11T04:23:02:     at /Users/gautamkumar/ST/techreel/backend/src/routes/postRoutes.js:120:48
2025-09-11T04:23:02:     at process.processTicksAndRejections (node:internal/process/task_queues:95:5)
2025-09-11T04:23:28: Global feed error: TypeError: Class constructor ObjectId cannot be invoked without 'new'
2025-09-11T04:23:28:     at /Users/gautamkumar/ST/techreel/backend/src/routes/postRoutes.js:220:40
2025-09-11T04:23:28:     at Layer.handle [as handle_request] (/Users/gautamkumar/ST/techreel/backend/node_modules/express/lib/router/layer.js:95:5)
2025-09-11T04:23:28:     at next (/Users/gautamkumar/ST/techreel/backend/node_modules/express/lib/router/route.js:149:13)
2025-09-11T04:23:28:     at Route.dispatch (/Users/gautamkumar/ST/techreel/backend/node_modules/express/lib/router/route.js:119:3)
2025-09-11T04:23:28:     at Layer.handle [as handle_request] (/Users/gautamkumar/ST/techreel/backend/node_modules/express/lib/router/layer.js:95:5)
2025-09-11T04:23:28:     at /Users/gautamkumar/ST/techreel/backend/node_modules/express/lib/router/index.js:284:15
2025-09-11T04:23:28:     at Function.process_params (/Users/gautamkumar/ST/techreel/backend/node_modules/express/lib/router/index.js:346:12)
2025-09-11T04:23:28:     at next (/Users/gautamkumar/ST/techreel/backend/node_modules/express/lib/router/index.js:280:10)
2025-09-11T04:23:28:     at Function.handle (/Users/gautamkumar/ST/techreel/backend/node_modules/express/lib/router/index.js:175:3)
2025-09-11T04:23:28:     at router (/Users/gautamkumar/ST/techreel/backend/node_modules/express/lib/router/index.js:47:12)
2025-09-11T04:23:28: Feed error: TypeError: Class constructor ObjectId cannot be invoked without 'new'
2025-09-11T04:23:28:     at /Users/gautamkumar/ST/techreel/backend/src/routes/postRoutes.js:120:48
2025-09-11T04:23:28:     at process.processTicksAndRejections (node:internal/process/task_queues:95:5)
2025-09-11T05:09:10: Global feed error: TypeError: Class constructor ObjectId cannot be invoked without 'new'
2025-09-11T05:09:10:     at /Users/gautamkumar/ST/techreel/backend/src/routes/postRoutes.js:220:40
2025-09-11T05:09:10:     at Layer.handle [as handle_request] (/Users/gautamkumar/ST/techreel/backend/node_modules/express/lib/router/layer.js:95:5)
2025-09-11T05:09:10:     at next (/Users/gautamkumar/ST/techreel/backend/node_modules/express/lib/router/route.js:149:13)
2025-09-11T05:09:10:     at Route.dispatch (/Users/gautamkumar/ST/techreel/backend/node_modules/express/lib/router/route.js:119:3)
2025-09-11T05:09:10:     at Layer.handle [as handle_request] (/Users/gautamkumar/ST/techreel/backend/node_modules/express/lib/router/layer.js:95:5)
2025-09-11T05:09:10:     at /Users/gautamkumar/ST/techreel/backend/node_modules/express/lib/router/index.js:284:15
2025-09-11T05:09:10:     at Function.process_params (/Users/gautamkumar/ST/techreel/backend/node_modules/express/lib/router/index.js:346:12)
2025-09-11T05:09:10:     at next (/Users/gautamkumar/ST/techreel/backend/node_modules/express/lib/router/index.js:280:10)
2025-09-11T05:09:10:     at Function.handle (/Users/gautamkumar/ST/techreel/backend/node_modules/express/lib/router/index.js:175:3)
2025-09-11T05:09:10:     at router (/Users/gautamkumar/ST/techreel/backend/node_modules/express/lib/router/index.js:47:12)
2025-09-11T05:09:10: Feed error: TypeError: Class constructor ObjectId cannot be invoked without 'new'
2025-09-11T05:09:10:     at /Users/gautamkumar/ST/techreel/backend/src/routes/postRoutes.js:120:48
2025-09-11T05:09:10:     at process.processTicksAndRejections (node:internal/process/task_queues:95:5)
2025-09-11T05:11:12: Global feed error: TypeError: Class constructor ObjectId cannot be invoked without 'new'
2025-09-11T05:11:12:     at /Users/gautamkumar/ST/techreel/backend/src/routes/postRoutes.js:220:40
2025-09-11T05:11:12:     at Layer.handle [as handle_request] (/Users/gautamkumar/ST/techreel/backend/node_modules/express/lib/router/layer.js:95:5)
2025-09-11T05:11:12:     at next (/Users/gautamkumar/ST/techreel/backend/node_modules/express/lib/router/route.js:149:13)
2025-09-11T05:11:12:     at Route.dispatch (/Users/gautamkumar/ST/techreel/backend/node_modules/express/lib/router/route.js:119:3)
2025-09-11T05:11:12:     at Layer.handle [as handle_request] (/Users/gautamkumar/ST/techreel/backend/node_modules/express/lib/router/layer.js:95:5)
2025-09-11T05:11:12:     at /Users/gautamkumar/ST/techreel/backend/node_modules/express/lib/router/index.js:284:15
2025-09-11T05:11:12:     at Function.process_params (/Users/gautamkumar/ST/techreel/backend/node_modules/express/lib/router/index.js:346:12)
2025-09-11T05:11:12:     at next (/Users/gautamkumar/ST/techreel/backend/node_modules/express/lib/router/index.js:280:10)
2025-09-11T05:11:12:     at Function.handle (/Users/gautamkumar/ST/techreel/backend/node_modules/express/lib/router/index.js:175:3)
2025-09-11T05:11:12:     at router (/Users/gautamkumar/ST/techreel/backend/node_modules/express/lib/router/index.js:47:12)
2025-09-11T05:11:12: Feed error: TypeError: Class constructor ObjectId cannot be invoked without 'new'
2025-09-11T05:11:12:     at /Users/gautamkumar/ST/techreel/backend/src/routes/postRoutes.js:120:48
2025-09-11T05:11:12:     at process.processTicksAndRejections (node:internal/process/task_queues:95:5)
2025-09-11T05:11:27: Global feed error: TypeError: Class constructor ObjectId cannot be invoked without 'new'
2025-09-11T05:11:27:     at /Users/gautamkumar/ST/techreel/backend/src/routes/postRoutes.js:220:40
2025-09-11T05:11:27:     at Layer.handle [as handle_request] (/Users/gautamkumar/ST/techreel/backend/node_modules/express/lib/router/layer.js:95:5)
2025-09-11T05:11:27:     at next (/Users/gautamkumar/ST/techreel/backend/node_modules/express/lib/router/route.js:149:13)
2025-09-11T05:11:27:     at Route.dispatch (/Users/gautamkumar/ST/techreel/backend/node_modules/express/lib/router/route.js:119:3)
2025-09-11T05:11:27:     at Layer.handle [as handle_request] (/Users/gautamkumar/ST/techreel/backend/node_modules/express/lib/router/layer.js:95:5)
2025-09-11T05:11:27:     at /Users/gautamkumar/ST/techreel/backend/node_modules/express/lib/router/index.js:284:15
2025-09-11T05:11:27:     at Function.process_params (/Users/gautamkumar/ST/techreel/backend/node_modules/express/lib/router/index.js:346:12)
2025-09-11T05:11:27:     at next (/Users/gautamkumar/ST/techreel/backend/node_modules/express/lib/router/index.js:280:10)
2025-09-11T05:11:27:     at Function.handle (/Users/gautamkumar/ST/techreel/backend/node_modules/express/lib/router/index.js:175:3)
2025-09-11T05:11:27:     at router (/Users/gautamkumar/ST/techreel/backend/node_modules/express/lib/router/index.js:47:12)
2025-09-11T05:11:27: Feed error: TypeError: Class constructor ObjectId cannot be invoked without 'new'
2025-09-11T05:11:27:     at /Users/gautamkumar/ST/techreel/backend/src/routes/postRoutes.js:120:48
2025-09-11T05:11:27:     at process.processTicksAndRejections (node:internal/process/task_queues:95:5)
2025-09-11T05:11:45: Global feed error: TypeError: Class constructor ObjectId cannot be invoked without 'new'
2025-09-11T05:11:45:     at /Users/gautamkumar/ST/techreel/backend/src/routes/postRoutes.js:220:40
2025-09-11T05:11:45:     at Layer.handle [as handle_request] (/Users/gautamkumar/ST/techreel/backend/node_modules/express/lib/router/layer.js:95:5)
2025-09-11T05:11:45:     at next (/Users/gautamkumar/ST/techreel/backend/node_modules/express/lib/router/route.js:149:13)
2025-09-11T05:11:45:     at Route.dispatch (/Users/gautamkumar/ST/techreel/backend/node_modules/express/lib/router/route.js:119:3)
2025-09-11T05:11:45:     at Layer.handle [as handle_request] (/Users/gautamkumar/ST/techreel/backend/node_modules/express/lib/router/layer.js:95:5)
2025-09-11T05:11:45:     at /Users/gautamkumar/ST/techreel/backend/node_modules/express/lib/router/index.js:284:15
2025-09-11T05:11:45:     at Function.process_params (/Users/gautamkumar/ST/techreel/backend/node_modules/express/lib/router/index.js:346:12)
2025-09-11T05:11:45:     at next (/Users/gautamkumar/ST/techreel/backend/node_modules/express/lib/router/index.js:280:10)
2025-09-11T05:11:45:     at Function.handle (/Users/gautamkumar/ST/techreel/backend/node_modules/express/lib/router/index.js:175:3)
2025-09-11T05:11:45:     at router (/Users/gautamkumar/ST/techreel/backend/node_modules/express/lib/router/index.js:47:12)
2025-09-11T05:11:45: Feed error: TypeError: Class constructor ObjectId cannot be invoked without 'new'
2025-09-11T05:11:45:     at /Users/gautamkumar/ST/techreel/backend/src/routes/postRoutes.js:120:48
2025-09-11T05:11:45:     at process.processTicksAndRejections (node:internal/process/task_queues:95:5)
2025-09-11T05:28:08: Global feed error: TypeError: Class constructor ObjectId cannot be invoked without 'new'
2025-09-11T05:28:08:     at /Users/gautamkumar/ST/techreel/backend/src/routes/postRoutes.js:220:40
2025-09-11T05:28:08:     at Layer.handle [as handle_request] (/Users/gautamkumar/ST/techreel/backend/node_modules/express/lib/router/layer.js:95:5)
2025-09-11T05:28:08:     at next (/Users/gautamkumar/ST/techreel/backend/node_modules/express/lib/router/route.js:149:13)
2025-09-11T05:28:08:     at Route.dispatch (/Users/gautamkumar/ST/techreel/backend/node_modules/express/lib/router/route.js:119:3)
2025-09-11T05:28:08:     at Layer.handle [as handle_request] (/Users/gautamkumar/ST/techreel/backend/node_modules/express/lib/router/layer.js:95:5)
2025-09-11T05:28:08:     at /Users/gautamkumar/ST/techreel/backend/node_modules/express/lib/router/index.js:284:15
2025-09-11T05:28:08:     at Function.process_params (/Users/gautamkumar/ST/techreel/backend/node_modules/express/lib/router/index.js:346:12)
2025-09-11T05:28:08:     at next (/Users/gautamkumar/ST/techreel/backend/node_modules/express/lib/router/index.js:280:10)
2025-09-11T05:28:08:     at Function.handle (/Users/gautamkumar/ST/techreel/backend/node_modules/express/lib/router/index.js:175:3)
2025-09-11T05:28:08:     at router (/Users/gautamkumar/ST/techreel/backend/node_modules/express/lib/router/index.js:47:12)
2025-09-11T05:28:08: Feed error: TypeError: Class constructor ObjectId cannot be invoked without 'new'
2025-09-11T05:28:08:     at /Users/gautamkumar/ST/techreel/backend/src/routes/postRoutes.js:120:48
2025-09-11T05:28:08:     at process.processTicksAndRejections (node:internal/process/task_queues:95:5)
2025-09-11T05:29:26: Global feed error: TypeError: Class constructor ObjectId cannot be invoked without 'new'
2025-09-11T05:29:26:     at /Users/gautamkumar/ST/techreel/backend/src/routes/postRoutes.js:220:40
2025-09-11T05:29:26:     at Layer.handle [as handle_request] (/Users/gautamkumar/ST/techreel/backend/node_modules/express/lib/router/layer.js:95:5)
2025-09-11T05:29:26:     at next (/Users/gautamkumar/ST/techreel/backend/node_modules/express/lib/router/route.js:149:13)
2025-09-11T05:29:26:     at Route.dispatch (/Users/gautamkumar/ST/techreel/backend/node_modules/express/lib/router/route.js:119:3)
2025-09-11T05:29:26:     at Layer.handle [as handle_request] (/Users/gautamkumar/ST/techreel/backend/node_modules/express/lib/router/layer.js:95:5)
2025-09-11T05:29:26:     at /Users/gautamkumar/ST/techreel/backend/node_modules/express/lib/router/index.js:284:15
2025-09-11T05:29:26:     at Function.process_params (/Users/gautamkumar/ST/techreel/backend/node_modules/express/lib/router/index.js:346:12)
2025-09-11T05:29:26:     at next (/Users/gautamkumar/ST/techreel/backend/node_modules/express/lib/router/index.js:280:10)
2025-09-11T05:29:26:     at Function.handle (/Users/gautamkumar/ST/techreel/backend/node_modules/express/lib/router/index.js:175:3)
2025-09-11T05:29:26:     at router (/Users/gautamkumar/ST/techreel/backend/node_modules/express/lib/router/index.js:47:12)
2025-09-11T05:29:26: Feed error: TypeError: Class constructor ObjectId cannot be invoked without 'new'
2025-09-11T05:29:26:     at /Users/gautamkumar/ST/techreel/backend/src/routes/postRoutes.js:120:48
2025-09-11T05:29:26:     at process.processTicksAndRejections (node:internal/process/task_queues:95:5)
2025-09-11T05:30:36: Global feed error: PoolClearedOnNetworkError: Connection to courseseek-shard-00-02.slatg.mongodb.net:27017 interrupted due to server monitor timeout
2025-09-11T05:30:36:     at ConnectionPool.interruptInUseConnections (/Users/gautamkumar/ST/techreel/backend/node_modules/mongodb/lib/cmap/connection_pool.js:262:36)
2025-09-11T05:30:36:     at /Users/gautamkumar/ST/techreel/backend/node_modules/mongodb/lib/cmap/connection_pool.js:249:41
2025-09-11T05:30:36:     at process.processTicksAndRejections (node:internal/process/task_queues:77:11) {
2025-09-11T05:30:36:   address: 'courseseek-shard-00-02.slatg.mongodb.net:27017',
2025-09-11T05:30:36:   [Symbol(errorLabels)]: Set(1) { 'RetryableWriteError' }
2025-09-11T05:30:36: }
2025-09-11T05:35:16: Global feed error: TypeError: Class constructor ObjectId cannot be invoked without 'new'
2025-09-11T05:35:16:     at /Users/gautamkumar/ST/techreel/backend/src/routes/postRoutes.js:220:40
2025-09-11T05:35:16:     at Layer.handle [as handle_request] (/Users/gautamkumar/ST/techreel/backend/node_modules/express/lib/router/layer.js:95:5)
2025-09-11T05:35:16:     at next (/Users/gautamkumar/ST/techreel/backend/node_modules/express/lib/router/route.js:149:13)
2025-09-11T05:35:16:     at Route.dispatch (/Users/gautamkumar/ST/techreel/backend/node_modules/express/lib/router/route.js:119:3)
2025-09-11T05:35:16:     at Layer.handle [as handle_request] (/Users/gautamkumar/ST/techreel/backend/node_modules/express/lib/router/layer.js:95:5)
2025-09-11T05:35:16:     at /Users/gautamkumar/ST/techreel/backend/node_modules/express/lib/router/index.js:284:15
2025-09-11T05:35:16:     at Function.process_params (/Users/gautamkumar/ST/techreel/backend/node_modules/express/lib/router/index.js:346:12)
2025-09-11T05:35:16:     at next (/Users/gautamkumar/ST/techreel/backend/node_modules/express/lib/router/index.js:280:10)
2025-09-11T05:35:16:     at Function.handle (/Users/gautamkumar/ST/techreel/backend/node_modules/express/lib/router/index.js:175:3)
2025-09-11T05:35:16:     at router (/Users/gautamkumar/ST/techreel/backend/node_modules/express/lib/router/index.js:47:12)
2025-09-11T05:35:16: Feed error: TypeError: Class constructor ObjectId cannot be invoked without 'new'
2025-09-11T05:35:16:     at /Users/gautamkumar/ST/techreel/backend/src/routes/postRoutes.js:120:48
2025-09-11T05:35:16:     at process.processTicksAndRejections (node:internal/process/task_queues:95:5)
2025-09-11T05:36:15: Global feed error: TypeError: Class constructor ObjectId cannot be invoked without 'new'
2025-09-11T05:36:15:     at /Users/gautamkumar/ST/techreel/backend/src/routes/postRoutes.js:220:40
2025-09-11T05:36:15:     at Layer.handle [as handle_request] (/Users/gautamkumar/ST/techreel/backend/node_modules/express/lib/router/layer.js:95:5)
2025-09-11T05:36:15:     at next (/Users/gautamkumar/ST/techreel/backend/node_modules/express/lib/router/route.js:149:13)
2025-09-11T05:36:15:     at Route.dispatch (/Users/gautamkumar/ST/techreel/backend/node_modules/express/lib/router/route.js:119:3)
2025-09-11T05:36:15:     at Layer.handle [as handle_request] (/Users/gautamkumar/ST/techreel/backend/node_modules/express/lib/router/layer.js:95:5)
2025-09-11T05:36:15:     at /Users/gautamkumar/ST/techreel/backend/node_modules/express/lib/router/index.js:284:15
2025-09-11T05:36:15:     at Function.process_params (/Users/gautamkumar/ST/techreel/backend/node_modules/express/lib/router/index.js:346:12)
2025-09-11T05:36:15:     at next (/Users/gautamkumar/ST/techreel/backend/node_modules/express/lib/router/index.js:280:10)
2025-09-11T05:36:15:     at Function.handle (/Users/gautamkumar/ST/techreel/backend/node_modules/express/lib/router/index.js:175:3)
2025-09-11T05:36:15:     at router (/Users/gautamkumar/ST/techreel/backend/node_modules/express/lib/router/index.js:47:12)
2025-09-11T05:36:15: Feed error: TypeError: Class constructor ObjectId cannot be invoked without 'new'
2025-09-11T05:36:15:     at /Users/gautamkumar/ST/techreel/backend/src/routes/postRoutes.js:120:48
2025-09-11T05:36:15:     at process.processTicksAndRejections (node:internal/process/task_queues:95:5)
2025-09-11T05:39:10: Global feed error: TypeError: Class constructor ObjectId cannot be invoked without 'new'
2025-09-11T05:39:10:     at /Users/gautamkumar/ST/techreel/backend/src/routes/postRoutes.js:220:40
2025-09-11T05:39:10:     at Layer.handle [as handle_request] (/Users/gautamkumar/ST/techreel/backend/node_modules/express/lib/router/layer.js:95:5)
2025-09-11T05:39:10:     at next (/Users/gautamkumar/ST/techreel/backend/node_modules/express/lib/router/route.js:149:13)
2025-09-11T05:39:10:     at Route.dispatch (/Users/gautamkumar/ST/techreel/backend/node_modules/express/lib/router/route.js:119:3)
2025-09-11T05:39:10:     at Layer.handle [as handle_request] (/Users/gautamkumar/ST/techreel/backend/node_modules/express/lib/router/layer.js:95:5)
2025-09-11T05:39:10:     at /Users/gautamkumar/ST/techreel/backend/node_modules/express/lib/router/index.js:284:15
2025-09-11T05:39:10:     at Function.process_params (/Users/gautamkumar/ST/techreel/backend/node_modules/express/lib/router/index.js:346:12)
2025-09-11T05:39:10:     at next (/Users/gautamkumar/ST/techreel/backend/node_modules/express/lib/router/index.js:280:10)
2025-09-11T05:39:10:     at Function.handle (/Users/gautamkumar/ST/techreel/backend/node_modules/express/lib/router/index.js:175:3)
2025-09-11T05:39:10:     at router (/Users/gautamkumar/ST/techreel/backend/node_modules/express/lib/router/index.js:47:12)
2025-09-11T05:39:10: Feed error: TypeError: Class constructor ObjectId cannot be invoked without 'new'
2025-09-11T05:39:10:     at /Users/gautamkumar/ST/techreel/backend/src/routes/postRoutes.js:120:48
2025-09-11T05:39:10:     at process.processTicksAndRejections (node:internal/process/task_queues:95:5)
2025-09-11T11:34:29: Global feed error: TypeError: Class constructor ObjectId cannot be invoked without 'new'
2025-09-11T11:34:29:     at /Users/gautamkumar/ST/techreel/backend/src/routes/postRoutes.js:220:40
2025-09-11T11:34:29:     at Layer.handle [as handle_request] (/Users/gautamkumar/ST/techreel/backend/node_modules/express/lib/router/layer.js:95:5)
2025-09-11T11:34:29:     at next (/Users/gautamkumar/ST/techreel/backend/node_modules/express/lib/router/route.js:149:13)
2025-09-11T11:34:29:     at Route.dispatch (/Users/gautamkumar/ST/techreel/backend/node_modules/express/lib/router/route.js:119:3)
2025-09-11T11:34:29:     at Layer.handle [as handle_request] (/Users/gautamkumar/ST/techreel/backend/node_modules/express/lib/router/layer.js:95:5)
2025-09-11T11:34:29:     at /Users/gautamkumar/ST/techreel/backend/node_modules/express/lib/router/index.js:284:15
2025-09-11T11:34:29:     at Function.process_params (/Users/gautamkumar/ST/techreel/backend/node_modules/express/lib/router/index.js:346:12)
2025-09-11T11:34:29:     at next (/Users/gautamkumar/ST/techreel/backend/node_modules/express/lib/router/index.js:280:10)
2025-09-11T11:34:29:     at Function.handle (/Users/gautamkumar/ST/techreel/backend/node_modules/express/lib/router/index.js:175:3)
2025-09-11T11:34:29:     at router (/Users/gautamkumar/ST/techreel/backend/node_modules/express/lib/router/index.js:47:12)
2025-09-11T11:34:29: Feed error: TypeError: Class constructor ObjectId cannot be invoked without 'new'
2025-09-11T11:34:29:     at /Users/gautamkumar/ST/techreel/backend/src/routes/postRoutes.js:120:48
2025-09-11T11:34:29:     at process.processTicksAndRejections (node:internal/process/task_queues:95:5)
2025-09-11T12:01:03: Global feed error: TypeError: Class constructor ObjectId cannot be invoked without 'new'
2025-09-11T12:01:03:     at /Users/gautamkumar/ST/techreel/backend/src/routes/postRoutes.js:220:40
2025-09-11T12:01:03:     at Layer.handle [as handle_request] (/Users/gautamkumar/ST/techreel/backend/node_modules/express/lib/router/layer.js:95:5)
2025-09-11T12:01:03:     at next (/Users/gautamkumar/ST/techreel/backend/node_modules/express/lib/router/route.js:149:13)
2025-09-11T12:01:03:     at Route.dispatch (/Users/gautamkumar/ST/techreel/backend/node_modules/express/lib/router/route.js:119:3)
2025-09-11T12:01:03:     at Layer.handle [as handle_request] (/Users/gautamkumar/ST/techreel/backend/node_modules/express/lib/router/layer.js:95:5)
2025-09-11T12:01:03:     at /Users/gautamkumar/ST/techreel/backend/node_modules/express/lib/router/index.js:284:15
2025-09-11T12:01:03:     at Function.process_params (/Users/gautamkumar/ST/techreel/backend/node_modules/express/lib/router/index.js:346:12)
2025-09-11T12:01:03:     at next (/Users/gautamkumar/ST/techreel/backend/node_modules/express/lib/router/index.js:280:10)
2025-09-11T12:01:03:     at Function.handle (/Users/gautamkumar/ST/techreel/backend/node_modules/express/lib/router/index.js:175:3)
2025-09-11T12:01:03:     at router (/Users/gautamkumar/ST/techreel/backend/node_modules/express/lib/router/index.js:47:12)
2025-09-11T12:01:03: Feed error: TypeError: Class constructor ObjectId cannot be invoked without 'new'
2025-09-11T12:01:03:     at /Users/gautamkumar/ST/techreel/backend/src/routes/postRoutes.js:120:48
2025-09-11T12:01:03:     at process.processTicksAndRejections (node:internal/process/task_queues:95:5)
2025-09-11T13:24:43: Global feed error: TypeError: Class constructor ObjectId cannot be invoked without 'new'
2025-09-11T13:24:43:     at /Users/gautamkumar/ST/techreel/backend/src/routes/postRoutes.js:220:40
2025-09-11T13:24:43:     at Layer.handle [as handle_request] (/Users/gautamkumar/ST/techreel/backend/node_modules/express/lib/router/layer.js:95:5)
2025-09-11T13:24:43:     at next (/Users/gautamkumar/ST/techreel/backend/node_modules/express/lib/router/route.js:149:13)
2025-09-11T13:24:43:     at Route.dispatch (/Users/gautamkumar/ST/techreel/backend/node_modules/express/lib/router/route.js:119:3)
2025-09-11T13:24:43:     at Layer.handle [as handle_request] (/Users/gautamkumar/ST/techreel/backend/node_modules/express/lib/router/layer.js:95:5)
2025-09-11T13:24:43:     at /Users/gautamkumar/ST/techreel/backend/node_modules/express/lib/router/index.js:284:15
2025-09-11T13:24:43:     at Function.process_params (/Users/gautamkumar/ST/techreel/backend/node_modules/express/lib/router/index.js:346:12)
2025-09-11T13:24:43:     at next (/Users/gautamkumar/ST/techreel/backend/node_modules/express/lib/router/index.js:280:10)
2025-09-11T13:24:43:     at Function.handle (/Users/gautamkumar/ST/techreel/backend/node_modules/express/lib/router/index.js:175:3)
2025-09-11T13:24:43:     at router (/Users/gautamkumar/ST/techreel/backend/node_modules/express/lib/router/index.js:47:12)
2025-09-11T13:24:43: Feed error: TypeError: Class constructor ObjectId cannot be invoked without 'new'
2025-09-11T13:24:43:     at /Users/gautamkumar/ST/techreel/backend/src/routes/postRoutes.js:120:48
2025-09-11T13:24:43:     at process.processTicksAndRejections (node:internal/process/task_queues:95:5)
2025-09-11T13:30:04: Global feed error: TypeError: Class constructor ObjectId cannot be invoked without 'new'
2025-09-11T13:30:04:     at /Users/gautamkumar/ST/techreel/backend/src/routes/postRoutes.js:220:40
2025-09-11T13:30:04:     at Layer.handle [as handle_request] (/Users/gautamkumar/ST/techreel/backend/node_modules/express/lib/router/layer.js:95:5)
2025-09-11T13:30:04:     at next (/Users/gautamkumar/ST/techreel/backend/node_modules/express/lib/router/route.js:149:13)
2025-09-11T13:30:04:     at Route.dispatch (/Users/gautamkumar/ST/techreel/backend/node_modules/express/lib/router/route.js:119:3)
2025-09-11T13:30:04:     at Layer.handle [as handle_request] (/Users/gautamkumar/ST/techreel/backend/node_modules/express/lib/router/layer.js:95:5)
2025-09-11T13:30:04:     at /Users/gautamkumar/ST/techreel/backend/node_modules/express/lib/router/index.js:284:15
2025-09-11T13:30:04:     at Function.process_params (/Users/gautamkumar/ST/techreel/backend/node_modules/express/lib/router/index.js:346:12)
2025-09-11T13:30:04:     at next (/Users/gautamkumar/ST/techreel/backend/node_modules/express/lib/router/index.js:280:10)
2025-09-11T13:30:04:     at Function.handle (/Users/gautamkumar/ST/techreel/backend/node_modules/express/lib/router/index.js:175:3)
2025-09-11T13:30:04:     at router (/Users/gautamkumar/ST/techreel/backend/node_modules/express/lib/router/index.js:47:12)
2025-09-11T13:30:04: Feed error: TypeError: Class constructor ObjectId cannot be invoked without 'new'
2025-09-11T13:30:04:     at /Users/gautamkumar/ST/techreel/backend/src/routes/postRoutes.js:157:24
2025-09-11T13:30:04:     at process.processTicksAndRejections (node:internal/process/task_queues:95:5)
2025-09-11T13:32:33: Global feed error: TypeError: Class constructor ObjectId cannot be invoked without 'new'
2025-09-11T13:32:33:     at /Users/gautamkumar/ST/techreel/backend/src/routes/postRoutes.js:220:40
2025-09-11T13:32:33:     at Layer.handle [as handle_request] (/Users/gautamkumar/ST/techreel/backend/node_modules/express/lib/router/layer.js:95:5)
2025-09-11T13:32:33:     at next (/Users/gautamkumar/ST/techreel/backend/node_modules/express/lib/router/route.js:149:13)
2025-09-11T13:32:33:     at Route.dispatch (/Users/gautamkumar/ST/techreel/backend/node_modules/express/lib/router/route.js:119:3)
2025-09-11T13:32:33:     at Layer.handle [as handle_request] (/Users/gautamkumar/ST/techreel/backend/node_modules/express/lib/router/layer.js:95:5)
2025-09-11T13:32:33:     at /Users/gautamkumar/ST/techreel/backend/node_modules/express/lib/router/index.js:284:15
2025-09-11T13:32:33:     at Function.process_params (/Users/gautamkumar/ST/techreel/backend/node_modules/express/lib/router/index.js:346:12)
2025-09-11T13:32:33:     at next (/Users/gautamkumar/ST/techreel/backend/node_modules/express/lib/router/index.js:280:10)
2025-09-11T13:32:33:     at Function.handle (/Users/gautamkumar/ST/techreel/backend/node_modules/express/lib/router/index.js:175:3)
2025-09-11T13:32:33:     at router (/Users/gautamkumar/ST/techreel/backend/node_modules/express/lib/router/index.js:47:12)
2025-09-11T13:32:33: Feed error: TypeError: Class constructor ObjectId cannot be invoked without 'new'
2025-09-11T13:32:33:     at /Users/gautamkumar/ST/techreel/backend/src/routes/postRoutes.js:157:24
2025-09-11T13:32:33:     at process.processTicksAndRejections (node:internal/process/task_queues:95:5)
2025-09-11T13:59:08: Global feed error: TypeError: Class constructor ObjectId cannot be invoked without 'new'
2025-09-11T13:59:08:     at /Users/gautamkumar/ST/techreel/backend/src/routes/postRoutes.js:220:40
2025-09-11T13:59:08:     at Layer.handle [as handle_request] (/Users/gautamkumar/ST/techreel/backend/node_modules/express/lib/router/layer.js:95:5)
2025-09-11T13:59:08:     at next (/Users/gautamkumar/ST/techreel/backend/node_modules/express/lib/router/route.js:149:13)
2025-09-11T13:59:08:     at Route.dispatch (/Users/gautamkumar/ST/techreel/backend/node_modules/express/lib/router/route.js:119:3)
2025-09-11T13:59:08:     at Layer.handle [as handle_request] (/Users/gautamkumar/ST/techreel/backend/node_modules/express/lib/router/layer.js:95:5)
2025-09-11T13:59:08:     at /Users/gautamkumar/ST/techreel/backend/node_modules/express/lib/router/index.js:284:15
2025-09-11T13:59:08:     at Function.process_params (/Users/gautamkumar/ST/techreel/backend/node_modules/express/lib/router/index.js:346:12)
2025-09-11T13:59:08:     at next (/Users/gautamkumar/ST/techreel/backend/node_modules/express/lib/router/index.js:280:10)
2025-09-11T13:59:08:     at Function.handle (/Users/gautamkumar/ST/techreel/backend/node_modules/express/lib/router/index.js:175:3)
2025-09-11T13:59:08:     at router (/Users/gautamkumar/ST/techreel/backend/node_modules/express/lib/router/index.js:47:12)
2025-09-11T13:59:08: Feed error: TypeError: Class constructor ObjectId cannot be invoked without 'new'
2025-09-11T13:59:08:     at /Users/gautamkumar/ST/techreel/backend/src/routes/postRoutes.js:120:48
2025-09-11T13:59:08:     at process.processTicksAndRejections (node:internal/process/task_queues:95:5)
2025-09-11T13:59:11: Global feed error: TypeError: Class constructor ObjectId cannot be invoked without 'new'
2025-09-11T13:59:11:     at /Users/gautamkumar/ST/techreel/backend/src/routes/postRoutes.js:220:40
2025-09-11T13:59:11:     at Layer.handle [as handle_request] (/Users/gautamkumar/ST/techreel/backend/node_modules/express/lib/router/layer.js:95:5)
2025-09-11T13:59:11:     at next (/Users/gautamkumar/ST/techreel/backend/node_modules/express/lib/router/route.js:149:13)
2025-09-11T13:59:11:     at Route.dispatch (/Users/gautamkumar/ST/techreel/backend/node_modules/express/lib/router/route.js:119:3)
2025-09-11T13:59:11:     at Layer.handle [as handle_request] (/Users/gautamkumar/ST/techreel/backend/node_modules/express/lib/router/layer.js:95:5)
2025-09-11T13:59:11:     at /Users/gautamkumar/ST/techreel/backend/node_modules/express/lib/router/index.js:284:15
2025-09-11T13:59:11:     at Function.process_params (/Users/gautamkumar/ST/techreel/backend/node_modules/express/lib/router/index.js:346:12)
2025-09-11T13:59:11:     at next (/Users/gautamkumar/ST/techreel/backend/node_modules/express/lib/router/index.js:280:10)
2025-09-11T13:59:11:     at Function.handle (/Users/gautamkumar/ST/techreel/backend/node_modules/express/lib/router/index.js:175:3)
2025-09-11T13:59:11:     at router (/Users/gautamkumar/ST/techreel/backend/node_modules/express/lib/router/index.js:47:12)
2025-09-11T13:59:11: Feed error: TypeError: Class constructor ObjectId cannot be invoked without 'new'
2025-09-11T13:59:11:     at /Users/gautamkumar/ST/techreel/backend/src/routes/postRoutes.js:120:48
2025-09-11T13:59:11:     at process.processTicksAndRejections (node:internal/process/task_queues:95:5)
2025-09-11T13:59:14: Global feed error: TypeError: Class constructor ObjectId cannot be invoked without 'new'
2025-09-11T13:59:14:     at /Users/gautamkumar/ST/techreel/backend/src/routes/postRoutes.js:220:40
2025-09-11T13:59:14:     at Layer.handle [as handle_request] (/Users/gautamkumar/ST/techreel/backend/node_modules/express/lib/router/layer.js:95:5)
2025-09-11T13:59:14:     at next (/Users/gautamkumar/ST/techreel/backend/node_modules/express/lib/router/route.js:149:13)
2025-09-11T13:59:14:     at Route.dispatch (/Users/gautamkumar/ST/techreel/backend/node_modules/express/lib/router/route.js:119:3)
2025-09-11T13:59:14:     at Layer.handle [as handle_request] (/Users/gautamkumar/ST/techreel/backend/node_modules/express/lib/router/layer.js:95:5)
2025-09-11T13:59:14:     at /Users/gautamkumar/ST/techreel/backend/node_modules/express/lib/router/index.js:284:15
2025-09-11T13:59:14:     at Function.process_params (/Users/gautamkumar/ST/techreel/backend/node_modules/express/lib/router/index.js:346:12)
2025-09-11T13:59:14:     at next (/Users/gautamkumar/ST/techreel/backend/node_modules/express/lib/router/index.js:280:10)
2025-09-11T13:59:14:     at Function.handle (/Users/gautamkumar/ST/techreel/backend/node_modules/express/lib/router/index.js:175:3)
2025-09-11T13:59:14:     at router (/Users/gautamkumar/ST/techreel/backend/node_modules/express/lib/router/index.js:47:12)
2025-09-11T13:59:14: Feed error: TypeError: Class constructor ObjectId cannot be invoked without 'new'
2025-09-11T13:59:14:     at /Users/gautamkumar/ST/techreel/backend/src/routes/postRoutes.js:120:48
2025-09-11T13:59:14:     at process.processTicksAndRejections (node:internal/process/task_queues:95:5)
2025-09-11T13:59:43: Global feed error: TypeError: Class constructor ObjectId cannot be invoked without 'new'
2025-09-11T13:59:43:     at /Users/gautamkumar/ST/techreel/backend/src/routes/postRoutes.js:220:40
2025-09-11T13:59:43:     at Layer.handle [as handle_request] (/Users/gautamkumar/ST/techreel/backend/node_modules/express/lib/router/layer.js:95:5)
2025-09-11T13:59:43:     at next (/Users/gautamkumar/ST/techreel/backend/node_modules/express/lib/router/route.js:149:13)
2025-09-11T13:59:43:     at Route.dispatch (/Users/gautamkumar/ST/techreel/backend/node_modules/express/lib/router/route.js:119:3)
2025-09-11T13:59:43:     at Layer.handle [as handle_request] (/Users/gautamkumar/ST/techreel/backend/node_modules/express/lib/router/layer.js:95:5)
2025-09-11T13:59:43:     at /Users/gautamkumar/ST/techreel/backend/node_modules/express/lib/router/index.js:284:15
2025-09-11T13:59:43:     at Function.process_params (/Users/gautamkumar/ST/techreel/backend/node_modules/express/lib/router/index.js:346:12)
2025-09-11T13:59:43:     at next (/Users/gautamkumar/ST/techreel/backend/node_modules/express/lib/router/index.js:280:10)
2025-09-11T13:59:43:     at Function.handle (/Users/gautamkumar/ST/techreel/backend/node_modules/express/lib/router/index.js:175:3)
2025-09-11T13:59:43:     at router (/Users/gautamkumar/ST/techreel/backend/node_modules/express/lib/router/index.js:47:12)
2025-09-11T13:59:43: Feed error: TypeError: Class constructor ObjectId cannot be invoked without 'new'
2025-09-11T13:59:43:     at /Users/gautamkumar/ST/techreel/backend/src/routes/postRoutes.js:120:48
2025-09-11T13:59:43:     at process.processTicksAndRejections (node:internal/process/task_queues:95:5)
2025-09-11T14:01:57: Global feed error: TypeError: Class constructor ObjectId cannot be invoked without 'new'
2025-09-11T14:01:57:     at /Users/gautamkumar/ST/techreel/backend/src/routes/postRoutes.js:220:40
2025-09-11T14:01:57:     at Layer.handle [as handle_request] (/Users/gautamkumar/ST/techreel/backend/node_modules/express/lib/router/layer.js:95:5)
2025-09-11T14:01:57:     at next (/Users/gautamkumar/ST/techreel/backend/node_modules/express/lib/router/route.js:149:13)
2025-09-11T14:01:57:     at Route.dispatch (/Users/gautamkumar/ST/techreel/backend/node_modules/express/lib/router/route.js:119:3)
2025-09-11T14:01:57:     at Layer.handle [as handle_request] (/Users/gautamkumar/ST/techreel/backend/node_modules/express/lib/router/layer.js:95:5)
2025-09-11T14:01:57:     at /Users/gautamkumar/ST/techreel/backend/node_modules/express/lib/router/index.js:284:15
2025-09-11T14:01:57:     at Function.process_params (/Users/gautamkumar/ST/techreel/backend/node_modules/express/lib/router/index.js:346:12)
2025-09-11T14:01:57:     at next (/Users/gautamkumar/ST/techreel/backend/node_modules/express/lib/router/index.js:280:10)
2025-09-11T14:01:57:     at Function.handle (/Users/gautamkumar/ST/techreel/backend/node_modules/express/lib/router/index.js:175:3)
2025-09-11T14:01:57:     at router (/Users/gautamkumar/ST/techreel/backend/node_modules/express/lib/router/index.js:47:12)
2025-09-11T14:01:57: Feed error: TypeError: Class constructor ObjectId cannot be invoked without 'new'
2025-09-11T14:01:57:     at /Users/gautamkumar/ST/techreel/backend/src/routes/postRoutes.js:120:48
2025-09-11T14:01:57:     at process.processTicksAndRejections (node:internal/process/task_queues:95:5)
2025-09-11T14:03:40: Global feed error: TypeError: Class constructor ObjectId cannot be invoked without 'new'
2025-09-11T14:03:40:     at /Users/gautamkumar/ST/techreel/backend/src/routes/postRoutes.js:220:40
2025-09-11T14:03:40:     at Layer.handle [as handle_request] (/Users/gautamkumar/ST/techreel/backend/node_modules/express/lib/router/layer.js:95:5)
2025-09-11T14:03:40:     at next (/Users/gautamkumar/ST/techreel/backend/node_modules/express/lib/router/route.js:149:13)
2025-09-11T14:03:40:     at Route.dispatch (/Users/gautamkumar/ST/techreel/backend/node_modules/express/lib/router/route.js:119:3)
2025-09-11T14:03:40:     at Layer.handle [as handle_request] (/Users/gautamkumar/ST/techreel/backend/node_modules/express/lib/router/layer.js:95:5)
2025-09-11T14:03:40:     at /Users/gautamkumar/ST/techreel/backend/node_modules/express/lib/router/index.js:284:15
2025-09-11T14:03:40:     at Function.process_params (/Users/gautamkumar/ST/techreel/backend/node_modules/express/lib/router/index.js:346:12)
2025-09-11T14:03:40:     at next (/Users/gautamkumar/ST/techreel/backend/node_modules/express/lib/router/index.js:280:10)
2025-09-11T14:03:40:     at Function.handle (/Users/gautamkumar/ST/techreel/backend/node_modules/express/lib/router/index.js:175:3)
2025-09-11T14:03:40:     at router (/Users/gautamkumar/ST/techreel/backend/node_modules/express/lib/router/index.js:47:12)
2025-09-11T14:03:40: Feed error: TypeError: Class constructor ObjectId cannot be invoked without 'new'
2025-09-11T14:03:40:     at /Users/gautamkumar/ST/techreel/backend/src/routes/postRoutes.js:120:48
2025-09-11T14:03:40:     at process.processTicksAndRejections (node:internal/process/task_queues:95:5)
2025-09-11T14:04:52: Global feed error: TypeError: Class constructor ObjectId cannot be invoked without 'new'
2025-09-11T14:04:52:     at /Users/gautamkumar/ST/techreel/backend/src/routes/postRoutes.js:220:40
2025-09-11T14:04:52:     at Layer.handle [as handle_request] (/Users/gautamkumar/ST/techreel/backend/node_modules/express/lib/router/layer.js:95:5)
2025-09-11T14:04:52:     at next (/Users/gautamkumar/ST/techreel/backend/node_modules/express/lib/router/route.js:149:13)
2025-09-11T14:04:52:     at Route.dispatch (/Users/gautamkumar/ST/techreel/backend/node_modules/express/lib/router/route.js:119:3)
2025-09-11T14:04:52:     at Layer.handle [as handle_request] (/Users/gautamkumar/ST/techreel/backend/node_modules/express/lib/router/layer.js:95:5)
2025-09-11T14:04:52:     at /Users/gautamkumar/ST/techreel/backend/node_modules/express/lib/router/index.js:284:15
2025-09-11T14:04:52:     at Function.process_params (/Users/gautamkumar/ST/techreel/backend/node_modules/express/lib/router/index.js:346:12)
2025-09-11T14:04:52:     at next (/Users/gautamkumar/ST/techreel/backend/node_modules/express/lib/router/index.js:280:10)
2025-09-11T14:04:52:     at Function.handle (/Users/gautamkumar/ST/techreel/backend/node_modules/express/lib/router/index.js:175:3)
2025-09-11T14:04:52:     at router (/Users/gautamkumar/ST/techreel/backend/node_modules/express/lib/router/index.js:47:12)
2025-09-11T14:04:52: Feed error: TypeError: Class constructor ObjectId cannot be invoked without 'new'
2025-09-11T14:04:52:     at /Users/gautamkumar/ST/techreel/backend/src/routes/postRoutes.js:120:48
2025-09-11T14:04:52:     at process.processTicksAndRejections (node:internal/process/task_queues:95:5)
2025-09-11T14:08:53: Global feed error: TypeError: Class constructor ObjectId cannot be invoked without 'new'
2025-09-11T14:08:53:     at /Users/gautamkumar/ST/techreel/backend/src/routes/postRoutes.js:220:40
2025-09-11T14:08:53:     at Layer.handle [as handle_request] (/Users/gautamkumar/ST/techreel/backend/node_modules/express/lib/router/layer.js:95:5)
2025-09-11T14:08:53:     at next (/Users/gautamkumar/ST/techreel/backend/node_modules/express/lib/router/route.js:149:13)
2025-09-11T14:08:53:     at Route.dispatch (/Users/gautamkumar/ST/techreel/backend/node_modules/express/lib/router/route.js:119:3)
2025-09-11T14:08:53:     at Layer.handle [as handle_request] (/Users/gautamkumar/ST/techreel/backend/node_modules/express/lib/router/layer.js:95:5)
2025-09-11T14:08:53:     at /Users/gautamkumar/ST/techreel/backend/node_modules/express/lib/router/index.js:284:15
2025-09-11T14:08:53:     at Function.process_params (/Users/gautamkumar/ST/techreel/backend/node_modules/express/lib/router/index.js:346:12)
2025-09-11T14:08:53:     at next (/Users/gautamkumar/ST/techreel/backend/node_modules/express/lib/router/index.js:280:10)
2025-09-11T14:08:53:     at Function.handle (/Users/gautamkumar/ST/techreel/backend/node_modules/express/lib/router/index.js:175:3)
2025-09-11T14:08:53:     at router (/Users/gautamkumar/ST/techreel/backend/node_modules/express/lib/router/index.js:47:12)
2025-09-11T14:08:53: Feed error: TypeError: Class constructor ObjectId cannot be invoked without 'new'
2025-09-11T14:08:53:     at /Users/gautamkumar/ST/techreel/backend/src/routes/postRoutes.js:157:24
2025-09-11T14:08:53:     at process.processTicksAndRejections (node:internal/process/task_queues:95:5)
2025-09-11T14:28:02: Error: listen EADDRINUSE: address already in use 0.0.0.0:5001
2025-09-11T14:28:02:     at Server.setupListenHandle [as _listen2] (node:net:1817:16)
2025-09-11T14:28:02:     at listenInCluster (node:net:1865:12)
2025-09-11T14:28:02:     at doListen (node:net:2014:7)
2025-09-11T14:28:02:     at process.processTicksAndRejections (node:internal/process/task_queues:83:21) {
2025-09-11T14:28:02:   code: 'EADDRINUSE',
2025-09-11T14:28:02:   errno: -48,
2025-09-11T14:28:02:   syscall: 'listen',
2025-09-11T14:28:02:   address: '0.0.0.0',
2025-09-11T14:28:02:   port: 5001
2025-09-11T14:28:02: }
2025-09-11T14:28:07: Error: listen EADDRINUSE: address already in use 0.0.0.0:5001
2025-09-11T14:28:07:     at Server.setupListenHandle [as _listen2] (node:net:1817:16)
2025-09-11T14:28:07:     at listenInCluster (node:net:1865:12)
2025-09-11T14:28:07:     at doListen (node:net:2014:7)
2025-09-11T14:28:07:     at process.processTicksAndRejections (node:internal/process/task_queues:83:21) {
2025-09-11T14:28:07:   code: 'EADDRINUSE',
2025-09-11T14:28:07:   errno: -48,
2025-09-11T14:28:07:   syscall: 'listen',
2025-09-11T14:28:07:   address: '0.0.0.0',
2025-09-11T14:28:07:   port: 5001
2025-09-11T14:28:07: }
2025-09-11T14:28:11: Error: listen EADDRINUSE: address already in use 0.0.0.0:5001
2025-09-11T14:28:11:     at Server.setupListenHandle [as _listen2] (node:net:1817:16)
2025-09-11T14:28:11:     at listenInCluster (node:net:1865:12)
2025-09-11T14:28:11:     at doListen (node:net:2014:7)
2025-09-11T14:28:11:     at process.processTicksAndRejections (node:internal/process/task_queues:83:21) {
2025-09-11T14:28:11:   code: 'EADDRINUSE',
2025-09-11T14:28:11:   errno: -48,
2025-09-11T14:28:11:   syscall: 'listen',
2025-09-11T14:28:11:   address: '0.0.0.0',
2025-09-11T14:28:11:   port: 5001
2025-09-11T14:28:11: }
2025-09-11T14:28:15: Error: listen EADDRINUSE: address already in use 0.0.0.0:5001
2025-09-11T14:28:15:     at Server.setupListenHandle [as _listen2] (node:net:1817:16)
2025-09-11T14:28:15:     at listenInCluster (node:net:1865:12)
2025-09-11T14:28:15:     at doListen (node:net:2014:7)
2025-09-11T14:28:15:     at process.processTicksAndRejections (node:internal/process/task_queues:83:21) {
2025-09-11T14:28:15:   code: 'EADDRINUSE',
2025-09-11T14:28:15:   errno: -48,
2025-09-11T14:28:15:   syscall: 'listen',
2025-09-11T14:28:15:   address: '0.0.0.0',
2025-09-11T14:28:15:   port: 5001
2025-09-11T14:28:15: }
2025-09-11T14:28:20: Error: listen EADDRINUSE: address already in use 0.0.0.0:5001
2025-09-11T14:28:20:     at Server.setupListenHandle [as _listen2] (node:net:1817:16)
2025-09-11T14:28:20:     at listenInCluster (node:net:1865:12)
2025-09-11T14:28:20:     at doListen (node:net:2014:7)
2025-09-11T14:28:20:     at process.processTicksAndRejections (node:internal/process/task_queues:83:21) {
2025-09-11T14:28:20:   code: 'EADDRINUSE',
2025-09-11T14:28:20:   errno: -48,
2025-09-11T14:28:20:   syscall: 'listen',
2025-09-11T14:28:20:   address: '0.0.0.0',
2025-09-11T14:28:20:   port: 5001
2025-09-11T14:28:20: }
2025-09-11T14:28:24: Error: listen EADDRINUSE: address already in use 0.0.0.0:5001
2025-09-11T14:28:24:     at Server.setupListenHandle [as _listen2] (node:net:1817:16)
2025-09-11T14:28:24:     at listenInCluster (node:net:1865:12)
2025-09-11T14:28:24:     at doListen (node:net:2014:7)
2025-09-11T14:28:24:     at process.processTicksAndRejections (node:internal/process/task_queues:83:21) {
2025-09-11T14:28:24:   code: 'EADDRINUSE',
2025-09-11T14:28:24:   errno: -48,
2025-09-11T14:28:24:   syscall: 'listen',
2025-09-11T14:28:24:   address: '0.0.0.0',
2025-09-11T14:28:24:   port: 5001
2025-09-11T14:28:24: }
2025-09-11T14:28:28: Error: listen EADDRINUSE: address already in use 0.0.0.0:5001
2025-09-11T14:28:28:     at Server.setupListenHandle [as _listen2] (node:net:1817:16)
2025-09-11T14:28:28:     at listenInCluster (node:net:1865:12)
2025-09-11T14:28:28:     at doListen (node:net:2014:7)
2025-09-11T14:28:28:     at process.processTicksAndRejections (node:internal/process/task_queues:83:21) {
2025-09-11T14:28:28:   code: 'EADDRINUSE',
2025-09-11T14:28:28:   errno: -48,
2025-09-11T14:28:28:   syscall: 'listen',
2025-09-11T14:28:28:   address: '0.0.0.0',
2025-09-11T14:28:28:   port: 5001
2025-09-11T14:28:28: }
2025-09-11T14:28:33: Error: listen EADDRINUSE: address already in use 0.0.0.0:5001
2025-09-11T14:28:33:     at Server.setupListenHandle [as _listen2] (node:net:1817:16)
2025-09-11T14:28:33:     at listenInCluster (node:net:1865:12)
2025-09-11T14:28:33:     at doListen (node:net:2014:7)
2025-09-11T14:28:33:     at process.processTicksAndRejections (node:internal/process/task_queues:83:21) {
2025-09-11T14:28:33:   code: 'EADDRINUSE',
2025-09-11T14:28:33:   errno: -48,
2025-09-11T14:28:33:   syscall: 'listen',
2025-09-11T14:28:33:   address: '0.0.0.0',
2025-09-11T14:28:33:   port: 5001
2025-09-11T14:28:33: }
2025-09-11T14:28:37: Error: listen EADDRINUSE: address already in use 0.0.0.0:5001
2025-09-11T14:28:37:     at Server.setupListenHandle [as _listen2] (node:net:1817:16)
2025-09-11T14:28:37:     at listenInCluster (node:net:1865:12)
2025-09-11T14:28:37:     at doListen (node:net:2014:7)
2025-09-11T14:28:37:     at process.processTicksAndRejections (node:internal/process/task_queues:83:21) {
2025-09-11T14:28:37:   code: 'EADDRINUSE',
2025-09-11T14:28:37:   errno: -48,
2025-09-11T14:28:37:   syscall: 'listen',
2025-09-11T14:28:37:   address: '0.0.0.0',
2025-09-11T14:28:37:   port: 5001
2025-09-11T14:28:37: }
2025-09-11T14:50:14: Error: listen EADDRINUSE: address already in use 0.0.0.0:5001
2025-09-11T14:50:14:     at Server.setupListenHandle [as _listen2] (node:net:1817:16)
2025-09-11T14:50:14:     at listenInCluster (node:net:1865:12)
2025-09-11T14:50:14:     at doListen (node:net:2014:7)
2025-09-11T14:50:14:     at process.processTicksAndRejections (node:internal/process/task_queues:83:21) {
2025-09-11T14:50:14:   code: 'EADDRINUSE',
2025-09-11T14:50:14:   errno: -48,
2025-09-11T14:50:14:   syscall: 'listen',
2025-09-11T14:50:14:   address: '0.0.0.0',
2025-09-11T14:50:14:   port: 5001
2025-09-11T14:50:14: }
2025-09-11T14:50:18: Error: listen EADDRINUSE: address already in use 0.0.0.0:5001
2025-09-11T14:50:18:     at Server.setupListenHandle [as _listen2] (node:net:1817:16)
2025-09-11T14:50:18:     at listenInCluster (node:net:1865:12)
2025-09-11T14:50:18:     at doListen (node:net:2014:7)
2025-09-11T14:50:18:     at process.processTicksAndRejections (node:internal/process/task_queues:83:21) {
2025-09-11T14:50:18:   code: 'EADDRINUSE',
2025-09-11T14:50:18:   errno: -48,
2025-09-11T14:50:18:   syscall: 'listen',
2025-09-11T14:50:18:   address: '0.0.0.0',
2025-09-11T14:50:18:   port: 5001
2025-09-11T14:50:18: }
2025-09-11T14:50:23: Error: listen EADDRINUSE: address already in use 0.0.0.0:5001
2025-09-11T14:50:23:     at Server.setupListenHandle [as _listen2] (node:net:1817:16)
2025-09-11T14:50:23:     at listenInCluster (node:net:1865:12)
2025-09-11T14:50:23:     at doListen (node:net:2014:7)
2025-09-11T14:50:23:     at process.processTicksAndRejections (node:internal/process/task_queues:83:21) {
2025-09-11T14:50:23:   code: 'EADDRINUSE',
2025-09-11T14:50:23:   errno: -48,
2025-09-11T14:50:23:   syscall: 'listen',
2025-09-11T14:50:23:   address: '0.0.0.0',
2025-09-11T14:50:23:   port: 5001
2025-09-11T14:50:23: }
2025-09-11T14:50:27: Error: listen EADDRINUSE: address already in use 0.0.0.0:5001
2025-09-11T14:50:27:     at Server.setupListenHandle [as _listen2] (node:net:1817:16)
2025-09-11T14:50:27:     at listenInCluster (node:net:1865:12)
2025-09-11T14:50:27:     at doListen (node:net:2014:7)
2025-09-11T14:50:27:     at process.processTicksAndRejections (node:internal/process/task_queues:83:21) {
2025-09-11T14:50:27:   code: 'EADDRINUSE',
2025-09-11T14:50:27:   errno: -48,
2025-09-11T14:50:27:   syscall: 'listen',
2025-09-11T14:50:27:   address: '0.0.0.0',
2025-09-11T14:50:27:   port: 5001
2025-09-11T14:50:27: }
2025-09-11T14:50:31: Error: listen EADDRINUSE: address already in use 0.0.0.0:5001
2025-09-11T14:50:31:     at Server.setupListenHandle [as _listen2] (node:net:1817:16)
2025-09-11T14:50:31:     at listenInCluster (node:net:1865:12)
2025-09-11T14:50:31:     at doListen (node:net:2014:7)
2025-09-11T14:50:31:     at process.processTicksAndRejections (node:internal/process/task_queues:83:21) {
2025-09-11T14:50:31:   code: 'EADDRINUSE',
2025-09-11T14:50:31:   errno: -48,
2025-09-11T14:50:31:   syscall: 'listen',
2025-09-11T14:50:31:   address: '0.0.0.0',
2025-09-11T14:50:31:   port: 5001
2025-09-11T14:50:31: }
2025-09-11T14:50:35: Error: listen EADDRINUSE: address already in use 0.0.0.0:5001
2025-09-11T14:50:35:     at Server.setupListenHandle [as _listen2] (node:net:1817:16)
2025-09-11T14:50:35:     at listenInCluster (node:net:1865:12)
2025-09-11T14:50:35:     at doListen (node:net:2014:7)
2025-09-11T14:50:35:     at process.processTicksAndRejections (node:internal/process/task_queues:83:21) {
2025-09-11T14:50:35:   code: 'EADDRINUSE',
2025-09-11T14:50:35:   errno: -48,
2025-09-11T14:50:35:   syscall: 'listen',
2025-09-11T14:50:35:   address: '0.0.0.0',
2025-09-11T14:50:35:   port: 5001
2025-09-11T14:50:35: }
2025-09-11T14:50:40: Error: listen EADDRINUSE: address already in use 0.0.0.0:5001
2025-09-11T14:50:40:     at Server.setupListenHandle [as _listen2] (node:net:1817:16)
2025-09-11T14:50:40:     at listenInCluster (node:net:1865:12)
2025-09-11T14:50:40:     at doListen (node:net:2014:7)
2025-09-11T14:50:40:     at process.processTicksAndRejections (node:internal/process/task_queues:83:21) {
2025-09-11T14:50:40:   code: 'EADDRINUSE',
2025-09-11T14:50:40:   errno: -48,
2025-09-11T14:50:40:   syscall: 'listen',
2025-09-11T14:50:40:   address: '0.0.0.0',
2025-09-11T14:50:40:   port: 5001
2025-09-11T14:50:40: }
2025-09-11T14:50:44: Error: listen EADDRINUSE: address already in use 0.0.0.0:5001
2025-09-11T14:50:44:     at Server.setupListenHandle [as _listen2] (node:net:1817:16)
2025-09-11T14:50:44:     at listenInCluster (node:net:1865:12)
2025-09-11T14:50:44:     at doListen (node:net:2014:7)
2025-09-11T14:50:44:     at process.processTicksAndRejections (node:internal/process/task_queues:83:21) {
2025-09-11T14:50:44:   code: 'EADDRINUSE',
2025-09-11T14:50:44:   errno: -48,
2025-09-11T14:50:44:   syscall: 'listen',
2025-09-11T14:50:44:   address: '0.0.0.0',
2025-09-11T14:50:44:   port: 5001
2025-09-11T14:50:44: }
2025-09-11T14:50:48: Error: listen EADDRINUSE: address already in use 0.0.0.0:5001
2025-09-11T14:50:48:     at Server.setupListenHandle [as _listen2] (node:net:1817:16)
2025-09-11T14:50:48:     at listenInCluster (node:net:1865:12)
2025-09-11T14:50:48:     at doListen (node:net:2014:7)
2025-09-11T14:50:48:     at process.processTicksAndRejections (node:internal/process/task_queues:83:21) {
2025-09-11T14:50:48:   code: 'EADDRINUSE',
2025-09-11T14:50:48:   errno: -48,
2025-09-11T14:50:48:   syscall: 'listen',
2025-09-11T14:50:48:   address: '0.0.0.0',
2025-09-11T14:50:48:   port: 5001
2025-09-11T14:50:48: }
2025-09-11T14:50:52: Error: listen EADDRINUSE: address already in use 0.0.0.0:5001
2025-09-11T14:50:52:     at Server.setupListenHandle [as _listen2] (node:net:1817:16)
2025-09-11T14:50:52:     at listenInCluster (node:net:1865:12)
2025-09-11T14:50:52:     at doListen (node:net:2014:7)
2025-09-11T14:50:52:     at process.processTicksAndRejections (node:internal/process/task_queues:83:21) {
2025-09-11T14:50:52:   code: 'EADDRINUSE',
2025-09-11T14:50:52:   errno: -48,
2025-09-11T14:50:52:   syscall: 'listen',
2025-09-11T14:50:52:   address: '0.0.0.0',
2025-09-11T14:50:52:   port: 5001
2025-09-11T14:50:52: }
2025-09-11T19:36:33: Error: listen EADDRINUSE: address already in use 0.0.0.0:5001
2025-09-11T19:36:33:     at Server.setupListenHandle [as _listen2] (node:net:1817:16)
2025-09-11T19:36:33:     at listenInCluster (node:net:1865:12)
2025-09-11T19:36:33:     at doListen (node:net:2014:7)
2025-09-11T19:36:33:     at process.processTicksAndRejections (node:internal/process/task_queues:83:21) {
2025-09-11T19:36:33:   code: 'EADDRINUSE',
2025-09-11T19:36:33:   errno: -48,
2025-09-11T19:36:33:   syscall: 'listen',
2025-09-11T19:36:33:   address: '0.0.0.0',
2025-09-11T19:36:33:   port: 5001
2025-09-11T19:36:33: }
2025-09-11T19:36:38: Error: listen EADDRINUSE: address already in use 0.0.0.0:5001
2025-09-11T19:36:38:     at Server.setupListenHandle [as _listen2] (node:net:1817:16)
2025-09-11T19:36:38:     at listenInCluster (node:net:1865:12)
2025-09-11T19:36:38:     at doListen (node:net:2014:7)
2025-09-11T19:36:38:     at process.processTicksAndRejections (node:internal/process/task_queues:83:21) {
2025-09-11T19:36:38:   code: 'EADDRINUSE',
2025-09-11T19:36:38:   errno: -48,
2025-09-11T19:36:38:   syscall: 'listen',
2025-09-11T19:36:38:   address: '0.0.0.0',
2025-09-11T19:36:38:   port: 5001
2025-09-11T19:36:38: }
2025-09-11T19:36:42: Error: listen EADDRINUSE: address already in use 0.0.0.0:5001
2025-09-11T19:36:42:     at Server.setupListenHandle [as _listen2] (node:net:1817:16)
2025-09-11T19:36:42:     at listenInCluster (node:net:1865:12)
2025-09-11T19:36:42:     at doListen (node:net:2014:7)
2025-09-11T19:36:42:     at process.processTicksAndRejections (node:internal/process/task_queues:83:21) {
2025-09-11T19:36:42:   code: 'EADDRINUSE',
2025-09-11T19:36:42:   errno: -48,
2025-09-11T19:36:42:   syscall: 'listen',
2025-09-11T19:36:42:   address: '0.0.0.0',
2025-09-11T19:36:42:   port: 5001
2025-09-11T19:36:42: }
2025-09-11T19:36:46: Error: listen EADDRINUSE: address already in use 0.0.0.0:5001
2025-09-11T19:36:46:     at Server.setupListenHandle [as _listen2] (node:net:1817:16)
2025-09-11T19:36:46:     at listenInCluster (node:net:1865:12)
2025-09-11T19:36:46:     at doListen (node:net:2014:7)
2025-09-11T19:36:46:     at process.processTicksAndRejections (node:internal/process/task_queues:83:21) {
2025-09-11T19:36:46:   code: 'EADDRINUSE',
2025-09-11T19:36:46:   errno: -48,
2025-09-11T19:36:46:   syscall: 'listen',
2025-09-11T19:36:46:   address: '0.0.0.0',
2025-09-11T19:36:46:   port: 5001
2025-09-11T19:36:46: }
2025-09-11T19:36:50: Error: listen EADDRINUSE: address already in use 0.0.0.0:5001
2025-09-11T19:36:50:     at Server.setupListenHandle [as _listen2] (node:net:1817:16)
2025-09-11T19:36:50:     at listenInCluster (node:net:1865:12)
2025-09-11T19:36:50:     at doListen (node:net:2014:7)
2025-09-11T19:36:50:     at process.processTicksAndRejections (node:internal/process/task_queues:83:21) {
2025-09-11T19:36:50:   code: 'EADDRINUSE',
2025-09-11T19:36:50:   errno: -48,
2025-09-11T19:36:50:   syscall: 'listen',
2025-09-11T19:36:50:   address: '0.0.0.0',
2025-09-11T19:36:50:   port: 5001
2025-09-11T19:36:50: }
2025-09-11T19:36:55: Error: listen EADDRINUSE: address already in use 0.0.0.0:5001
2025-09-11T19:36:55:     at Server.setupListenHandle [as _listen2] (node:net:1817:16)
2025-09-11T19:36:55:     at listenInCluster (node:net:1865:12)
2025-09-11T19:36:55:     at doListen (node:net:2014:7)
2025-09-11T19:36:55:     at process.processTicksAndRejections (node:internal/process/task_queues:83:21) {
2025-09-11T19:36:55:   code: 'EADDRINUSE',
2025-09-11T19:36:55:   errno: -48,
2025-09-11T19:36:55:   syscall: 'listen',
2025-09-11T19:36:55:   address: '0.0.0.0',
2025-09-11T19:36:55:   port: 5001
2025-09-11T19:36:55: }
2025-09-11T19:36:59: Error: listen EADDRINUSE: address already in use 0.0.0.0:5001
2025-09-11T19:36:59:     at Server.setupListenHandle [as _listen2] (node:net:1817:16)
2025-09-11T19:36:59:     at listenInCluster (node:net:1865:12)
2025-09-11T19:36:59:     at doListen (node:net:2014:7)
2025-09-11T19:36:59:     at process.processTicksAndRejections (node:internal/process/task_queues:83:21) {
2025-09-11T19:36:59:   code: 'EADDRINUSE',
2025-09-11T19:36:59:   errno: -48,
2025-09-11T19:36:59:   syscall: 'listen',
2025-09-11T19:36:59:   address: '0.0.0.0',
2025-09-11T19:36:59:   port: 5001
2025-09-11T19:36:59: }
2025-09-11T19:37:03: Error: listen EADDRINUSE: address already in use 0.0.0.0:5001
2025-09-11T19:37:03:     at Server.setupListenHandle [as _listen2] (node:net:1817:16)
2025-09-11T19:37:03:     at listenInCluster (node:net:1865:12)
2025-09-11T19:37:03:     at doListen (node:net:2014:7)
2025-09-11T19:37:03:     at process.processTicksAndRejections (node:internal/process/task_queues:83:21) {
2025-09-11T19:37:03:   code: 'EADDRINUSE',
2025-09-11T19:37:03:   errno: -48,
2025-09-11T19:37:03:   syscall: 'listen',
2025-09-11T19:37:03:   address: '0.0.0.0',
2025-09-11T19:37:03:   port: 5001
2025-09-11T19:37:03: }
2025-09-11T19:37:07: Error: listen EADDRINUSE: address already in use 0.0.0.0:5001
2025-09-11T19:37:07:     at Server.setupListenHandle [as _listen2] (node:net:1817:16)
2025-09-11T19:37:07:     at listenInCluster (node:net:1865:12)
2025-09-11T19:37:07:     at doListen (node:net:2014:7)
2025-09-11T19:37:07:     at process.processTicksAndRejections (node:internal/process/task_queues:83:21) {
2025-09-11T19:37:07:   code: 'EADDRINUSE',
2025-09-11T19:37:07:   errno: -48,
2025-09-11T19:37:07:   syscall: 'listen',
2025-09-11T19:37:07:   address: '0.0.0.0',
2025-09-11T19:37:07:   port: 5001
2025-09-11T19:37:07: }
2025-09-11T19:37:12: Error: listen EADDRINUSE: address already in use 0.0.0.0:5001
2025-09-11T19:37:12:     at Server.setupListenHandle [as _listen2] (node:net:1817:16)
2025-09-11T19:37:12:     at listenInCluster (node:net:1865:12)
2025-09-11T19:37:12:     at doListen (node:net:2014:7)
2025-09-11T19:37:12:     at process.processTicksAndRejections (node:internal/process/task_queues:83:21) {
2025-09-11T19:37:12:   code: 'EADDRINUSE',
2025-09-11T19:37:12:   errno: -48,
2025-09-11T19:37:12:   syscall: 'listen',
2025-09-11T19:37:12:   address: '0.0.0.0',
2025-09-11T19:37:12:   port: 5001
2025-09-11T19:37:12: }
